solid sleepy_island
facet normal 0.103 -0.785 -0.611
outer loop
vertex 0 -5.25 0.225
vertex 0 -4.9 -0.225
vertex 1.359 -5.071 0.225
endloop
endfacet
facet normal 0.103 -0.785 -0.611
outer loop
vertex 0 -4.9 -0.225
vertex 1.268 -4.733 -0.225
vertex 1.359 -5.071 0.225
endloop
endfacet
facet normal 0.303 -0.732 -0.611
outer loop
vertex 1.359 -5.071 0.225
vertex 1.268 -4.733 -0.225
vertex 2.625 -4.547 0.225
endloop
endfacet
facet normal 0.303 -0.732 -0.611
outer loop
vertex 1.268 -4.733 -0.225
vertex 2.45 -4.244 -0.225
vertex 2.625 -4.547 0.225
endloop
endfacet
facet normal 0.482 -0.628 -0.611
outer loop
vertex 2.625 -4.547 0.225
vertex 2.45 -4.244 -0.225
vertex 3.712 -3.712 0.225
endloop
endfacet
facet normal 0.482 -0.628 -0.611
outer loop
vertex 2.45 -4.244 -0.225
vertex 3.465 -3.465 -0.225
vertex 3.712 -3.712 0.225
endloop
endfacet
facet normal 0.628 -0.482 -0.611
outer loop
vertex 3.712 -3.712 0.225
vertex 3.465 -3.465 -0.225
vertex 4.547 -2.625 0.225
endloop
endfacet
facet normal 0.628 -0.482 -0.611
outer loop
vertex 3.465 -3.465 -0.225
vertex 4.244 -2.45 -0.225
vertex 4.547 -2.625 0.225
endloop
endfacet
facet normal 0.732 -0.303 -0.611
outer loop
vertex 4.547 -2.625 0.225
vertex 4.244 -2.45 -0.225
vertex 5.071 -1.359 0.225
endloop
endfacet
facet normal 0.732 -0.303 -0.611
outer loop
vertex 4.244 -2.45 -0.225
vertex 4.733 -1.268 -0.225
vertex 5.071 -1.359 0.225
endloop
endfacet
facet normal 0.785 -0.103 -0.611
outer loop
vertex 5.071 -1.359 0.225
vertex 4.733 -1.268 -0.225
vertex 5.25 0 0.225
endloop
endfacet
facet normal 0.785 -0.103 -0.611
outer loop
vertex 4.733 -1.268 -0.225
vertex 4.9 0 -0.225
vertex 5.25 0 0.225
endloop
endfacet
facet normal 0.785 0.103 -0.611
outer loop
vertex 5.25 0 0.225
vertex 4.9 0 -0.225
vertex 5.071 1.359 0.225
endloop
endfacet
facet normal 0.785 0.103 -0.611
outer loop
vertex 4.9 0 -0.225
vertex 4.733 1.268 -0.225
vertex 5.071 1.359 0.225
endloop
endfacet
facet normal 0.732 0.303 -0.611
outer loop
vertex 5.071 1.359 0.225
vertex 4.733 1.268 -0.225
vertex 4.547 2.625 0.225
endloop
endfacet
facet normal 0.732 0.303 -0.611
outer loop
vertex 4.733 1.268 -0.225
vertex 4.244 2.45 -0.225
vertex 4.547 2.625 0.225
endloop
endfacet
facet normal 0.628 0.482 -0.611
outer loop
vertex 4.547 2.625 0.225
vertex 4.244 2.45 -0.225
vertex 3.712 3.712 0.225
endloop
endfacet
facet normal 0.628 0.482 -0.611
outer loop
vertex 4.244 2.45 -0.225
vertex 3.465 3.465 -0.225
vertex 3.712 3.712 0.225
endloop
endfacet
facet normal 0.482 0.628 -0.611
outer loop
vertex 3.712 3.712 0.225
vertex 3.465 3.465 -0.225
vertex 2.625 4.547 0.225
endloop
endfacet
facet normal 0.482 0.628 -0.611
outer loop
vertex 3.465 3.465 -0.225
vertex 2.45 4.244 -0.225
vertex 2.625 4.547 0.225
endloop
endfacet
facet normal 0.303 0.732 -0.611
outer loop
vertex 2.625 4.547 0.225
vertex 2.45 4.244 -0.225
vertex 1.359 5.071 0.225
endloop
endfacet
facet normal 0.303 0.732 -0.611
outer loop
vertex 2.45 4.244 -0.225
vertex 1.268 4.733 -0.225
vertex 1.359 5.071 0.225
endloop
endfacet
facet normal 0.103 0.785 -0.611
outer loop
vertex 1.359 5.071 0.225
vertex 1.268 4.733 -0.225
vertex 0 5.25 0.225
endloop
endfacet
facet normal 0.103 0.785 -0.611
outer loop
vertex 1.268 4.733 -0.225
vertex 0 4.9 -0.225
vertex 0 5.25 0.225
endloop
endfacet
facet normal -0.103 0.785 -0.611
outer loop
vertex 0 5.25 0.225
vertex 0 4.9 -0.225
vertex -1.359 5.071 0.225
endloop
endfacet
facet normal -0.103 0.785 -0.611
outer loop
vertex 0 4.9 -0.225
vertex -1.268 4.733 -0.225
vertex -1.359 5.071 0.225
endloop
endfacet
facet normal -0.303 0.732 -0.611
outer loop
vertex -1.359 5.071 0.225
vertex -1.268 4.733 -0.225
vertex -2.625 4.547 0.225
endloop
endfacet
facet normal -0.303 0.732 -0.611
outer loop
vertex -1.268 4.733 -0.225
vertex -2.45 4.244 -0.225
vertex -2.625 4.547 0.225
endloop
endfacet
facet normal -0.482 0.628 -0.611
outer loop
vertex -2.625 4.547 0.225
vertex -2.45 4.244 -0.225
vertex -3.712 3.712 0.225
endloop
endfacet
facet normal -0.482 0.628 -0.611
outer loop
vertex -2.45 4.244 -0.225
vertex -3.465 3.465 -0.225
vertex -3.712 3.712 0.225
endloop
endfacet
facet normal -0.628 0.482 -0.611
outer loop
vertex -3.712 3.712 0.225
vertex -3.465 3.465 -0.225
vertex -4.547 2.625 0.225
endloop
endfacet
facet normal -0.628 0.482 -0.611
outer loop
vertex -3.465 3.465 -0.225
vertex -4.244 2.45 -0.225
vertex -4.547 2.625 0.225
endloop
endfacet
facet normal -0.732 0.303 -0.611
outer loop
vertex -4.547 2.625 0.225
vertex -4.244 2.45 -0.225
vertex -5.071 1.359 0.225
endloop
endfacet
facet normal -0.732 0.303 -0.611
outer loop
vertex -4.244 2.45 -0.225
vertex -4.733 1.268 -0.225
vertex -5.071 1.359 0.225
endloop
endfacet
facet normal -0.785 0.103 -0.611
outer loop
vertex -5.071 1.359 0.225
vertex -4.733 1.268 -0.225
vertex -5.25 0 0.225
endloop
endfacet
facet normal -0.785 0.103 -0.611
outer loop
vertex -4.733 1.268 -0.225
vertex -4.9 0 -0.225
vertex -5.25 0 0.225
endloop
endfacet
facet normal -0.785 -0.103 -0.611
outer loop
vertex -5.25 0 0.225
vertex -4.9 0 -0.225
vertex -5.071 -1.359 0.225
endloop
endfacet
facet normal -0.785 -0.103 -0.611
outer loop
vertex -4.9 0 -0.225
vertex -4.733 -1.268 -0.225
vertex -5.071 -1.359 0.225
endloop
endfacet
facet normal -0.732 -0.303 -0.611
outer loop
vertex -5.071 -1.359 0.225
vertex -4.733 -1.268 -0.225
vertex -4.547 -2.625 0.225
endloop
endfacet
facet normal -0.732 -0.303 -0.611
outer loop
vertex -4.733 -1.268 -0.225
vertex -4.244 -2.45 -0.225
vertex -4.547 -2.625 0.225
endloop
endfacet
facet normal -0.628 -0.482 -0.611
outer loop
vertex -4.547 -2.625 0.225
vertex -4.244 -2.45 -0.225
vertex -3.712 -3.712 0.225
endloop
endfacet
facet normal -0.628 -0.482 -0.611
outer loop
vertex -4.244 -2.45 -0.225
vertex -3.465 -3.465 -0.225
vertex -3.712 -3.712 0.225
endloop
endfacet
facet normal -0.482 -0.628 -0.611
outer loop
vertex -3.712 -3.712 0.225
vertex -3.465 -3.465 -0.225
vertex -2.625 -4.547 0.225
endloop
endfacet
facet normal -0.482 -0.628 -0.611
outer loop
vertex -3.465 -3.465 -0.225
vertex -2.45 -4.244 -0.225
vertex -2.625 -4.547 0.225
endloop
endfacet
facet normal -0.303 -0.732 -0.611
outer loop
vertex -2.625 -4.547 0.225
vertex -2.45 -4.244 -0.225
vertex -1.359 -5.071 0.225
endloop
endfacet
facet normal -0.303 -0.732 -0.611
outer loop
vertex -2.45 -4.244 -0.225
vertex -1.268 -4.733 -0.225
vertex -1.359 -5.071 0.225
endloop
endfacet
facet normal -0.103 -0.785 -0.611
outer loop
vertex -1.359 -5.071 0.225
vertex -1.268 -4.733 -0.225
vertex 0 -5.25 0.225
endloop
endfacet
facet normal -0.103 -0.785 -0.611
outer loop
vertex -1.268 -4.733 -0.225
vertex 0 -4.9 -0.225
vertex 0 -5.25 0.225
endloop
endfacet
facet normal 0 0 1
outer loop
vertex 0 -5.25 0.225
vertex 1.359 -5.071 0.225
vertex 0 0 0.225
endloop
endfacet
facet normal 0 0 1
outer loop
vertex 1.359 -5.071 0.225
vertex 2.625 -4.547 0.225
vertex 0 0 0.225
endloop
endfacet
facet normal 0 0 1
outer loop
vertex 2.625 -4.547 0.225
vertex 3.712 -3.712 0.225
vertex 0 0 0.225
endloop
endfacet
facet normal 0 0 1
outer loop
vertex 3.712 -3.712 0.225
vertex 4.547 -2.625 0.225
vertex 0 0 0.225
endloop
endfacet
facet normal 0 0 1
outer loop
vertex 4.547 -2.625 0.225
vertex 5.071 -1.359 0.225
vertex 0 0 0.225
endloop
endfacet
facet normal 0 0 1
outer loop
vertex 5.071 -1.359 0.225
vertex 5.25 0 0.225
vertex 0 0 0.225
endloop
endfacet
facet normal 0 0 1
outer loop
vertex 5.25 0 0.225
vertex 5.071 1.359 0.225
vertex 0 0 0.225
endloop
endfacet
facet normal 0 0 1
outer loop
vertex 5.071 1.359 0.225
vertex 4.547 2.625 0.225
vertex 0 0 0.225
endloop
endfacet
facet normal 0 0 1
outer loop
vertex 4.547 2.625 0.225
vertex 3.712 3.712 0.225
vertex 0 0 0.225
endloop
endfacet
facet normal 0 0 1
outer loop
vertex 3.712 3.712 0.225
vertex 2.625 4.547 0.225
vertex 0 0 0.225
endloop
endfacet
facet normal 0 0 1
outer loop
vertex 2.625 4.547 0.225
vertex 1.359 5.071 0.225
vertex 0 0 0.225
endloop
endfacet
facet normal 0 0 1
outer loop
vertex 1.359 5.071 0.225
vertex 0 5.25 0.225
vertex 0 0 0.225
endloop
endfacet
facet normal 0 0 1
outer loop
vertex 0 5.25 0.225
vertex -1.359 5.071 0.225
vertex 0 0 0.225
endloop
endfacet
facet normal 0 0 1
outer loop
vertex -1.359 5.071 0.225
vertex -2.625 4.547 0.225
vertex 0 0 0.225
endloop
endfacet
facet normal 0 0 1
outer loop
vertex -2.625 4.547 0.225
vertex -3.712 3.712 0.225
vertex 0 0 0.225
endloop
endfacet
facet normal 0 0 1
outer loop
vertex -3.712 3.712 0.225
vertex -4.547 2.625 0.225
vertex 0 0 0.225
endloop
endfacet
facet normal 0 0 1
outer loop
vertex -4.547 2.625 0.225
vertex -5.071 1.359 0.225
vertex 0 0 0.225
endloop
endfacet
facet normal 0 0 1
outer loop
vertex -5.071 1.359 0.225
vertex -5.25 0 0.225
vertex 0 0 0.225
endloop
endfacet
facet normal 0 0 1
outer loop
vertex -5.25 0 0.225
vertex -5.071 -1.359 0.225
vertex 0 0 0.225
endloop
endfacet
facet normal 0 0 1
outer loop
vertex -5.071 -1.359 0.225
vertex -4.547 -2.625 0.225
vertex 0 0 0.225
endloop
endfacet
facet normal 0 0 1
outer loop
vertex -4.547 -2.625 0.225
vertex -3.712 -3.712 0.225
vertex 0 0 0.225
endloop
endfacet
facet normal 0 0 1
outer loop
vertex -3.712 -3.712 0.225
vertex -2.625 -4.547 0.225
vertex 0 0 0.225
endloop
endfacet
facet normal 0 0 1
outer loop
vertex -2.625 -4.547 0.225
vertex -1.359 -5.071 0.225
vertex 0 0 0.225
endloop
endfacet
facet normal 0 0 1
outer loop
vertex -1.359 -5.071 0.225
vertex 0 -5.25 0.225
vertex 0 0 0.225
endloop
endfacet
facet normal 0 0 -1
outer loop
vertex 1.268 -4.733 -0.225
vertex 0 -4.9 -0.225
vertex 0 0 -0.225
endloop
endfacet
facet normal 0 0 -1
outer loop
vertex 2.45 -4.244 -0.225
vertex 1.268 -4.733 -0.225
vertex 0 0 -0.225
endloop
endfacet
facet normal 0 0 -1
outer loop
vertex 3.465 -3.465 -0.225
vertex 2.45 -4.244 -0.225
vertex 0 0 -0.225
endloop
endfacet
facet normal 0 0 -1
outer loop
vertex 4.244 -2.45 -0.225
vertex 3.465 -3.465 -0.225
vertex 0 0 -0.225
endloop
endfacet
facet normal 0 0 -1
outer loop
vertex 4.733 -1.268 -0.225
vertex 4.244 -2.45 -0.225
vertex 0 0 -0.225
endloop
endfacet
facet normal 0 0 -1
outer loop
vertex 4.9 0 -0.225
vertex 4.733 -1.268 -0.225
vertex 0 0 -0.225
endloop
endfacet
facet normal 0 0 -1
outer loop
vertex 4.733 1.268 -0.225
vertex 4.9 0 -0.225
vertex 0 0 -0.225
endloop
endfacet
facet normal 0 0 -1
outer loop
vertex 4.244 2.45 -0.225
vertex 4.733 1.268 -0.225
vertex 0 0 -0.225
endloop
endfacet
facet normal 0 0 -1
outer loop
vertex 3.465 3.465 -0.225
vertex 4.244 2.45 -0.225
vertex 0 0 -0.225
endloop
endfacet
facet normal 0 0 -1
outer loop
vertex 2.45 4.244 -0.225
vertex 3.465 3.465 -0.225
vertex 0 0 -0.225
endloop
endfacet
facet normal 0 0 -1
outer loop
vertex 1.268 4.733 -0.225
vertex 2.45 4.244 -0.225
vertex 0 0 -0.225
endloop
endfacet
facet normal 0 0 -1
outer loop
vertex 0 4.9 -0.225
vertex 1.268 4.733 -0.225
vertex 0 0 -0.225
endloop
endfacet
facet normal 0 0 -1
outer loop
vertex -1.268 4.733 -0.225
vertex 0 4.9 -0.225
vertex 0 0 -0.225
endloop
endfacet
facet normal 0 0 -1
outer loop
vertex -2.45 4.244 -0.225
vertex -1.268 4.733 -0.225
vertex 0 0 -0.225
endloop
endfacet
facet normal 0 0 -1
outer loop
vertex -3.465 3.465 -0.225
vertex -2.45 4.244 -0.225
vertex 0 0 -0.225
endloop
endfacet
facet normal 0 0 -1
outer loop
vertex -4.244 2.45 -0.225
vertex -3.465 3.465 -0.225
vertex 0 0 -0.225
endloop
endfacet
facet normal 0 0 -1
outer loop
vertex -4.733 1.268 -0.225
vertex -4.244 2.45 -0.225
vertex 0 0 -0.225
endloop
endfacet
facet normal 0 0 -1
outer loop
vertex -4.9 0 -0.225
vertex -4.733 1.268 -0.225
vertex 0 0 -0.225
endloop
endfacet
facet normal 0 0 -1
outer loop
vertex -4.733 -1.268 -0.225
vertex -4.9 0 -0.225
vertex 0 0 -0.225
endloop
endfacet
facet normal 0 0 -1
outer loop
vertex -4.244 -2.45 -0.225
vertex -4.733 -1.268 -0.225
vertex 0 0 -0.225
endloop
endfacet
facet normal 0 0 -1
outer loop
vertex -3.465 -3.465 -0.225
vertex -4.244 -2.45 -0.225
vertex 0 0 -0.225
endloop
endfacet
facet normal 0 0 -1
outer loop
vertex -2.45 -4.244 -0.225
vertex -3.465 -3.465 -0.225
vertex 0 0 -0.225
endloop
endfacet
facet normal 0 0 -1
outer loop
vertex -1.268 -4.733 -0.225
vertex -2.45 -4.244 -0.225
vertex 0 0 -0.225
endloop
endfacet
facet normal 0 0 -1
outer loop
vertex 0 -4.9 -0.225
vertex -1.268 -4.733 -0.225
vertex 0 0 -0.225
endloop
endfacet
facet normal 0.37 -0.64 -0.674
outer loop
vertex 0 -4.9 -0.175
vertex 0 -3.9 -1.125
vertex 4.244 -2.45 -0.175
endloop
endfacet
facet normal 0.37 -0.64 -0.674
outer loop
vertex 0 -3.9 -1.125
vertex 3.377 -1.95 -1.125
vertex 4.244 -2.45 -0.175
endloop
endfacet
facet normal 0.739 0 -0.674
outer loop
vertex 4.244 -2.45 -0.175
vertex 3.377 -1.95 -1.125
vertex 4.244 2.45 -0.175
endloop
endfacet
facet normal 0.739 0 -0.674
outer loop
vertex 3.377 -1.95 -1.125
vertex 3.377 1.95 -1.125
vertex 4.244 2.45 -0.175
endloop
endfacet
facet normal 0.37 0.64 -0.674
outer loop
vertex 4.244 2.45 -0.175
vertex 3.377 1.95 -1.125
vertex 0 4.9 -0.175
endloop
endfacet
facet normal 0.37 0.64 -0.674
outer loop
vertex 3.377 1.95 -1.125
vertex 0 3.9 -1.125
vertex 0 4.9 -0.175
endloop
endfacet
facet normal -0.37 0.64 -0.674
outer loop
vertex 0 4.9 -0.175
vertex 0 3.9 -1.125
vertex -4.244 2.45 -0.175
endloop
endfacet
facet normal -0.37 0.64 -0.674
outer loop
vertex 0 3.9 -1.125
vertex -3.377 1.95 -1.125
vertex -4.244 2.45 -0.175
endloop
endfacet
facet normal -0.739 0 -0.674
outer loop
vertex -4.244 2.45 -0.175
vertex -3.377 1.95 -1.125
vertex -4.244 -2.45 -0.175
endloop
endfacet
facet normal -0.739 0 -0.674
outer loop
vertex -3.377 1.95 -1.125
vertex -3.377 -1.95 -1.125
vertex -4.244 -2.45 -0.175
endloop
endfacet
facet normal -0.37 -0.64 -0.674
outer loop
vertex -4.244 -2.45 -0.175
vertex -3.377 -1.95 -1.125
vertex 0 -4.9 -0.175
endloop
endfacet
facet normal -0.37 -0.64 -0.674
outer loop
vertex -3.377 -1.95 -1.125
vertex 0 -3.9 -1.125
vertex 0 -4.9 -0.175
endloop
endfacet
facet normal 0 0 1
outer loop
vertex 0 -4.9 -0.175
vertex 4.244 -2.45 -0.175
vertex 0 0 -0.175
endloop
endfacet
facet normal 0 0 1
outer loop
vertex 4.244 -2.45 -0.175
vertex 4.244 2.45 -0.175
vertex 0 0 -0.175
endloop
endfacet
facet normal 0 0 1
outer loop
vertex 4.244 2.45 -0.175
vertex 0 4.9 -0.175
vertex 0 0 -0.175
endloop
endfacet
facet normal 0 0 1
outer loop
vertex 0 4.9 -0.175
vertex -4.244 2.45 -0.175
vertex 0 0 -0.175
endloop
endfacet
facet normal 0 0 1
outer loop
vertex -4.244 2.45 -0.175
vertex -4.244 -2.45 -0.175
vertex 0 0 -0.175
endloop
endfacet
facet normal 0 0 1
outer loop
vertex -4.244 -2.45 -0.175
vertex 0 -4.9 -0.175
vertex 0 0 -0.175
endloop
endfacet
facet normal 0 0 -1
outer loop
vertex 3.377 -1.95 -1.125
vertex 0 -3.9 -1.125
vertex 0 0 -1.125
endloop
endfacet
facet normal 0 0 -1
outer loop
vertex 3.377 1.95 -1.125
vertex 3.377 -1.95 -1.125
vertex 0 0 -1.125
endloop
endfacet
facet normal 0 0 -1
outer loop
vertex 0 3.9 -1.125
vertex 3.377 1.95 -1.125
vertex 0 0 -1.125
endloop
endfacet
facet normal 0 0 -1
outer loop
vertex -3.377 1.95 -1.125
vertex 0 3.9 -1.125
vertex 0 0 -1.125
endloop
endfacet
facet normal 0 0 -1
outer loop
vertex -3.377 -1.95 -1.125
vertex -3.377 1.95 -1.125
vertex 0 0 -1.125
endloop
endfacet
facet normal 0 0 -1
outer loop
vertex 0 -3.9 -1.125
vertex -3.377 -1.95 -1.125
vertex 0 0 -1.125
endloop
endfacet
facet normal 0.303 -0.524 -0.796
outer loop
vertex 0 -3.9 -1.075
vertex 0 -1.7 -2.525
vertex 3.377 -1.95 -1.075
endloop
endfacet
facet normal 0.303 -0.524 -0.796
outer loop
vertex 0 -1.7 -2.525
vertex 1.472 -0.85 -2.525
vertex 3.377 -1.95 -1.075
endloop
endfacet
facet normal 0.606 0 -0.796
outer loop
vertex 3.377 -1.95 -1.075
vertex 1.472 -0.85 -2.525
vertex 3.377 1.95 -1.075
endloop
endfacet
facet normal 0.606 0 -0.796
outer loop
vertex 1.472 -0.85 -2.525
vertex 1.472 0.85 -2.525
vertex 3.377 1.95 -1.075
endloop
endfacet
facet normal 0.303 0.524 -0.796
outer loop
vertex 3.377 1.95 -1.075
vertex 1.472 0.85 -2.525
vertex 0 3.9 -1.075
endloop
endfacet
facet normal 0.303 0.524 -0.796
outer loop
vertex 1.472 0.85 -2.525
vertex 0 1.7 -2.525
vertex 0 3.9 -1.075
endloop
endfacet
facet normal -0.303 0.524 -0.796
outer loop
vertex 0 3.9 -1.075
vertex 0 1.7 -2.525
vertex -3.377 1.95 -1.075
endloop
endfacet
facet normal -0.303 0.524 -0.796
outer loop
vertex 0 1.7 -2.525
vertex -1.472 0.85 -2.525
vertex -3.377 1.95 -1.075
endloop
endfacet
facet normal -0.606 0 -0.796
outer loop
vertex -3.377 1.95 -1.075
vertex -1.472 0.85 -2.525
vertex -3.377 -1.95 -1.075
endloop
endfacet
facet normal -0.606 0 -0.796
outer loop
vertex -1.472 0.85 -2.525
vertex -1.472 -0.85 -2.525
vertex -3.377 -1.95 -1.075
endloop
endfacet
facet normal -0.303 -0.524 -0.796
outer loop
vertex -3.377 -1.95 -1.075
vertex -1.472 -0.85 -2.525
vertex 0 -3.9 -1.075
endloop
endfacet
facet normal -0.303 -0.524 -0.796
outer loop
vertex -1.472 -0.85 -2.525
vertex 0 -1.7 -2.525
vertex 0 -3.9 -1.075
endloop
endfacet
facet normal 0 0 1
outer loop
vertex 0 -3.9 -1.075
vertex 3.377 -1.95 -1.075
vertex 0 0 -1.075
endloop
endfacet
facet normal 0 0 1
outer loop
vertex 3.377 -1.95 -1.075
vertex 3.377 1.95 -1.075
vertex 0 0 -1.075
endloop
endfacet
facet normal 0 0 1
outer loop
vertex 3.377 1.95 -1.075
vertex 0 3.9 -1.075
vertex 0 0 -1.075
endloop
endfacet
facet normal 0 0 1
outer loop
vertex 0 3.9 -1.075
vertex -3.377 1.95 -1.075
vertex 0 0 -1.075
endloop
endfacet
facet normal 0 0 1
outer loop
vertex -3.377 1.95 -1.075
vertex -3.377 -1.95 -1.075
vertex 0 0 -1.075
endloop
endfacet
facet normal 0 0 1
outer loop
vertex -3.377 -1.95 -1.075
vertex 0 -3.9 -1.075
vertex 0 0 -1.075
endloop
endfacet
facet normal 0 0 -1
outer loop
vertex 1.472 -0.85 -2.525
vertex 0 -1.7 -2.525
vertex 0 0 -2.525
endloop
endfacet
facet normal 0 0 -1
outer loop
vertex 1.472 0.85 -2.525
vertex 1.472 -0.85 -2.525
vertex 0 0 -2.525
endloop
endfacet
facet normal 0 0 -1
outer loop
vertex 0 1.7 -2.525
vertex 1.472 0.85 -2.525
vertex 0 0 -2.525
endloop
endfacet
facet normal 0 0 -1
outer loop
vertex -1.472 0.85 -2.525
vertex 0 1.7 -2.525
vertex 0 0 -2.525
endloop
endfacet
facet normal 0 0 -1
outer loop
vertex -1.472 -0.85 -2.525
vertex -1.472 0.85 -2.525
vertex 0 0 -2.525
endloop
endfacet
facet normal 0 0 -1
outer loop
vertex 0 -1.7 -2.525
vertex -1.472 -0.85 -2.525
vertex 0 0 -2.525
endloop
endfacet
facet normal 0.337 -0.584 -0.738
outer loop
vertex 0 -1.7 -2.475
vertex 0 -0.12 -3.725
vertex 1.472 -0.85 -2.475
endloop
endfacet
facet normal 0.337 -0.584 -0.738
outer loop
vertex 0 -0.12 -3.725
vertex 0.104 -0.06 -3.725
vertex 1.472 -0.85 -2.475
endloop
endfacet
facet normal 0.674 0 -0.738
outer loop
vertex 1.472 -0.85 -2.475
vertex 0.104 -0.06 -3.725
vertex 1.472 0.85 -2.475
endloop
endfacet
facet normal 0.674 0 -0.738
outer loop
vertex 0.104 -0.06 -3.725
vertex 0.104 0.06 -3.725
vertex 1.472 0.85 -2.475
endloop
endfacet
facet normal 0.337 0.584 -0.738
outer loop
vertex 1.472 0.85 -2.475
vertex 0.104 0.06 -3.725
vertex 0 1.7 -2.475
endloop
endfacet
facet normal 0.337 0.584 -0.738
outer loop
vertex 0.104 0.06 -3.725
vertex 0 0.12 -3.725
vertex 0 1.7 -2.475
endloop
endfacet
facet normal -0.337 0.584 -0.738
outer loop
vertex 0 1.7 -2.475
vertex 0 0.12 -3.725
vertex -1.472 0.85 -2.475
endloop
endfacet
facet normal -0.337 0.584 -0.738
outer loop
vertex 0 0.12 -3.725
vertex -0.104 0.06 -3.725
vertex -1.472 0.85 -2.475
endloop
endfacet
facet normal -0.674 0 -0.738
outer loop
vertex -1.472 0.85 -2.475
vertex -0.104 0.06 -3.725
vertex -1.472 -0.85 -2.475
endloop
endfacet
facet normal -0.674 0 -0.738
outer loop
vertex -0.104 0.06 -3.725
vertex -0.104 -0.06 -3.725
vertex -1.472 -0.85 -2.475
endloop
endfacet
facet normal -0.337 -0.584 -0.738
outer loop
vertex -1.472 -0.85 -2.475
vertex -0.104 -0.06 -3.725
vertex 0 -1.7 -2.475
endloop
endfacet
facet normal -0.337 -0.584 -0.738
outer loop
vertex -0.104 -0.06 -3.725
vertex 0 -0.12 -3.725
vertex 0 -1.7 -2.475
endloop
endfacet
facet normal 0 0 1
outer loop
vertex 0 -1.7 -2.475
vertex 1.472 -0.85 -2.475
vertex 0 0 -2.475
endloop
endfacet
facet normal 0 0 1
outer loop
vertex 1.472 -0.85 -2.475
vertex 1.472 0.85 -2.475
vertex 0 0 -2.475
endloop
endfacet
facet normal 0 0 1
outer loop
vertex 1.472 0.85 -2.475
vertex 0 1.7 -2.475
vertex 0 0 -2.475
endloop
endfacet
facet normal 0 0 1
outer loop
vertex 0 1.7 -2.475
vertex -1.472 0.85 -2.475
vertex 0 0 -2.475
endloop
endfacet
facet normal 0 0 1
outer loop
vertex -1.472 0.85 -2.475
vertex -1.472 -0.85 -2.475
vertex 0 0 -2.475
endloop
endfacet
facet normal 0 0 1
outer loop
vertex -1.472 -0.85 -2.475
vertex 0 -1.7 -2.475
vertex 0 0 -2.475
endloop
endfacet
facet normal 0 0 -1
outer loop
vertex 0.104 -0.06 -3.725
vertex 0 -0.12 -3.725
vertex 0 0 -3.725
endloop
endfacet
facet normal 0 0 -1
outer loop
vertex 0.104 0.06 -3.725
vertex 0.104 -0.06 -3.725
vertex 0 0 -3.725
endloop
endfacet
facet normal 0 0 -1
outer loop
vertex 0 0.12 -3.725
vertex 0.104 0.06 -3.725
vertex 0 0 -3.725
endloop
endfacet
facet normal 0 0 -1
outer loop
vertex -0.104 0.06 -3.725
vertex 0 0.12 -3.725
vertex 0 0 -3.725
endloop
endfacet
facet normal 0 0 -1
outer loop
vertex -0.104 -0.06 -3.725
vertex -0.104 0.06 -3.725
vertex 0 0 -3.725
endloop
endfacet
facet normal 0 0 -1
outer loop
vertex 0 -0.12 -3.725
vertex -0.104 -0.06 -3.725
vertex 0 0 -3.725
endloop
endfacet
facet normal -0.577 -0.577 0.577
outer loop
vertex 4.572 -0.079 -1.6
vertex 4.7 -0.128 -1.521
vertex 4.621 0 -1.472
endloop
endfacet
facet normal 0 -0.357 0.934
outer loop
vertex 4.7 -0.128 -1.521
vertex 4.779 0 -1.472
vertex 4.621 0 -1.472
endloop
endfacet
facet normal 0 0.357 0.934
outer loop
vertex 4.779 0 -1.472
vertex 4.7 0.128 -1.521
vertex 4.621 0 -1.472
endloop
endfacet
facet normal -0.577 0.577 0.577
outer loop
vertex 4.7 0.128 -1.521
vertex 4.572 0.079 -1.6
vertex 4.621 0 -1.472
endloop
endfacet
facet normal -0.934 0 0.357
outer loop
vertex 4.572 0.079 -1.6
vertex 4.572 -0.079 -1.6
vertex 4.621 0 -1.472
endloop
endfacet
facet normal 0.577 -0.577 0.577
outer loop
vertex 4.7 -0.128 -1.521
vertex 4.828 -0.079 -1.6
vertex 4.779 0 -1.472
endloop
endfacet
facet normal -0.357 -0.934 0
outer loop
vertex 4.572 -0.079 -1.6
vertex 4.7 -0.128 -1.679
vertex 4.7 -0.128 -1.521
endloop
endfacet
facet normal -0.934 0 -0.357
outer loop
vertex 4.572 0.079 -1.6
vertex 4.621 0 -1.728
vertex 4.572 -0.079 -1.6
endloop
endfacet
facet normal -0.357 0.934 0
outer loop
vertex 4.7 0.128 -1.521
vertex 4.7 0.128 -1.679
vertex 4.572 0.079 -1.6
endloop
endfacet
facet normal 0.577 0.577 0.577
outer loop
vertex 4.779 0 -1.472
vertex 4.828 0.079 -1.6
vertex 4.7 0.128 -1.521
endloop
endfacet
facet normal 0.577 -0.577 -0.577
outer loop
vertex 4.828 -0.079 -1.6
vertex 4.7 -0.128 -1.679
vertex 4.779 0 -1.728
endloop
endfacet
facet normal 0 -0.357 -0.934
outer loop
vertex 4.7 -0.128 -1.679
vertex 4.621 0 -1.728
vertex 4.779 0 -1.728
endloop
endfacet
facet normal 0 0.357 -0.934
outer loop
vertex 4.621 0 -1.728
vertex 4.7 0.128 -1.679
vertex 4.779 0 -1.728
endloop
endfacet
facet normal 0.577 0.577 -0.577
outer loop
vertex 4.7 0.128 -1.679
vertex 4.828 0.079 -1.6
vertex 4.779 0 -1.728
endloop
endfacet
facet normal 0.934 0 -0.357
outer loop
vertex 4.828 0.079 -1.6
vertex 4.828 -0.079 -1.6
vertex 4.779 0 -1.728
endloop
endfacet
facet normal 0.357 -0.934 0
outer loop
vertex 4.828 -0.079 -1.6
vertex 4.7 -0.128 -1.521
vertex 4.7 -0.128 -1.679
endloop
endfacet
facet normal -0.577 -0.577 -0.577
outer loop
vertex 4.7 -0.128 -1.679
vertex 4.572 -0.079 -1.6
vertex 4.621 0 -1.728
endloop
endfacet
facet normal -0.577 0.577 -0.577
outer loop
vertex 4.621 0 -1.728
vertex 4.572 0.079 -1.6
vertex 4.7 0.128 -1.679
endloop
endfacet
facet normal 0.357 0.934 0
outer loop
vertex 4.7 0.128 -1.679
vertex 4.7 0.128 -1.521
vertex 4.828 0.079 -1.6
endloop
endfacet
facet normal 0.934 0 0.357
outer loop
vertex 4.828 0.079 -1.6
vertex 4.779 0 -1.472
vertex 4.828 -0.079 -1.6
endloop
endfacet
facet normal -0.577 -0.577 0.577
outer loop
vertex -3.751 -3.373 -2.2
vertex -3.539 -3.454 -2.069
vertex -3.67 -3.241 -1.987
endloop
endfacet
facet normal 0 -0.357 0.934
outer loop
vertex -3.539 -3.454 -2.069
vertex -3.407 -3.241 -1.987
vertex -3.67 -3.241 -1.987
endloop
endfacet
facet normal 0 0.357 0.934
outer loop
vertex -3.407 -3.241 -1.987
vertex -3.539 -3.029 -2.069
vertex -3.67 -3.241 -1.987
endloop
endfacet
facet normal -0.577 0.577 0.577
outer loop
vertex -3.539 -3.029 -2.069
vertex -3.751 -3.11 -2.2
vertex -3.67 -3.241 -1.987
endloop
endfacet
facet normal -0.934 0 0.357
outer loop
vertex -3.751 -3.11 -2.2
vertex -3.751 -3.373 -2.2
vertex -3.67 -3.241 -1.987
endloop
endfacet
facet normal 0.577 -0.577 0.577
outer loop
vertex -3.539 -3.454 -2.069
vertex -3.326 -3.373 -2.2
vertex -3.407 -3.241 -1.987
endloop
endfacet
facet normal -0.357 -0.934 0
outer loop
vertex -3.751 -3.373 -2.2
vertex -3.539 -3.454 -2.331
vertex -3.539 -3.454 -2.069
endloop
endfacet
facet normal -0.934 0 -0.357
outer loop
vertex -3.751 -3.11 -2.2
vertex -3.67 -3.241 -2.413
vertex -3.751 -3.373 -2.2
endloop
endfacet
facet normal -0.357 0.934 0
outer loop
vertex -3.539 -3.029 -2.069
vertex -3.539 -3.029 -2.331
vertex -3.751 -3.11 -2.2
endloop
endfacet
facet normal 0.577 0.577 0.577
outer loop
vertex -3.407 -3.241 -1.987
vertex -3.326 -3.11 -2.2
vertex -3.539 -3.029 -2.069
endloop
endfacet
facet normal 0.577 -0.577 -0.577
outer loop
vertex -3.326 -3.373 -2.2
vertex -3.539 -3.454 -2.331
vertex -3.407 -3.241 -2.413
endloop
endfacet
facet normal 0 -0.357 -0.934
outer loop
vertex -3.539 -3.454 -2.331
vertex -3.67 -3.241 -2.413
vertex -3.407 -3.241 -2.413
endloop
endfacet
facet normal 0 0.357 -0.934
outer loop
vertex -3.67 -3.241 -2.413
vertex -3.539 -3.029 -2.331
vertex -3.407 -3.241 -2.413
endloop
endfacet
facet normal 0.577 0.577 -0.577
outer loop
vertex -3.539 -3.029 -2.331
vertex -3.326 -3.11 -2.2
vertex -3.407 -3.241 -2.413
endloop
endfacet
facet normal 0.934 0 -0.357
outer loop
vertex -3.326 -3.11 -2.2
vertex -3.326 -3.373 -2.2
vertex -3.407 -3.241 -2.413
endloop
endfacet
facet normal 0.357 -0.934 0
outer loop
vertex -3.326 -3.373 -2.2
vertex -3.539 -3.454 -2.069
vertex -3.539 -3.454 -2.331
endloop
endfacet
facet normal -0.577 -0.577 -0.577
outer loop
vertex -3.539 -3.454 -2.331
vertex -3.751 -3.373 -2.2
vertex -3.67 -3.241 -2.413
endloop
endfacet
facet normal -0.577 0.577 -0.577
outer loop
vertex -3.67 -3.241 -2.413
vertex -3.751 -3.11 -2.2
vertex -3.539 -3.029 -2.331
endloop
endfacet
facet normal 0.357 0.934 0
outer loop
vertex -3.539 -3.029 -2.331
vertex -3.539 -3.029 -2.069
vertex -3.326 -3.11 -2.2
endloop
endfacet
facet normal 0.934 0 0.357
outer loop
vertex -3.326 -3.11 -2.2
vertex -3.407 -3.241 -1.987
vertex -3.326 -3.373 -2.2
endloop
endfacet
facet normal -0.577 -0.577 0.577
outer loop
vertex 0.096 4.303 -2.8
vertex 0.394 4.189 -2.616
vertex 0.21 4.487 -2.502
endloop
endfacet
facet normal 0 -0.357 0.934
outer loop
vertex 0.394 4.189 -2.616
vertex 0.578 4.487 -2.502
vertex 0.21 4.487 -2.502
endloop
endfacet
facet normal 0 0.357 0.934
outer loop
vertex 0.578 4.487 -2.502
vertex 0.394 4.785 -2.616
vertex 0.21 4.487 -2.502
endloop
endfacet
facet normal -0.577 0.577 0.577
outer loop
vertex 0.394 4.785 -2.616
vertex 0.096 4.671 -2.8
vertex 0.21 4.487 -2.502
endloop
endfacet
facet normal -0.934 0 0.357
outer loop
vertex 0.096 4.671 -2.8
vertex 0.096 4.303 -2.8
vertex 0.21 4.487 -2.502
endloop
endfacet
facet normal 0.577 -0.577 0.577
outer loop
vertex 0.394 4.189 -2.616
vertex 0.692 4.303 -2.8
vertex 0.578 4.487 -2.502
endloop
endfacet
facet normal -0.357 -0.934 0
outer loop
vertex 0.096 4.303 -2.8
vertex 0.394 4.189 -2.984
vertex 0.394 4.189 -2.616
endloop
endfacet
facet normal -0.934 0 -0.357
outer loop
vertex 0.096 4.671 -2.8
vertex 0.21 4.487 -3.098
vertex 0.096 4.303 -2.8
endloop
endfacet
facet normal -0.357 0.934 0
outer loop
vertex 0.394 4.785 -2.616
vertex 0.394 4.785 -2.984
vertex 0.096 4.671 -2.8
endloop
endfacet
facet normal 0.577 0.577 0.577
outer loop
vertex 0.578 4.487 -2.502
vertex 0.692 4.671 -2.8
vertex 0.394 4.785 -2.616
endloop
endfacet
facet normal 0.577 -0.577 -0.577
outer loop
vertex 0.692 4.303 -2.8
vertex 0.394 4.189 -2.984
vertex 0.578 4.487 -3.098
endloop
endfacet
facet normal 0 -0.357 -0.934
outer loop
vertex 0.394 4.189 -2.984
vertex 0.21 4.487 -3.098
vertex 0.578 4.487 -3.098
endloop
endfacet
facet normal 0 0.357 -0.934
outer loop
vertex 0.21 4.487 -3.098
vertex 0.394 4.785 -2.984
vertex 0.578 4.487 -3.098
endloop
endfacet
facet normal 0.577 0.577 -0.577
outer loop
vertex 0.394 4.785 -2.984
vertex 0.692 4.671 -2.8
vertex 0.578 4.487 -3.098
endloop
endfacet
facet normal 0.934 0 -0.357
outer loop
vertex 0.692 4.671 -2.8
vertex 0.692 4.303 -2.8
vertex 0.578 4.487 -3.098
endloop
endfacet
facet normal 0.357 -0.934 0
outer loop
vertex 0.692 4.303 -2.8
vertex 0.394 4.189 -2.616
vertex 0.394 4.189 -2.984
endloop
endfacet
facet normal -0.577 -0.577 -0.577
outer loop
vertex 0.394 4.189 -2.984
vertex 0.096 4.303 -2.8
vertex 0.21 4.487 -3.098
endloop
endfacet
facet normal -0.577 0.577 -0.577
outer loop
vertex 0.21 4.487 -3.098
vertex 0.096 4.671 -2.8
vertex 0.394 4.785 -2.984
endloop
endfacet
facet normal 0.357 0.934 0
outer loop
vertex 0.394 4.785 -2.984
vertex 0.394 4.785 -2.616
vertex 0.692 4.671 -2.8
endloop
endfacet
facet normal 0.934 0 0.357
outer loop
vertex 0.692 4.671 -2.8
vertex 0.578 4.487 -2.502
vertex 0.692 4.303 -2.8
endloop
endfacet
facet normal -0.577 -0.577 0.577
outer loop
vertex 2.907 -4.038 -3.4
vertex 3.035 -4.087 -3.321
vertex 2.956 -3.959 -3.272
endloop
endfacet
facet normal 0 -0.357 0.934
outer loop
vertex 3.035 -4.087 -3.321
vertex 3.114 -3.959 -3.272
vertex 2.956 -3.959 -3.272
endloop
endfacet
facet normal 0 0.357 0.934
outer loop
vertex 3.114 -3.959 -3.272
vertex 3.035 -3.832 -3.321
vertex 2.956 -3.959 -3.272
endloop
endfacet
facet normal -0.577 0.577 0.577
outer loop
vertex 3.035 -3.832 -3.321
vertex 2.907 -3.88 -3.4
vertex 2.956 -3.959 -3.272
endloop
endfacet
facet normal -0.934 0 0.357
outer loop
vertex 2.907 -3.88 -3.4
vertex 2.907 -4.038 -3.4
vertex 2.956 -3.959 -3.272
endloop
endfacet
facet normal 0.577 -0.577 0.577
outer loop
vertex 3.035 -4.087 -3.321
vertex 3.162 -4.038 -3.4
vertex 3.114 -3.959 -3.272
endloop
endfacet
facet normal -0.357 -0.934 0
outer loop
vertex 2.907 -4.038 -3.4
vertex 3.035 -4.087 -3.479
vertex 3.035 -4.087 -3.321
endloop
endfacet
facet normal -0.934 0 -0.357
outer loop
vertex 2.907 -3.88 -3.4
vertex 2.956 -3.959 -3.528
vertex 2.907 -4.038 -3.4
endloop
endfacet
facet normal -0.357 0.934 0
outer loop
vertex 3.035 -3.832 -3.321
vertex 3.035 -3.832 -3.479
vertex 2.907 -3.88 -3.4
endloop
endfacet
facet normal 0.577 0.577 0.577
outer loop
vertex 3.114 -3.959 -3.272
vertex 3.162 -3.88 -3.4
vertex 3.035 -3.832 -3.321
endloop
endfacet
facet normal 0.577 -0.577 -0.577
outer loop
vertex 3.162 -4.038 -3.4
vertex 3.035 -4.087 -3.479
vertex 3.114 -3.959 -3.528
endloop
endfacet
facet normal 0 -0.357 -0.934
outer loop
vertex 3.035 -4.087 -3.479
vertex 2.956 -3.959 -3.528
vertex 3.114 -3.959 -3.528
endloop
endfacet
facet normal 0 0.357 -0.934
outer loop
vertex 2.956 -3.959 -3.528
vertex 3.035 -3.832 -3.479
vertex 3.114 -3.959 -3.528
endloop
endfacet
facet normal 0.577 0.577 -0.577
outer loop
vertex 3.035 -3.832 -3.479
vertex 3.162 -3.88 -3.4
vertex 3.114 -3.959 -3.528
endloop
endfacet
facet normal 0.934 0 -0.357
outer loop
vertex 3.162 -3.88 -3.4
vertex 3.162 -4.038 -3.4
vertex 3.114 -3.959 -3.528
endloop
endfacet
facet normal 0.357 -0.934 0
outer loop
vertex 3.162 -4.038 -3.4
vertex 3.035 -4.087 -3.321
vertex 3.035 -4.087 -3.479
endloop
endfacet
facet normal -0.577 -0.577 -0.577
outer loop
vertex 3.035 -4.087 -3.479
vertex 2.907 -4.038 -3.4
vertex 2.956 -3.959 -3.528
endloop
endfacet
facet normal -0.577 0.577 -0.577
outer loop
vertex 2.956 -3.959 -3.528
vertex 2.907 -3.88 -3.4
vertex 3.035 -3.832 -3.479
endloop
endfacet
facet normal 0.357 0.934 0
outer loop
vertex 3.035 -3.832 -3.479
vertex 3.035 -3.832 -3.321
vertex 3.162 -3.88 -3.4
endloop
endfacet
facet normal 0.934 0 0.357
outer loop
vertex 3.162 -3.88 -3.4
vertex 3.114 -3.959 -3.272
vertex 3.162 -4.038 -3.4
endloop
endfacet
facet normal -0.577 -0.577 0.577
outer loop
vertex -4.471 0.622 -1.6
vertex -4.258 0.541 -1.469
vertex -4.39 0.754 -1.387
endloop
endfacet
facet normal 0 -0.357 0.934
outer loop
vertex -4.258 0.541 -1.469
vertex -4.127 0.754 -1.387
vertex -4.39 0.754 -1.387
endloop
endfacet
facet normal 0 0.357 0.934
outer loop
vertex -4.127 0.754 -1.387
vertex -4.258 0.967 -1.469
vertex -4.39 0.754 -1.387
endloop
endfacet
facet normal -0.577 0.577 0.577
outer loop
vertex -4.258 0.967 -1.469
vertex -4.471 0.885 -1.6
vertex -4.39 0.754 -1.387
endloop
endfacet
facet normal -0.934 0 0.357
outer loop
vertex -4.471 0.885 -1.6
vertex -4.471 0.622 -1.6
vertex -4.39 0.754 -1.387
endloop
endfacet
facet normal 0.577 -0.577 0.577
outer loop
vertex -4.258 0.541 -1.469
vertex -4.046 0.622 -1.6
vertex -4.127 0.754 -1.387
endloop
endfacet
facet normal -0.357 -0.934 0
outer loop
vertex -4.471 0.622 -1.6
vertex -4.258 0.541 -1.731
vertex -4.258 0.541 -1.469
endloop
endfacet
facet normal -0.934 0 -0.357
outer loop
vertex -4.471 0.885 -1.6
vertex -4.39 0.754 -1.813
vertex -4.471 0.622 -1.6
endloop
endfacet
facet normal -0.357 0.934 0
outer loop
vertex -4.258 0.967 -1.469
vertex -4.258 0.967 -1.731
vertex -4.471 0.885 -1.6
endloop
endfacet
facet normal 0.577 0.577 0.577
outer loop
vertex -4.127 0.754 -1.387
vertex -4.046 0.885 -1.6
vertex -4.258 0.967 -1.469
endloop
endfacet
facet normal 0.577 -0.577 -0.577
outer loop
vertex -4.046 0.622 -1.6
vertex -4.258 0.541 -1.731
vertex -4.127 0.754 -1.813
endloop
endfacet
facet normal 0 -0.357 -0.934
outer loop
vertex -4.258 0.541 -1.731
vertex -4.39 0.754 -1.813
vertex -4.127 0.754 -1.813
endloop
endfacet
facet normal 0 0.357 -0.934
outer loop
vertex -4.39 0.754 -1.813
vertex -4.258 0.967 -1.731
vertex -4.127 0.754 -1.813
endloop
endfacet
facet normal 0.577 0.577 -0.577
outer loop
vertex -4.258 0.967 -1.731
vertex -4.046 0.885 -1.6
vertex -4.127 0.754 -1.813
endloop
endfacet
facet normal 0.934 0 -0.357
outer loop
vertex -4.046 0.885 -1.6
vertex -4.046 0.622 -1.6
vertex -4.127 0.754 -1.813
endloop
endfacet
facet normal 0.357 -0.934 0
outer loop
vertex -4.046 0.622 -1.6
vertex -4.258 0.541 -1.469
vertex -4.258 0.541 -1.731
endloop
endfacet
facet normal -0.577 -0.577 -0.577
outer loop
vertex -4.258 0.541 -1.731
vertex -4.471 0.622 -1.6
vertex -4.39 0.754 -1.813
endloop
endfacet
facet normal -0.577 0.577 -0.577
outer loop
vertex -4.39 0.754 -1.813
vertex -4.471 0.885 -1.6
vertex -4.258 0.967 -1.731
endloop
endfacet
facet normal 0.357 0.934 0
outer loop
vertex -4.258 0.967 -1.731
vertex -4.258 0.967 -1.469
vertex -4.046 0.885 -1.6
endloop
endfacet
facet normal 0.934 0 0.357
outer loop
vertex -4.046 0.885 -1.6
vertex -4.127 0.754 -1.387
vertex -4.046 0.622 -1.6
endloop
endfacet
facet normal -0.577 -0.577 0.577
outer loop
vertex 4.053 2.582 -2.2
vertex 4.35 2.468 -2.016
vertex 4.166 2.766 -1.902
endloop
endfacet
facet normal 0 -0.357 0.934
outer loop
vertex 4.35 2.468 -2.016
vertex 4.534 2.766 -1.902
vertex 4.166 2.766 -1.902
endloop
endfacet
facet normal 0 0.357 0.934
outer loop
vertex 4.534 2.766 -1.902
vertex 4.35 3.064 -2.016
vertex 4.166 2.766 -1.902
endloop
endfacet
facet normal -0.577 0.577 0.577
outer loop
vertex 4.35 3.064 -2.016
vertex 4.053 2.95 -2.2
vertex 4.166 2.766 -1.902
endloop
endfacet
facet normal -0.934 0 0.357
outer loop
vertex 4.053 2.95 -2.2
vertex 4.053 2.582 -2.2
vertex 4.166 2.766 -1.902
endloop
endfacet
facet normal 0.577 -0.577 0.577
outer loop
vertex 4.35 2.468 -2.016
vertex 4.648 2.582 -2.2
vertex 4.534 2.766 -1.902
endloop
endfacet
facet normal -0.357 -0.934 0
outer loop
vertex 4.053 2.582 -2.2
vertex 4.35 2.468 -2.384
vertex 4.35 2.468 -2.016
endloop
endfacet
facet normal -0.934 0 -0.357
outer loop
vertex 4.053 2.95 -2.2
vertex 4.166 2.766 -2.498
vertex 4.053 2.582 -2.2
endloop
endfacet
facet normal -0.357 0.934 0
outer loop
vertex 4.35 3.064 -2.016
vertex 4.35 3.064 -2.384
vertex 4.053 2.95 -2.2
endloop
endfacet
facet normal 0.577 0.577 0.577
outer loop
vertex 4.534 2.766 -1.902
vertex 4.648 2.95 -2.2
vertex 4.35 3.064 -2.016
endloop
endfacet
facet normal 0.577 -0.577 -0.577
outer loop
vertex 4.648 2.582 -2.2
vertex 4.35 2.468 -2.384
vertex 4.534 2.766 -2.498
endloop
endfacet
facet normal 0 -0.357 -0.934
outer loop
vertex 4.35 2.468 -2.384
vertex 4.166 2.766 -2.498
vertex 4.534 2.766 -2.498
endloop
endfacet
facet normal 0 0.357 -0.934
outer loop
vertex 4.166 2.766 -2.498
vertex 4.35 3.064 -2.384
vertex 4.534 2.766 -2.498
endloop
endfacet
facet normal 0.577 0.577 -0.577
outer loop
vertex 4.35 3.064 -2.384
vertex 4.648 2.95 -2.2
vertex 4.534 2.766 -2.498
endloop
endfacet
facet normal 0.934 0 -0.357
outer loop
vertex 4.648 2.95 -2.2
vertex 4.648 2.582 -2.2
vertex 4.534 2.766 -2.498
endloop
endfacet
facet normal 0.357 -0.934 0
outer loop
vertex 4.648 2.582 -2.2
vertex 4.35 2.468 -2.016
vertex 4.35 2.468 -2.384
endloop
endfacet
facet normal -0.577 -0.577 -0.577
outer loop
vertex 4.35 2.468 -2.384
vertex 4.053 2.582 -2.2
vertex 4.166 2.766 -2.498
endloop
endfacet
facet normal -0.577 0.577 -0.577
outer loop
vertex 4.166 2.766 -2.498
vertex 4.053 2.95 -2.2
vertex 4.35 3.064 -2.384
endloop
endfacet
facet normal 0.357 0.934 0
outer loop
vertex 4.35 3.064 -2.384
vertex 4.35 3.064 -2.016
vertex 4.648 2.95 -2.2
endloop
endfacet
facet normal 0.934 0 0.357
outer loop
vertex 4.648 2.95 -2.2
vertex 4.534 2.766 -1.902
vertex 4.648 2.582 -2.2
endloop
endfacet
facet normal -0.577 -0.577 0.577
outer loop
vertex -1.212 -4.11 -2.8
vertex -1.085 -4.159 -2.721
vertex -1.163 -4.031 -2.672
endloop
endfacet
facet normal 0 -0.357 0.934
outer loop
vertex -1.085 -4.159 -2.721
vertex -1.006 -4.031 -2.672
vertex -1.163 -4.031 -2.672
endloop
endfacet
facet normal 0 0.357 0.934
outer loop
vertex -1.006 -4.031 -2.672
vertex -1.085 -3.903 -2.721
vertex -1.163 -4.031 -2.672
endloop
endfacet
facet normal -0.577 0.577 0.577
outer loop
vertex -1.085 -3.903 -2.721
vertex -1.212 -3.952 -2.8
vertex -1.163 -4.031 -2.672
endloop
endfacet
facet normal -0.934 0 0.357
outer loop
vertex -1.212 -3.952 -2.8
vertex -1.212 -4.11 -2.8
vertex -1.163 -4.031 -2.672
endloop
endfacet
facet normal 0.577 -0.577 0.577
outer loop
vertex -1.085 -4.159 -2.721
vertex -0.957 -4.11 -2.8
vertex -1.006 -4.031 -2.672
endloop
endfacet
facet normal -0.357 -0.934 0
outer loop
vertex -1.212 -4.11 -2.8
vertex -1.085 -4.159 -2.879
vertex -1.085 -4.159 -2.721
endloop
endfacet
facet normal -0.934 0 -0.357
outer loop
vertex -1.212 -3.952 -2.8
vertex -1.163 -4.031 -2.928
vertex -1.212 -4.11 -2.8
endloop
endfacet
facet normal -0.357 0.934 0
outer loop
vertex -1.085 -3.903 -2.721
vertex -1.085 -3.903 -2.879
vertex -1.212 -3.952 -2.8
endloop
endfacet
facet normal 0.577 0.577 0.577
outer loop
vertex -1.006 -4.031 -2.672
vertex -0.957 -3.952 -2.8
vertex -1.085 -3.903 -2.721
endloop
endfacet
facet normal 0.577 -0.577 -0.577
outer loop
vertex -0.957 -4.11 -2.8
vertex -1.085 -4.159 -2.879
vertex -1.006 -4.031 -2.928
endloop
endfacet
facet normal 0 -0.357 -0.934
outer loop
vertex -1.085 -4.159 -2.879
vertex -1.163 -4.031 -2.928
vertex -1.006 -4.031 -2.928
endloop
endfacet
facet normal 0 0.357 -0.934
outer loop
vertex -1.163 -4.031 -2.928
vertex -1.085 -3.903 -2.879
vertex -1.006 -4.031 -2.928
endloop
endfacet
facet normal 0.577 0.577 -0.577
outer loop
vertex -1.085 -3.903 -2.879
vertex -0.957 -3.952 -2.8
vertex -1.006 -4.031 -2.928
endloop
endfacet
facet normal 0.934 0 -0.357
outer loop
vertex -0.957 -3.952 -2.8
vertex -0.957 -4.11 -2.8
vertex -1.006 -4.031 -2.928
endloop
endfacet
facet normal 0.357 -0.934 0
outer loop
vertex -0.957 -4.11 -2.8
vertex -1.085 -4.159 -2.721
vertex -1.085 -4.159 -2.879
endloop
endfacet
facet normal -0.577 -0.577 -0.577
outer loop
vertex -1.085 -4.159 -2.879
vertex -1.212 -4.11 -2.8
vertex -1.163 -4.031 -2.928
endloop
endfacet
facet normal -0.577 0.577 -0.577
outer loop
vertex -1.163 -4.031 -2.928
vertex -1.212 -3.952 -2.8
vertex -1.085 -3.903 -2.879
endloop
endfacet
facet normal 0.357 0.934 0
outer loop
vertex -1.085 -3.903 -2.879
vertex -1.085 -3.903 -2.721
vertex -0.957 -3.952 -2.8
endloop
endfacet
facet normal 0.934 0 0.357
outer loop
vertex -0.957 -3.952 -2.8
vertex -1.006 -4.031 -2.672
vertex -0.957 -4.11 -2.8
endloop
endfacet
facet normal -0.577 -0.577 0.577
outer loop
vertex -2.648 4.56 -3.4
vertex -2.435 4.479 -3.269
vertex -2.566 4.691 -3.187
endloop
endfacet
facet normal 0 -0.357 0.934
outer loop
vertex -2.435 4.479 -3.269
vertex -2.304 4.691 -3.187
vertex -2.566 4.691 -3.187
endloop
endfacet
facet normal 0 0.357 0.934
outer loop
vertex -2.304 4.691 -3.187
vertex -2.435 4.904 -3.269
vertex -2.566 4.691 -3.187
endloop
endfacet
facet normal -0.577 0.577 0.577
outer loop
vertex -2.435 4.904 -3.269
vertex -2.648 4.823 -3.4
vertex -2.566 4.691 -3.187
endloop
endfacet
facet normal -0.934 0 0.357
outer loop
vertex -2.648 4.823 -3.4
vertex -2.648 4.56 -3.4
vertex -2.566 4.691 -3.187
endloop
endfacet
facet normal 0.577 -0.577 0.577
outer loop
vertex -2.435 4.479 -3.269
vertex -2.222 4.56 -3.4
vertex -2.304 4.691 -3.187
endloop
endfacet
facet normal -0.357 -0.934 0
outer loop
vertex -2.648 4.56 -3.4
vertex -2.435 4.479 -3.531
vertex -2.435 4.479 -3.269
endloop
endfacet
facet normal -0.934 0 -0.357
outer loop
vertex -2.648 4.823 -3.4
vertex -2.566 4.691 -3.613
vertex -2.648 4.56 -3.4
endloop
endfacet
facet normal -0.357 0.934 0
outer loop
vertex -2.435 4.904 -3.269
vertex -2.435 4.904 -3.531
vertex -2.648 4.823 -3.4
endloop
endfacet
facet normal 0.577 0.577 0.577
outer loop
vertex -2.304 4.691 -3.187
vertex -2.222 4.823 -3.4
vertex -2.435 4.904 -3.269
endloop
endfacet
facet normal 0.577 -0.577 -0.577
outer loop
vertex -2.222 4.56 -3.4
vertex -2.435 4.479 -3.531
vertex -2.304 4.691 -3.613
endloop
endfacet
facet normal 0 -0.357 -0.934
outer loop
vertex -2.435 4.479 -3.531
vertex -2.566 4.691 -3.613
vertex -2.304 4.691 -3.613
endloop
endfacet
facet normal 0 0.357 -0.934
outer loop
vertex -2.566 4.691 -3.613
vertex -2.435 4.904 -3.531
vertex -2.304 4.691 -3.613
endloop
endfacet
facet normal 0.577 0.577 -0.577
outer loop
vertex -2.435 4.904 -3.531
vertex -2.222 4.823 -3.4
vertex -2.304 4.691 -3.613
endloop
endfacet
facet normal 0.934 0 -0.357
outer loop
vertex -2.222 4.823 -3.4
vertex -2.222 4.56 -3.4
vertex -2.304 4.691 -3.613
endloop
endfacet
facet normal 0.357 -0.934 0
outer loop
vertex -2.222 4.56 -3.4
vertex -2.435 4.479 -3.269
vertex -2.435 4.479 -3.531
endloop
endfacet
facet normal -0.577 -0.577 -0.577
outer loop
vertex -2.435 4.479 -3.531
vertex -2.648 4.56 -3.4
vertex -2.566 4.691 -3.613
endloop
endfacet
facet normal -0.577 0.577 -0.577
outer loop
vertex -2.566 4.691 -3.613
vertex -2.648 4.823 -3.4
vertex -2.435 4.904 -3.531
endloop
endfacet
facet normal 0.357 0.934 0
outer loop
vertex -2.435 4.904 -3.531
vertex -2.435 4.904 -3.269
vertex -2.222 4.823 -3.4
endloop
endfacet
facet normal 0.934 0 0.357
outer loop
vertex -2.222 4.823 -3.4
vertex -2.304 4.691 -3.187
vertex -2.222 4.56 -3.4
endloop
endfacet
facet normal -0.577 -0.577 0.577
outer loop
vertex 3.521 -1.58 -1.6
vertex 3.819 -1.694 -1.416
vertex 3.635 -1.396 -1.302
endloop
endfacet
facet normal 0 -0.357 0.934
outer loop
vertex 3.819 -1.694 -1.416
vertex 4.003 -1.396 -1.302
vertex 3.635 -1.396 -1.302
endloop
endfacet
facet normal 0 0.357 0.934
outer loop
vertex 4.003 -1.396 -1.302
vertex 3.819 -1.098 -1.416
vertex 3.635 -1.396 -1.302
endloop
endfacet
facet normal -0.577 0.577 0.577
outer loop
vertex 3.819 -1.098 -1.416
vertex 3.521 -1.212 -1.6
vertex 3.635 -1.396 -1.302
endloop
endfacet
facet normal -0.934 0 0.357
outer loop
vertex 3.521 -1.212 -1.6
vertex 3.521 -1.58 -1.6
vertex 3.635 -1.396 -1.302
endloop
endfacet
facet normal 0.577 -0.577 0.577
outer loop
vertex 3.819 -1.694 -1.416
vertex 4.117 -1.58 -1.6
vertex 4.003 -1.396 -1.302
endloop
endfacet
facet normal -0.357 -0.934 0
outer loop
vertex 3.521 -1.58 -1.6
vertex 3.819 -1.694 -1.784
vertex 3.819 -1.694 -1.416
endloop
endfacet
facet normal -0.934 0 -0.357
outer loop
vertex 3.521 -1.212 -1.6
vertex 3.635 -1.396 -1.898
vertex 3.521 -1.58 -1.6
endloop
endfacet
facet normal -0.357 0.934 0
outer loop
vertex 3.819 -1.098 -1.416
vertex 3.819 -1.098 -1.784
vertex 3.521 -1.212 -1.6
endloop
endfacet
facet normal 0.577 0.577 0.577
outer loop
vertex 4.003 -1.396 -1.302
vertex 4.117 -1.212 -1.6
vertex 3.819 -1.098 -1.416
endloop
endfacet
facet normal 0.577 -0.577 -0.577
outer loop
vertex 4.117 -1.58 -1.6
vertex 3.819 -1.694 -1.784
vertex 4.003 -1.396 -1.898
endloop
endfacet
facet normal 0 -0.357 -0.934
outer loop
vertex 3.819 -1.694 -1.784
vertex 3.635 -1.396 -1.898
vertex 4.003 -1.396 -1.898
endloop
endfacet
facet normal 0 0.357 -0.934
outer loop
vertex 3.635 -1.396 -1.898
vertex 3.819 -1.098 -1.784
vertex 4.003 -1.396 -1.898
endloop
endfacet
facet normal 0.577 0.577 -0.577
outer loop
vertex 3.819 -1.098 -1.784
vertex 4.117 -1.212 -1.6
vertex 4.003 -1.396 -1.898
endloop
endfacet
facet normal 0.934 0 -0.357
outer loop
vertex 4.117 -1.212 -1.6
vertex 4.117 -1.58 -1.6
vertex 4.003 -1.396 -1.898
endloop
endfacet
facet normal 0.357 -0.934 0
outer loop
vertex 4.117 -1.58 -1.6
vertex 3.819 -1.694 -1.416
vertex 3.819 -1.694 -1.784
endloop
endfacet
facet normal -0.577 -0.577 -0.577
outer loop
vertex 3.819 -1.694 -1.784
vertex 3.521 -1.58 -1.6
vertex 3.635 -1.396 -1.898
endloop
endfacet
facet normal -0.577 0.577 -0.577
outer loop
vertex 3.635 -1.396 -1.898
vertex 3.521 -1.212 -1.6
vertex 3.819 -1.098 -1.784
endloop
endfacet
facet normal 0.357 0.934 0
outer loop
vertex 3.819 -1.098 -1.784
vertex 3.819 -1.098 -1.416
vertex 4.117 -1.212 -1.6
endloop
endfacet
facet normal 0.934 0 0.357
outer loop
vertex 4.117 -1.212 -1.6
vertex 4.003 -1.396 -1.302
vertex 4.117 -1.58 -1.6
endloop
endfacet
facet normal -0.577 -0.577 0.577
outer loop
vertex -5.092 -2.126 -2.2
vertex -4.964 -2.175 -2.121
vertex -5.043 -2.047 -2.072
endloop
endfacet
facet normal 0 -0.357 0.934
outer loop
vertex -4.964 -2.175 -2.121
vertex -4.885 -2.047 -2.072
vertex -5.043 -2.047 -2.072
endloop
endfacet
facet normal 0 0.357 0.934
outer loop
vertex -4.885 -2.047 -2.072
vertex -4.964 -1.92 -2.121
vertex -5.043 -2.047 -2.072
endloop
endfacet
facet normal -0.577 0.577 0.577
outer loop
vertex -4.964 -1.92 -2.121
vertex -5.092 -1.968 -2.2
vertex -5.043 -2.047 -2.072
endloop
endfacet
facet normal -0.934 0 0.357
outer loop
vertex -5.092 -1.968 -2.2
vertex -5.092 -2.126 -2.2
vertex -5.043 -2.047 -2.072
endloop
endfacet
facet normal 0.577 -0.577 0.577
outer loop
vertex -4.964 -2.175 -2.121
vertex -4.836 -2.126 -2.2
vertex -4.885 -2.047 -2.072
endloop
endfacet
facet normal -0.357 -0.934 0
outer loop
vertex -5.092 -2.126 -2.2
vertex -4.964 -2.175 -2.279
vertex -4.964 -2.175 -2.121
endloop
endfacet
facet normal -0.934 0 -0.357
outer loop
vertex -5.092 -1.968 -2.2
vertex -5.043 -2.047 -2.328
vertex -5.092 -2.126 -2.2
endloop
endfacet
facet normal -0.357 0.934 0
outer loop
vertex -4.964 -1.92 -2.121
vertex -4.964 -1.92 -2.279
vertex -5.092 -1.968 -2.2
endloop
endfacet
facet normal 0.577 0.577 0.577
outer loop
vertex -4.885 -2.047 -2.072
vertex -4.836 -1.968 -2.2
vertex -4.964 -1.92 -2.121
endloop
endfacet
facet normal 0.577 -0.577 -0.577
outer loop
vertex -4.836 -2.126 -2.2
vertex -4.964 -2.175 -2.279
vertex -4.885 -2.047 -2.328
endloop
endfacet
facet normal 0 -0.357 -0.934
outer loop
vertex -4.964 -2.175 -2.279
vertex -5.043 -2.047 -2.328
vertex -4.885 -2.047 -2.328
endloop
endfacet
facet normal 0 0.357 -0.934
outer loop
vertex -5.043 -2.047 -2.328
vertex -4.964 -1.92 -2.279
vertex -4.885 -2.047 -2.328
endloop
endfacet
facet normal 0.577 0.577 -0.577
outer loop
vertex -4.964 -1.92 -2.279
vertex -4.836 -1.968 -2.2
vertex -4.885 -2.047 -2.328
endloop
endfacet
facet normal 0.934 0 -0.357
outer loop
vertex -4.836 -1.968 -2.2
vertex -4.836 -2.126 -2.2
vertex -4.885 -2.047 -2.328
endloop
endfacet
facet normal 0.357 -0.934 0
outer loop
vertex -4.836 -2.126 -2.2
vertex -4.964 -2.175 -2.121
vertex -4.964 -2.175 -2.279
endloop
endfacet
facet normal -0.577 -0.577 -0.577
outer loop
vertex -4.964 -2.175 -2.279
vertex -5.092 -2.126 -2.2
vertex -5.043 -2.047 -2.328
endloop
endfacet
facet normal -0.577 0.577 -0.577
outer loop
vertex -5.043 -2.047 -2.328
vertex -5.092 -1.968 -2.2
vertex -4.964 -1.92 -2.279
endloop
endfacet
facet normal 0.357 0.934 0
outer loop
vertex -4.964 -1.92 -2.279
vertex -4.964 -1.92 -2.121
vertex -4.836 -1.968 -2.2
endloop
endfacet
facet normal 0.934 0 0.357
outer loop
vertex -4.836 -1.968 -2.2
vertex -4.885 -2.047 -2.072
vertex -4.836 -2.126 -2.2
endloop
endfacet
facet normal -0.577 -0.577 0.577
outer loop
vertex 1.488 3.498 -2.8
vertex 1.7 3.417 -2.669
vertex 1.569 3.63 -2.587
endloop
endfacet
facet normal 0 -0.357 0.934
outer loop
vertex 1.7 3.417 -2.669
vertex 1.832 3.63 -2.587
vertex 1.569 3.63 -2.587
endloop
endfacet
facet normal 0 0.357 0.934
outer loop
vertex 1.832 3.63 -2.587
vertex 1.7 3.843 -2.669
vertex 1.569 3.63 -2.587
endloop
endfacet
facet normal -0.577 0.577 0.577
outer loop
vertex 1.7 3.843 -2.669
vertex 1.488 3.761 -2.8
vertex 1.569 3.63 -2.587
endloop
endfacet
facet normal -0.934 0 0.357
outer loop
vertex 1.488 3.761 -2.8
vertex 1.488 3.498 -2.8
vertex 1.569 3.63 -2.587
endloop
endfacet
facet normal 0.577 -0.577 0.577
outer loop
vertex 1.7 3.417 -2.669
vertex 1.913 3.498 -2.8
vertex 1.832 3.63 -2.587
endloop
endfacet
facet normal -0.357 -0.934 0
outer loop
vertex 1.488 3.498 -2.8
vertex 1.7 3.417 -2.931
vertex 1.7 3.417 -2.669
endloop
endfacet
facet normal -0.934 0 -0.357
outer loop
vertex 1.488 3.761 -2.8
vertex 1.569 3.63 -3.013
vertex 1.488 3.498 -2.8
endloop
endfacet
facet normal -0.357 0.934 0
outer loop
vertex 1.7 3.843 -2.669
vertex 1.7 3.843 -2.931
vertex 1.488 3.761 -2.8
endloop
endfacet
facet normal 0.577 0.577 0.577
outer loop
vertex 1.832 3.63 -2.587
vertex 1.913 3.761 -2.8
vertex 1.7 3.843 -2.669
endloop
endfacet
facet normal 0.577 -0.577 -0.577
outer loop
vertex 1.913 3.498 -2.8
vertex 1.7 3.417 -2.931
vertex 1.832 3.63 -3.013
endloop
endfacet
facet normal 0 -0.357 -0.934
outer loop
vertex 1.7 3.417 -2.931
vertex 1.569 3.63 -3.013
vertex 1.832 3.63 -3.013
endloop
endfacet
facet normal 0 0.357 -0.934
outer loop
vertex 1.569 3.63 -3.013
vertex 1.7 3.843 -2.931
vertex 1.832 3.63 -3.013
endloop
endfacet
facet normal 0.577 0.577 -0.577
outer loop
vertex 1.7 3.843 -2.931
vertex 1.913 3.761 -2.8
vertex 1.832 3.63 -3.013
endloop
endfacet
facet normal 0.934 0 -0.357
outer loop
vertex 1.913 3.761 -2.8
vertex 1.913 3.498 -2.8
vertex 1.832 3.63 -3.013
endloop
endfacet
facet normal 0.357 -0.934 0
outer loop
vertex 1.913 3.498 -2.8
vertex 1.7 3.417 -2.669
vertex 1.7 3.417 -2.931
endloop
endfacet
facet normal -0.577 -0.577 -0.577
outer loop
vertex 1.7 3.417 -2.931
vertex 1.488 3.498 -2.8
vertex 1.569 3.63 -3.013
endloop
endfacet
facet normal -0.577 0.577 -0.577
outer loop
vertex 1.569 3.63 -3.013
vertex 1.488 3.761 -2.8
vertex 1.7 3.843 -2.931
endloop
endfacet
facet normal 0.357 0.934 0
outer loop
vertex 1.7 3.843 -2.931
vertex 1.7 3.843 -2.669
vertex 1.913 3.761 -2.8
endloop
endfacet
facet normal 0.934 0 0.357
outer loop
vertex 1.913 3.761 -2.8
vertex 1.832 3.63 -2.587
vertex 1.913 3.498 -2.8
endloop
endfacet
facet normal -0.577 -0.577 0.577
outer loop
vertex 1.316 -5.337 -3.4
vertex 1.614 -5.451 -3.216
vertex 1.43 -5.153 -3.102
endloop
endfacet
facet normal 0 -0.357 0.934
outer loop
vertex 1.614 -5.451 -3.216
vertex 1.798 -5.153 -3.102
vertex 1.43 -5.153 -3.102
endloop
endfacet
facet normal 0 0.357 0.934
outer loop
vertex 1.798 -5.153 -3.102
vertex 1.614 -4.855 -3.216
vertex 1.43 -5.153 -3.102
endloop
endfacet
facet normal -0.577 0.577 0.577
outer loop
vertex 1.614 -4.855 -3.216
vertex 1.316 -4.969 -3.4
vertex 1.43 -5.153 -3.102
endloop
endfacet
facet normal -0.934 0 0.357
outer loop
vertex 1.316 -4.969 -3.4
vertex 1.316 -5.337 -3.4
vertex 1.43 -5.153 -3.102
endloop
endfacet
facet normal 0.577 -0.577 0.577
outer loop
vertex 1.614 -5.451 -3.216
vertex 1.912 -5.337 -3.4
vertex 1.798 -5.153 -3.102
endloop
endfacet
facet normal -0.357 -0.934 0
outer loop
vertex 1.316 -5.337 -3.4
vertex 1.614 -5.451 -3.584
vertex 1.614 -5.451 -3.216
endloop
endfacet
facet normal -0.934 0 -0.357
outer loop
vertex 1.316 -4.969 -3.4
vertex 1.43 -5.153 -3.698
vertex 1.316 -5.337 -3.4
endloop
endfacet
facet normal -0.357 0.934 0
outer loop
vertex 1.614 -4.855 -3.216
vertex 1.614 -4.855 -3.584
vertex 1.316 -4.969 -3.4
endloop
endfacet
facet normal 0.577 0.577 0.577
outer loop
vertex 1.798 -5.153 -3.102
vertex 1.912 -4.969 -3.4
vertex 1.614 -4.855 -3.216
endloop
endfacet
facet normal 0.577 -0.577 -0.577
outer loop
vertex 1.912 -5.337 -3.4
vertex 1.614 -5.451 -3.584
vertex 1.798 -5.153 -3.698
endloop
endfacet
facet normal 0 -0.357 -0.934
outer loop
vertex 1.614 -5.451 -3.584
vertex 1.43 -5.153 -3.698
vertex 1.798 -5.153 -3.698
endloop
endfacet
facet normal 0 0.357 -0.934
outer loop
vertex 1.43 -5.153 -3.698
vertex 1.614 -4.855 -3.584
vertex 1.798 -5.153 -3.698
endloop
endfacet
facet normal 0.577 0.577 -0.577
outer loop
vertex 1.614 -4.855 -3.584
vertex 1.912 -4.969 -3.4
vertex 1.798 -5.153 -3.698
endloop
endfacet
facet normal 0.934 0 -0.357
outer loop
vertex 1.912 -4.969 -3.4
vertex 1.912 -5.337 -3.4
vertex 1.798 -5.153 -3.698
endloop
endfacet
facet normal 0.357 -0.934 0
outer loop
vertex 1.912 -5.337 -3.4
vertex 1.614 -5.451 -3.216
vertex 1.614 -5.451 -3.584
endloop
endfacet
facet normal -0.577 -0.577 -0.577
outer loop
vertex 1.614 -5.451 -3.584
vertex 1.316 -5.337 -3.4
vertex 1.43 -5.153 -3.698
endloop
endfacet
facet normal -0.577 0.577 -0.577
outer loop
vertex 1.43 -5.153 -3.698
vertex 1.316 -4.969 -3.4
vertex 1.614 -4.855 -3.584
endloop
endfacet
facet normal 0.357 0.934 0
outer loop
vertex 1.614 -4.855 -3.584
vertex 1.614 -4.855 -3.216
vertex 1.912 -4.969 -3.4
endloop
endfacet
facet normal 0.934 0 0.357
outer loop
vertex 1.912 -4.969 -3.4
vertex 1.798 -5.153 -3.102
vertex 1.912 -5.337 -3.4
endloop
endfacet
facet normal 0.495 -0.857 0.143
outer loop
vertex -0.4 1.56 0.36
vertex -0.4 1.54 0.24
vertex -0.106 1.73 0.36
endloop
endfacet
facet normal 0.495 -0.857 0.143
outer loop
vertex -0.4 1.54 0.24
vertex -0.088 1.72 0.24
vertex -0.106 1.73 0.36
endloop
endfacet
facet normal 0.99 0 0.143
outer loop
vertex -0.106 1.73 0.36
vertex -0.088 1.72 0.24
vertex -0.106 2.07 0.36
endloop
endfacet
facet normal 0.99 0 0.143
outer loop
vertex -0.088 1.72 0.24
vertex -0.088 2.08 0.24
vertex -0.106 2.07 0.36
endloop
endfacet
facet normal 0.495 0.857 0.143
outer loop
vertex -0.106 2.07 0.36
vertex -0.088 2.08 0.24
vertex -0.4 2.24 0.36
endloop
endfacet
facet normal 0.495 0.857 0.143
outer loop
vertex -0.088 2.08 0.24
vertex -0.4 2.26 0.24
vertex -0.4 2.24 0.36
endloop
endfacet
facet normal -0.495 0.857 0.143
outer loop
vertex -0.4 2.24 0.36
vertex -0.4 2.26 0.24
vertex -0.694 2.07 0.36
endloop
endfacet
facet normal -0.495 0.857 0.143
outer loop
vertex -0.4 2.26 0.24
vertex -0.712 2.08 0.24
vertex -0.694 2.07 0.36
endloop
endfacet
facet normal -0.99 0 0.143
outer loop
vertex -0.694 2.07 0.36
vertex -0.712 2.08 0.24
vertex -0.694 1.73 0.36
endloop
endfacet
facet normal -0.99 0 0.143
outer loop
vertex -0.712 2.08 0.24
vertex -0.712 1.72 0.24
vertex -0.694 1.73 0.36
endloop
endfacet
facet normal -0.495 -0.857 0.143
outer loop
vertex -0.694 1.73 0.36
vertex -0.712 1.72 0.24
vertex -0.4 1.56 0.36
endloop
endfacet
facet normal -0.495 -0.857 0.143
outer loop
vertex -0.712 1.72 0.24
vertex -0.4 1.54 0.24
vertex -0.4 1.56 0.36
endloop
endfacet
facet normal 0 0 1
outer loop
vertex -0.4 1.56 0.36
vertex -0.106 1.73 0.36
vertex -0.4 1.9 0.36
endloop
endfacet
facet normal 0 0 1
outer loop
vertex -0.106 1.73 0.36
vertex -0.106 2.07 0.36
vertex -0.4 1.9 0.36
endloop
endfacet
facet normal 0 0 1
outer loop
vertex -0.106 2.07 0.36
vertex -0.4 2.24 0.36
vertex -0.4 1.9 0.36
endloop
endfacet
facet normal 0 0 1
outer loop
vertex -0.4 2.24 0.36
vertex -0.694 2.07 0.36
vertex -0.4 1.9 0.36
endloop
endfacet
facet normal 0 0 1
outer loop
vertex -0.694 2.07 0.36
vertex -0.694 1.73 0.36
vertex -0.4 1.9 0.36
endloop
endfacet
facet normal 0 0 1
outer loop
vertex -0.694 1.73 0.36
vertex -0.4 1.56 0.36
vertex -0.4 1.9 0.36
endloop
endfacet
facet normal 0 0 -1
outer loop
vertex -0.088 1.72 0.24
vertex -0.4 1.54 0.24
vertex -0.4 1.9 0.24
endloop
endfacet
facet normal 0 0 -1
outer loop
vertex -0.088 2.08 0.24
vertex -0.088 1.72 0.24
vertex -0.4 1.9 0.24
endloop
endfacet
facet normal 0 0 -1
outer loop
vertex -0.4 2.26 0.24
vertex -0.088 2.08 0.24
vertex -0.4 1.9 0.24
endloop
endfacet
facet normal 0 0 -1
outer loop
vertex -0.712 2.08 0.24
vertex -0.4 2.26 0.24
vertex -0.4 1.9 0.24
endloop
endfacet
facet normal 0 0 -1
outer loop
vertex -0.712 1.72 0.24
vertex -0.712 2.08 0.24
vertex -0.4 1.9 0.24
endloop
endfacet
facet normal 0 0 -1
outer loop
vertex -0.4 1.54 0.24
vertex -0.712 1.72 0.24
vertex -0.4 1.9 0.24
endloop
endfacet
facet normal 0.96 -0.242 0.143
outer loop
vertex 0.284 1.053 0.36
vertex 0.299 1.039 0.24
vertex 0.367 1.383 0.36
endloop
endfacet
facet normal 0.96 -0.242 0.143
outer loop
vertex 0.299 1.039 0.24
vertex 0.387 1.388 0.24
vertex 0.367 1.383 0.36
endloop
endfacet
facet normal 0.69 0.71 0.143
outer loop
vertex 0.367 1.383 0.36
vertex 0.387 1.388 0.24
vertex 0.124 1.62 0.36
endloop
endfacet
facet normal 0.69 0.71 0.143
outer loop
vertex 0.387 1.388 0.24
vertex 0.128 1.639 0.24
vertex 0.124 1.62 0.36
endloop
endfacet
facet normal -0.27 0.952 0.143
outer loop
vertex 0.124 1.62 0.36
vertex 0.128 1.639 0.24
vertex -0.204 1.527 0.36
endloop
endfacet
facet normal -0.27 0.952 0.143
outer loop
vertex 0.128 1.639 0.24
vertex -0.218 1.541 0.24
vertex -0.204 1.527 0.36
endloop
endfacet
facet normal -0.96 0.242 0.143
outer loop
vertex -0.204 1.527 0.36
vertex -0.218 1.541 0.24
vertex -0.287 1.197 0.36
endloop
endfacet
facet normal -0.96 0.242 0.143
outer loop
vertex -0.218 1.541 0.24
vertex -0.306 1.192 0.24
vertex -0.287 1.197 0.36
endloop
endfacet
facet normal -0.69 -0.71 0.143
outer loop
vertex -0.287 1.197 0.36
vertex -0.306 1.192 0.24
vertex -0.043 0.96 0.36
endloop
endfacet
facet normal -0.69 -0.71 0.143
outer loop
vertex -0.306 1.192 0.24
vertex -0.048 0.941 0.24
vertex -0.043 0.96 0.36
endloop
endfacet
facet normal 0.27 -0.952 0.143
outer loop
vertex -0.043 0.96 0.36
vertex -0.048 0.941 0.24
vertex 0.284 1.053 0.36
endloop
endfacet
facet normal 0.27 -0.952 0.143
outer loop
vertex -0.048 0.941 0.24
vertex 0.299 1.039 0.24
vertex 0.284 1.053 0.36
endloop
endfacet
facet normal 0 0 1
outer loop
vertex 0.284 1.053 0.36
vertex 0.367 1.383 0.36
vertex 0.04 1.29 0.36
endloop
endfacet
facet normal 0 0 1
outer loop
vertex 0.367 1.383 0.36
vertex 0.124 1.62 0.36
vertex 0.04 1.29 0.36
endloop
endfacet
facet normal 0 0 1
outer loop
vertex 0.124 1.62 0.36
vertex -0.204 1.527 0.36
vertex 0.04 1.29 0.36
endloop
endfacet
facet normal 0 0 1
outer loop
vertex -0.204 1.527 0.36
vertex -0.287 1.197 0.36
vertex 0.04 1.29 0.36
endloop
endfacet
facet normal 0 0 1
outer loop
vertex -0.287 1.197 0.36
vertex -0.043 0.96 0.36
vertex 0.04 1.29 0.36
endloop
endfacet
facet normal 0 0 1
outer loop
vertex -0.043 0.96 0.36
vertex 0.284 1.053 0.36
vertex 0.04 1.29 0.36
endloop
endfacet
facet normal 0 0 -1
outer loop
vertex 0.387 1.388 0.24
vertex 0.299 1.039 0.24
vertex 0.04 1.29 0.24
endloop
endfacet
facet normal 0 0 -1
outer loop
vertex 0.128 1.639 0.24
vertex 0.387 1.388 0.24
vertex 0.04 1.29 0.24
endloop
endfacet
facet normal 0 0 -1
outer loop
vertex -0.218 1.541 0.24
vertex 0.128 1.639 0.24
vertex 0.04 1.29 0.24
endloop
endfacet
facet normal 0 0 -1
outer loop
vertex -0.306 1.192 0.24
vertex -0.218 1.541 0.24
vertex 0.04 1.29 0.24
endloop
endfacet
facet normal 0 0 -1
outer loop
vertex -0.048 0.941 0.24
vertex -0.306 1.192 0.24
vertex 0.04 1.29 0.24
endloop
endfacet
facet normal 0 0 -1
outer loop
vertex 0.299 1.039 0.24
vertex -0.048 0.941 0.24
vertex 0.04 1.29 0.24
endloop
endfacet
facet normal 0.842 0.52 0.143
outer loop
vertex 0.776 0.69 0.36
vertex 0.796 0.691 0.24
vertex 0.597 0.979 0.36
endloop
endfacet
facet normal 0.842 0.52 0.143
outer loop
vertex 0.796 0.691 0.24
vertex 0.607 0.997 0.24
vertex 0.597 0.979 0.36
endloop
endfacet
facet normal -0.029 0.989 0.143
outer loop
vertex 0.597 0.979 0.36
vertex 0.607 0.997 0.24
vertex 0.258 0.969 0.36
endloop
endfacet
facet normal -0.029 0.989 0.143
outer loop
vertex 0.607 0.997 0.24
vertex 0.247 0.986 0.24
vertex 0.258 0.969 0.36
endloop
endfacet
facet normal -0.871 0.47 0.143
outer loop
vertex 0.258 0.969 0.36
vertex 0.247 0.986 0.24
vertex 0.096 0.67 0.36
endloop
endfacet
facet normal -0.871 0.47 0.143
outer loop
vertex 0.247 0.986 0.24
vertex 0.076 0.669 0.24
vertex 0.096 0.67 0.36
endloop
endfacet
facet normal -0.842 -0.52 0.143
outer loop
vertex 0.096 0.67 0.36
vertex 0.076 0.669 0.24
vertex 0.275 0.381 0.36
endloop
endfacet
facet normal -0.842 -0.52 0.143
outer loop
vertex 0.076 0.669 0.24
vertex 0.265 0.363 0.24
vertex 0.275 0.381 0.36
endloop
endfacet
facet normal 0.029 -0.989 0.143
outer loop
vertex 0.275 0.381 0.36
vertex 0.265 0.363 0.24
vertex 0.615 0.391 0.36
endloop
endfacet
facet normal 0.029 -0.989 0.143
outer loop
vertex 0.265 0.363 0.24
vertex 0.625 0.374 0.24
vertex 0.615 0.391 0.36
endloop
endfacet
facet normal 0.871 -0.47 0.143
outer loop
vertex 0.615 0.391 0.36
vertex 0.625 0.374 0.24
vertex 0.776 0.69 0.36
endloop
endfacet
facet normal 0.871 -0.47 0.143
outer loop
vertex 0.625 0.374 0.24
vertex 0.796 0.691 0.24
vertex 0.776 0.69 0.36
endloop
endfacet
facet normal 0 0 1
outer loop
vertex 0.776 0.69 0.36
vertex 0.597 0.979 0.36
vertex 0.436 0.68 0.36
endloop
endfacet
facet normal 0 0 1
outer loop
vertex 0.597 0.979 0.36
vertex 0.258 0.969 0.36
vertex 0.436 0.68 0.36
endloop
endfacet
facet normal 0 0 1
outer loop
vertex 0.258 0.969 0.36
vertex 0.096 0.67 0.36
vertex 0.436 0.68 0.36
endloop
endfacet
facet normal 0 0 1
outer loop
vertex 0.096 0.67 0.36
vertex 0.275 0.381 0.36
vertex 0.436 0.68 0.36
endloop
endfacet
facet normal 0 0 1
outer loop
vertex 0.275 0.381 0.36
vertex 0.615 0.391 0.36
vertex 0.436 0.68 0.36
endloop
endfacet
facet normal 0 0 1
outer loop
vertex 0.615 0.391 0.36
vertex 0.776 0.69 0.36
vertex 0.436 0.68 0.36
endloop
endfacet
facet normal 0 0 -1
outer loop
vertex 0.607 0.997 0.24
vertex 0.796 0.691 0.24
vertex 0.436 0.68 0.24
endloop
endfacet
facet normal 0 0 -1
outer loop
vertex 0.247 0.986 0.24
vertex 0.607 0.997 0.24
vertex 0.436 0.68 0.24
endloop
endfacet
facet normal 0 0 -1
outer loop
vertex 0.076 0.669 0.24
vertex 0.247 0.986 0.24
vertex 0.436 0.68 0.24
endloop
endfacet
facet normal 0 0 -1
outer loop
vertex 0.265 0.363 0.24
vertex 0.076 0.669 0.24
vertex 0.436 0.68 0.24
endloop
endfacet
facet normal 0 0 -1
outer loop
vertex 0.625 0.374 0.24
vertex 0.265 0.363 0.24
vertex 0.436 0.68 0.24
endloop
endfacet
facet normal 0 0 -1
outer loop
vertex 0.796 0.691 0.24
vertex 0.625 0.374 0.24
vertex 0.436 0.68 0.24
endloop
endfacet
facet normal 0.214 0.966 0.143
outer loop
vertex 0.977 0.321 0.36
vertex 0.99 0.335 0.24
vertex 0.645 0.394 0.36
endloop
endfacet
facet normal 0.214 0.966 0.143
outer loop
vertex 0.99 0.335 0.24
vertex 0.639 0.413 0.24
vertex 0.645 0.394 0.36
endloop
endfacet
facet normal -0.73 0.669 0.143
outer loop
vertex 0.645 0.394 0.36
vertex 0.639 0.413 0.24
vertex 0.415 0.144 0.36
endloop
endfacet
facet normal -0.73 0.669 0.143
outer loop
vertex 0.639 0.413 0.24
vertex 0.395 0.148 0.24
vertex 0.415 0.144 0.36
endloop
endfacet
facet normal -0.944 -0.298 0.143
outer loop
vertex 0.415 0.144 0.36
vertex 0.395 0.148 0.24
vertex 0.517 -0.181 0.36
endloop
endfacet
facet normal -0.944 -0.298 0.143
outer loop
vertex 0.395 0.148 0.24
vertex 0.504 -0.195 0.24
vertex 0.517 -0.181 0.36
endloop
endfacet
facet normal -0.214 -0.966 0.143
outer loop
vertex 0.517 -0.181 0.36
vertex 0.504 -0.195 0.24
vertex 0.849 -0.254 0.36
endloop
endfacet
facet normal -0.214 -0.966 0.143
outer loop
vertex 0.504 -0.195 0.24
vertex 0.855 -0.273 0.24
vertex 0.849 -0.254 0.36
endloop
endfacet
facet normal 0.73 -0.669 0.143
outer loop
vertex 0.849 -0.254 0.36
vertex 0.855 -0.273 0.24
vertex 1.079 -0.004 0.36
endloop
endfacet
facet normal 0.73 -0.669 0.143
outer loop
vertex 0.855 -0.273 0.24
vertex 1.098 -0.008 0.24
vertex 1.079 -0.004 0.36
endloop
endfacet
facet normal 0.944 0.298 0.143
outer loop
vertex 1.079 -0.004 0.36
vertex 1.098 -0.008 0.24
vertex 0.977 0.321 0.36
endloop
endfacet
facet normal 0.944 0.298 0.143
outer loop
vertex 1.098 -0.008 0.24
vertex 0.99 0.335 0.24
vertex 0.977 0.321 0.36
endloop
endfacet
facet normal 0 0 1
outer loop
vertex 0.977 0.321 0.36
vertex 0.645 0.394 0.36
vertex 0.747 0.07 0.36
endloop
endfacet
facet normal 0 0 1
outer loop
vertex 0.645 0.394 0.36
vertex 0.415 0.144 0.36
vertex 0.747 0.07 0.36
endloop
endfacet
facet normal 0 0 1
outer loop
vertex 0.415 0.144 0.36
vertex 0.517 -0.181 0.36
vertex 0.747 0.07 0.36
endloop
endfacet
facet normal 0 0 1
outer loop
vertex 0.517 -0.181 0.36
vertex 0.849 -0.254 0.36
vertex 0.747 0.07 0.36
endloop
endfacet
facet normal 0 0 1
outer loop
vertex 0.849 -0.254 0.36
vertex 1.079 -0.004 0.36
vertex 0.747 0.07 0.36
endloop
endfacet
facet normal 0 0 1
outer loop
vertex 1.079 -0.004 0.36
vertex 0.977 0.321 0.36
vertex 0.747 0.07 0.36
endloop
endfacet
facet normal 0 0 -1
outer loop
vertex 0.639 0.413 0.24
vertex 0.99 0.335 0.24
vertex 0.747 0.07 0.24
endloop
endfacet
facet normal 0 0 -1
outer loop
vertex 0.395 0.148 0.24
vertex 0.639 0.413 0.24
vertex 0.747 0.07 0.24
endloop
endfacet
facet normal 0 0 -1
outer loop
vertex 0.504 -0.195 0.24
vertex 0.395 0.148 0.24
vertex 0.747 0.07 0.24
endloop
endfacet
facet normal 0 0 -1
outer loop
vertex 0.855 -0.273 0.24
vertex 0.504 -0.195 0.24
vertex 0.747 0.07 0.24
endloop
endfacet
facet normal 0 0 -1
outer loop
vertex 1.098 -0.008 0.24
vertex 0.855 -0.273 0.24
vertex 0.747 0.07 0.24
endloop
endfacet
facet normal 0 0 -1
outer loop
vertex 0.99 0.335 0.24
vertex 1.098 -0.008 0.24
vertex 0.747 0.07 0.24
endloop
endfacet
facet normal -0.544 0.827 0.143
outer loop
vertex 0.921 -0.201 0.36
vertex 0.92 -0.181 0.24
vertex 0.637 -0.387 0.36
endloop
endfacet
facet normal -0.544 0.827 0.143
outer loop
vertex 0.92 -0.181 0.24
vertex 0.619 -0.379 0.24
vertex 0.637 -0.387 0.36
endloop
endfacet
facet normal -0.988 -0.058 0.143
outer loop
vertex 0.637 -0.387 0.36
vertex 0.619 -0.379 0.24
vertex 0.657 -0.727 0.36
endloop
endfacet
facet normal -0.988 -0.058 0.143
outer loop
vertex 0.619 -0.379 0.24
vertex 0.64 -0.738 0.24
vertex 0.657 -0.727 0.36
endloop
endfacet
facet normal -0.444 -0.885 0.143
outer loop
vertex 0.657 -0.727 0.36
vertex 0.64 -0.738 0.24
vertex 0.961 -0.879 0.36
endloop
endfacet
facet normal -0.444 -0.885 0.143
outer loop
vertex 0.64 -0.738 0.24
vertex 0.962 -0.899 0.24
vertex 0.961 -0.879 0.36
endloop
endfacet
facet normal 0.544 -0.827 0.143
outer loop
vertex 0.961 -0.879 0.36
vertex 0.962 -0.899 0.24
vertex 1.245 -0.693 0.36
endloop
endfacet
facet normal 0.544 -0.827 0.143
outer loop
vertex 0.962 -0.899 0.24
vertex 1.263 -0.701 0.24
vertex 1.245 -0.693 0.36
endloop
endfacet
facet normal 0.988 0.058 0.143
outer loop
vertex 1.245 -0.693 0.36
vertex 1.263 -0.701 0.24
vertex 1.225 -0.353 0.36
endloop
endfacet
facet normal 0.988 0.058 0.143
outer loop
vertex 1.263 -0.701 0.24
vertex 1.242 -0.342 0.24
vertex 1.225 -0.353 0.36
endloop
endfacet
facet normal 0.444 0.885 0.143
outer loop
vertex 1.225 -0.353 0.36
vertex 1.242 -0.342 0.24
vertex 0.921 -0.201 0.36
endloop
endfacet
facet normal 0.444 0.885 0.143
outer loop
vertex 1.242 -0.342 0.24
vertex 0.92 -0.181 0.24
vertex 0.921 -0.201 0.36
endloop
endfacet
facet normal 0 0 1
outer loop
vertex 0.921 -0.201 0.36
vertex 0.637 -0.387 0.36
vertex 0.941 -0.54 0.36
endloop
endfacet
facet normal 0 0 1
outer loop
vertex 0.637 -0.387 0.36
vertex 0.657 -0.727 0.36
vertex 0.941 -0.54 0.36
endloop
endfacet
facet normal 0 0 1
outer loop
vertex 0.657 -0.727 0.36
vertex 0.961 -0.879 0.36
vertex 0.941 -0.54 0.36
endloop
endfacet
facet normal 0 0 1
outer loop
vertex 0.961 -0.879 0.36
vertex 1.245 -0.693 0.36
vertex 0.941 -0.54 0.36
endloop
endfacet
facet normal 0 0 1
outer loop
vertex 1.245 -0.693 0.36
vertex 1.225 -0.353 0.36
vertex 0.941 -0.54 0.36
endloop
endfacet
facet normal 0 0 1
outer loop
vertex 1.225 -0.353 0.36
vertex 0.921 -0.201 0.36
vertex 0.941 -0.54 0.36
endloop
endfacet
facet normal 0 0 -1
outer loop
vertex 0.619 -0.379 0.24
vertex 0.92 -0.181 0.24
vertex 0.941 -0.54 0.24
endloop
endfacet
facet normal 0 0 -1
outer loop
vertex 0.64 -0.738 0.24
vertex 0.619 -0.379 0.24
vertex 0.941 -0.54 0.24
endloop
endfacet
facet normal 0 0 -1
outer loop
vertex 0.962 -0.899 0.24
vertex 0.64 -0.738 0.24
vertex 0.941 -0.54 0.24
endloop
endfacet
facet normal 0 0 -1
outer loop
vertex 1.263 -0.701 0.24
vertex 0.962 -0.899 0.24
vertex 0.941 -0.54 0.24
endloop
endfacet
facet normal 0 0 -1
outer loop
vertex 1.242 -0.342 0.24
vertex 1.263 -0.701 0.24
vertex 0.941 -0.54 0.24
endloop
endfacet
facet normal 0 0 -1
outer loop
vertex 0.92 -0.181 0.24
vertex 1.242 -0.342 0.24
vertex 0.941 -0.54 0.24
endloop
endfacet
facet normal -0.972 0.186 0.143
outer loop
vertex 0.742 -0.928 0.36
vertex 0.727 -0.915 0.24
vertex 0.678 -1.262 0.36
endloop
endfacet
facet normal -0.972 0.186 0.143
outer loop
vertex 0.727 -0.915 0.24
vertex 0.659 -1.268 0.24
vertex 0.678 -1.262 0.36
endloop
endfacet
facet normal -0.647 -0.749 0.143
outer loop
vertex 0.678 -1.262 0.36
vertex 0.659 -1.268 0.24
vertex 0.936 -1.484 0.36
endloop
endfacet
facet normal -0.647 -0.749 0.143
outer loop
vertex 0.659 -1.268 0.24
vertex 0.932 -1.504 0.24
vertex 0.936 -1.484 0.36
endloop
endfacet
facet normal 0.325 -0.935 0.143
outer loop
vertex 0.936 -1.484 0.36
vertex 0.932 -1.504 0.24
vertex 1.257 -1.372 0.36
endloop
endfacet
facet normal 0.325 -0.935 0.143
outer loop
vertex 0.932 -1.504 0.24
vertex 1.272 -1.385 0.24
vertex 1.257 -1.372 0.36
endloop
endfacet
facet normal 0.972 -0.186 0.143
outer loop
vertex 1.257 -1.372 0.36
vertex 1.272 -1.385 0.24
vertex 1.321 -1.038 0.36
endloop
endfacet
facet normal 0.972 -0.186 0.143
outer loop
vertex 1.272 -1.385 0.24
vertex 1.339 -1.032 0.24
vertex 1.321 -1.038 0.36
endloop
endfacet
facet normal 0.647 0.749 0.143
outer loop
vertex 1.321 -1.038 0.36
vertex 1.339 -1.032 0.24
vertex 1.063 -0.816 0.36
endloop
endfacet
facet normal 0.647 0.749 0.143
outer loop
vertex 1.339 -1.032 0.24
vertex 1.067 -0.796 0.24
vertex 1.063 -0.816 0.36
endloop
endfacet
facet normal -0.325 0.935 0.143
outer loop
vertex 1.063 -0.816 0.36
vertex 1.067 -0.796 0.24
vertex 0.742 -0.928 0.36
endloop
endfacet
facet normal -0.325 0.935 0.143
outer loop
vertex 1.067 -0.796 0.24
vertex 0.727 -0.915 0.24
vertex 0.742 -0.928 0.36
endloop
endfacet
facet normal 0 0 1
outer loop
vertex 0.742 -0.928 0.36
vertex 0.678 -1.262 0.36
vertex 0.999 -1.15 0.36
endloop
endfacet
facet normal 0 0 1
outer loop
vertex 0.678 -1.262 0.36
vertex 0.936 -1.484 0.36
vertex 0.999 -1.15 0.36
endloop
endfacet
facet normal 0 0 1
outer loop
vertex 0.936 -1.484 0.36
vertex 1.257 -1.372 0.36
vertex 0.999 -1.15 0.36
endloop
endfacet
facet normal 0 0 1
outer loop
vertex 1.257 -1.372 0.36
vertex 1.321 -1.038 0.36
vertex 0.999 -1.15 0.36
endloop
endfacet
facet normal 0 0 1
outer loop
vertex 1.321 -1.038 0.36
vertex 1.063 -0.816 0.36
vertex 0.999 -1.15 0.36
endloop
endfacet
facet normal 0 0 1
outer loop
vertex 1.063 -0.816 0.36
vertex 0.742 -0.928 0.36
vertex 0.999 -1.15 0.36
endloop
endfacet
facet normal 0 0 -1
outer loop
vertex 0.659 -1.268 0.24
vertex 0.727 -0.915 0.24
vertex 0.999 -1.15 0.24
endloop
endfacet
facet normal 0 0 -1
outer loop
vertex 0.932 -1.504 0.24
vertex 0.659 -1.268 0.24
vertex 0.999 -1.15 0.24
endloop
endfacet
facet normal 0 0 -1
outer loop
vertex 1.272 -1.385 0.24
vertex 0.932 -1.504 0.24
vertex 0.999 -1.15 0.24
endloop
endfacet
facet normal 0 0 -1
outer loop
vertex 1.339 -1.032 0.24
vertex 1.272 -1.385 0.24
vertex 0.999 -1.15 0.24
endloop
endfacet
facet normal 0 0 -1
outer loop
vertex 1.067 -0.796 0.24
vertex 1.339 -1.032 0.24
vertex 0.999 -1.15 0.24
endloop
endfacet
facet normal 0 0 -1
outer loop
vertex 0.727 -0.915 0.24
vertex 1.067 -0.796 0.24
vertex 0.999 -1.15 0.24
endloop
endfacet
facet normal -0.811 -0.568 0.143
outer loop
vertex 0.577 -1.79 0.36
vertex 0.557 -1.791 0.24
vertex 0.772 -2.068 0.36
endloop
endfacet
facet normal -0.811 -0.568 0.143
outer loop
vertex 0.557 -1.791 0.24
vertex 0.763 -2.086 0.24
vertex 0.772 -2.068 0.36
endloop
endfacet
facet normal 0.087 -0.986 0.143
outer loop
vertex 0.772 -2.068 0.36
vertex 0.763 -2.086 0.24
vertex 1.111 -2.038 0.36
endloop
endfacet
facet normal 0.087 -0.986 0.143
outer loop
vertex 0.763 -2.086 0.24
vertex 1.122 -2.055 0.24
vertex 1.111 -2.038 0.36
endloop
endfacet
facet normal 0.897 -0.418 0.143
outer loop
vertex 1.111 -2.038 0.36
vertex 1.122 -2.055 0.24
vertex 1.254 -1.73 0.36
endloop
endfacet
facet normal 0.897 -0.418 0.143
outer loop
vertex 1.122 -2.055 0.24
vertex 1.274 -1.729 0.24
vertex 1.254 -1.73 0.36
endloop
endfacet
facet normal 0.811 0.568 0.143
outer loop
vertex 1.254 -1.73 0.36
vertex 1.274 -1.729 0.24
vertex 1.059 -1.452 0.36
endloop
endfacet
facet normal 0.811 0.568 0.143
outer loop
vertex 1.274 -1.729 0.24
vertex 1.068 -1.434 0.24
vertex 1.059 -1.452 0.36
endloop
endfacet
facet normal -0.087 0.986 0.143
outer loop
vertex 1.059 -1.452 0.36
vertex 1.068 -1.434 0.24
vertex 0.72 -1.482 0.36
endloop
endfacet
facet normal -0.087 0.986 0.143
outer loop
vertex 1.068 -1.434 0.24
vertex 0.709 -1.465 0.24
vertex 0.72 -1.482 0.36
endloop
endfacet
facet normal -0.897 0.418 0.143
outer loop
vertex 0.72 -1.482 0.36
vertex 0.709 -1.465 0.24
vertex 0.577 -1.79 0.36
endloop
endfacet
facet normal -0.897 0.418 0.143
outer loop
vertex 0.709 -1.465 0.24
vertex 0.557 -1.791 0.24
vertex 0.577 -1.79 0.36
endloop
endfacet
facet normal 0 0 1
outer loop
vertex 0.577 -1.79 0.36
vertex 0.772 -2.068 0.36
vertex 0.916 -1.76 0.36
endloop
endfacet
facet normal 0 0 1
outer loop
vertex 0.772 -2.068 0.36
vertex 1.111 -2.038 0.36
vertex 0.916 -1.76 0.36
endloop
endfacet
facet normal 0 0 1
outer loop
vertex 1.111 -2.038 0.36
vertex 1.254 -1.73 0.36
vertex 0.916 -1.76 0.36
endloop
endfacet
facet normal 0 0 1
outer loop
vertex 1.254 -1.73 0.36
vertex 1.059 -1.452 0.36
vertex 0.916 -1.76 0.36
endloop
endfacet
facet normal 0 0 1
outer loop
vertex 1.059 -1.452 0.36
vertex 0.72 -1.482 0.36
vertex 0.916 -1.76 0.36
endloop
endfacet
facet normal 0 0 1
outer loop
vertex 0.72 -1.482 0.36
vertex 0.577 -1.79 0.36
vertex 0.916 -1.76 0.36
endloop
endfacet
facet normal 0 0 -1
outer loop
vertex 0.763 -2.086 0.24
vertex 0.557 -1.791 0.24
vertex 0.916 -1.76 0.24
endloop
endfacet
facet normal 0 0 -1
outer loop
vertex 1.122 -2.055 0.24
vertex 0.763 -2.086 0.24
vertex 0.916 -1.76 0.24
endloop
endfacet
facet normal 0 0 -1
outer loop
vertex 1.274 -1.729 0.24
vertex 1.122 -2.055 0.24
vertex 0.916 -1.76 0.24
endloop
endfacet
facet normal 0 0 -1
outer loop
vertex 1.068 -1.434 0.24
vertex 1.274 -1.729 0.24
vertex 0.916 -1.76 0.24
endloop
endfacet
facet normal 0 0 -1
outer loop
vertex 0.709 -1.465 0.24
vertex 1.068 -1.434 0.24
vertex 0.916 -1.76 0.24
endloop
endfacet
facet normal 0 0 -1
outer loop
vertex 0.557 -1.791 0.24
vertex 0.709 -1.465 0.24
vertex 0.916 -1.76 0.24
endloop
endfacet
facet normal -0.157 -0.977 0.143
outer loop
vertex 0.483 -2.634 0.36
vertex 0.471 -2.649 0.24
vertex 0.819 -2.688 0.36
endloop
endfacet
facet normal -0.157 -0.977 0.143
outer loop
vertex 0.471 -2.649 0.24
vertex 0.826 -2.706 0.24
vertex 0.819 -2.688 0.36
endloop
endfacet
facet normal 0.768 -0.625 0.143
outer loop
vertex 0.819 -2.688 0.36
vertex 0.826 -2.706 0.24
vertex 1.034 -2.424 0.36
endloop
endfacet
facet normal 0.768 -0.625 0.143
outer loop
vertex 0.826 -2.706 0.24
vertex 1.053 -2.427 0.24
vertex 1.034 -2.424 0.36
endloop
endfacet
facet normal 0.925 0.352 0.143
outer loop
vertex 1.034 -2.424 0.36
vertex 1.053 -2.427 0.24
vertex 0.913 -2.106 0.36
endloop
endfacet
facet normal 0.925 0.352 0.143
outer loop
vertex 1.053 -2.427 0.24
vertex 0.925 -2.091 0.24
vertex 0.913 -2.106 0.36
endloop
endfacet
facet normal 0.157 0.977 0.143
outer loop
vertex 0.913 -2.106 0.36
vertex 0.925 -2.091 0.24
vertex 0.577 -2.052 0.36
endloop
endfacet
facet normal 0.157 0.977 0.143
outer loop
vertex 0.925 -2.091 0.24
vertex 0.57 -2.034 0.24
vertex 0.577 -2.052 0.36
endloop
endfacet
facet normal -0.768 0.625 0.143
outer loop
vertex 0.577 -2.052 0.36
vertex 0.57 -2.034 0.24
vertex 0.362 -2.316 0.36
endloop
endfacet
facet normal -0.768 0.625 0.143
outer loop
vertex 0.57 -2.034 0.24
vertex 0.343 -2.313 0.24
vertex 0.362 -2.316 0.36
endloop
endfacet
facet normal -0.925 -0.352 0.143
outer loop
vertex 0.362 -2.316 0.36
vertex 0.343 -2.313 0.24
vertex 0.483 -2.634 0.36
endloop
endfacet
facet normal -0.925 -0.352 0.143
outer loop
vertex 0.343 -2.313 0.24
vertex 0.471 -2.649 0.24
vertex 0.483 -2.634 0.36
endloop
endfacet
facet normal 0 0 1
outer loop
vertex 0.483 -2.634 0.36
vertex 0.819 -2.688 0.36
vertex 0.698 -2.37 0.36
endloop
endfacet
facet normal 0 0 1
outer loop
vertex 0.819 -2.688 0.36
vertex 1.034 -2.424 0.36
vertex 0.698 -2.37 0.36
endloop
endfacet
facet normal 0 0 1
outer loop
vertex 1.034 -2.424 0.36
vertex 0.913 -2.106 0.36
vertex 0.698 -2.37 0.36
endloop
endfacet
facet normal 0 0 1
outer loop
vertex 0.913 -2.106 0.36
vertex 0.577 -2.052 0.36
vertex 0.698 -2.37 0.36
endloop
endfacet
facet normal 0 0 1
outer loop
vertex 0.577 -2.052 0.36
vertex 0.362 -2.316 0.36
vertex 0.698 -2.37 0.36
endloop
endfacet
facet normal 0 0 1
outer loop
vertex 0.362 -2.316 0.36
vertex 0.483 -2.634 0.36
vertex 0.698 -2.37 0.36
endloop
endfacet
facet normal 0 0 -1
outer loop
vertex 0.826 -2.706 0.24
vertex 0.471 -2.649 0.24
vertex 0.698 -2.37 0.24
endloop
endfacet
facet normal 0 0 -1
outer loop
vertex 1.053 -2.427 0.24
vertex 0.826 -2.706 0.24
vertex 0.698 -2.37 0.24
endloop
endfacet
facet normal 0 0 -1
outer loop
vertex 0.925 -2.091 0.24
vertex 1.053 -2.427 0.24
vertex 0.698 -2.37 0.24
endloop
endfacet
facet normal 0 0 -1
outer loop
vertex 0.57 -2.034 0.24
vertex 0.925 -2.091 0.24
vertex 0.698 -2.37 0.24
endloop
endfacet
facet normal 0 0 -1
outer loop
vertex 0.343 -2.313 0.24
vertex 0.57 -2.034 0.24
vertex 0.698 -2.37 0.24
endloop
endfacet
facet normal 0 0 -1
outer loop
vertex 0.471 -2.649 0.24
vertex 0.343 -2.313 0.24
vertex 0.698 -2.37 0.24
endloop
endfacet
facet normal 0.591 -0.794 0.143
outer loop
vertex 0.409 -3.318 0.36
vertex 0.411 -3.338 0.24
vertex 0.681 -3.115 0.36
endloop
endfacet
facet normal 0.591 -0.794 0.143
outer loop
vertex 0.411 -3.338 0.24
vertex 0.7 -3.122 0.24
vertex 0.681 -3.115 0.36
endloop
endfacet
facet normal 0.983 0.115 0.143
outer loop
vertex 0.681 -3.115 0.36
vertex 0.7 -3.122 0.24
vertex 0.642 -2.777 0.36
endloop
endfacet
facet normal 0.983 0.115 0.143
outer loop
vertex 0.7 -3.122 0.24
vertex 0.658 -2.765 0.24
vertex 0.642 -2.777 0.36
endloop
endfacet
facet normal 0.392 0.909 0.143
outer loop
vertex 0.642 -2.777 0.36
vertex 0.658 -2.765 0.24
vertex 0.329 -2.642 0.36
endloop
endfacet
facet normal 0.392 0.909 0.143
outer loop
vertex 0.658 -2.765 0.24
vertex 0.327 -2.622 0.24
vertex 0.329 -2.642 0.36
endloop
endfacet
facet normal -0.591 0.794 0.143
outer loop
vertex 0.329 -2.642 0.36
vertex 0.327 -2.622 0.24
vertex 0.057 -2.845 0.36
endloop
endfacet
facet normal -0.591 0.794 0.143
outer loop
vertex 0.327 -2.622 0.24
vertex 0.038 -2.838 0.24
vertex 0.057 -2.845 0.36
endloop
endfacet
facet normal -0.983 -0.115 0.143
outer loop
vertex 0.057 -2.845 0.36
vertex 0.038 -2.838 0.24
vertex 0.096 -3.183 0.36
endloop
endfacet
facet normal -0.983 -0.115 0.143
outer loop
vertex 0.038 -2.838 0.24
vertex 0.08 -3.195 0.24
vertex 0.096 -3.183 0.36
endloop
endfacet
facet normal -0.392 -0.909 0.143
outer loop
vertex 0.096 -3.183 0.36
vertex 0.08 -3.195 0.24
vertex 0.409 -3.318 0.36
endloop
endfacet
facet normal -0.392 -0.909 0.143
outer loop
vertex 0.08 -3.195 0.24
vertex 0.411 -3.338 0.24
vertex 0.409 -3.318 0.36
endloop
endfacet
facet normal 0 0 1
outer loop
vertex 0.409 -3.318 0.36
vertex 0.681 -3.115 0.36
vertex 0.369 -2.98 0.36
endloop
endfacet
facet normal 0 0 1
outer loop
vertex 0.681 -3.115 0.36
vertex 0.642 -2.777 0.36
vertex 0.369 -2.98 0.36
endloop
endfacet
facet normal 0 0 1
outer loop
vertex 0.642 -2.777 0.36
vertex 0.329 -2.642 0.36
vertex 0.369 -2.98 0.36
endloop
endfacet
facet normal 0 0 1
outer loop
vertex 0.329 -2.642 0.36
vertex 0.057 -2.845 0.36
vertex 0.369 -2.98 0.36
endloop
endfacet
facet normal 0 0 1
outer loop
vertex 0.057 -2.845 0.36
vertex 0.096 -3.183 0.36
vertex 0.369 -2.98 0.36
endloop
endfacet
facet normal 0 0 1
outer loop
vertex 0.096 -3.183 0.36
vertex 0.409 -3.318 0.36
vertex 0.369 -2.98 0.36
endloop
endfacet
facet normal 0 0 -1
outer loop
vertex 0.7 -3.122 0.24
vertex 0.411 -3.338 0.24
vertex 0.369 -2.98 0.24
endloop
endfacet
facet normal 0 0 -1
outer loop
vertex 0.658 -2.765 0.24
vertex 0.7 -3.122 0.24
vertex 0.369 -2.98 0.24
endloop
endfacet
facet normal 0 0 -1
outer loop
vertex 0.327 -2.622 0.24
vertex 0.658 -2.765 0.24
vertex 0.369 -2.98 0.24
endloop
endfacet
facet normal 0 0 -1
outer loop
vertex 0.038 -2.838 0.24
vertex 0.327 -2.622 0.24
vertex 0.369 -2.98 0.24
endloop
endfacet
facet normal 0 0 -1
outer loop
vertex 0.08 -3.195 0.24
vertex 0.038 -2.838 0.24
vertex 0.369 -2.98 0.24
endloop
endfacet
facet normal 0 0 -1
outer loop
vertex 0.411 -3.338 0.24
vertex 0.08 -3.195 0.24
vertex 0.369 -2.98 0.24
endloop
endfacet
facet normal 0.981 -0.129 0.143
outer loop
vertex 0.232 -3.797 0.36
vertex 0.248 -3.809 0.24
vertex 0.276 -3.46 0.36
endloop
endfacet
facet normal 0.981 -0.129 0.143
outer loop
vertex 0.248 -3.809 0.24
vertex 0.295 -3.452 0.24
vertex 0.276 -3.46 0.36
endloop
endfacet
facet normal 0.602 0.786 0.143
outer loop
vertex 0.276 -3.46 0.36
vertex 0.295 -3.452 0.24
vertex 0.006 -3.253 0.36
endloop
endfacet
facet normal 0.602 0.786 0.143
outer loop
vertex 0.295 -3.452 0.24
vertex 0.009 -3.233 0.24
vertex 0.006 -3.253 0.36
endloop
endfacet
facet normal -0.379 0.914 0.143
outer loop
vertex 0.006 -3.253 0.36
vertex 0.009 -3.233 0.24
vertex -0.308 -3.383 0.36
endloop
endfacet
facet normal -0.379 0.914 0.143
outer loop
vertex 0.009 -3.233 0.24
vertex -0.324 -3.371 0.24
vertex -0.308 -3.383 0.36
endloop
endfacet
facet normal -0.981 0.129 0.143
outer loop
vertex -0.308 -3.383 0.36
vertex -0.324 -3.371 0.24
vertex -0.352 -3.72 0.36
endloop
endfacet
facet normal -0.981 0.129 0.143
outer loop
vertex -0.324 -3.371 0.24
vertex -0.37 -3.728 0.24
vertex -0.352 -3.72 0.36
endloop
endfacet
facet normal -0.602 -0.786 0.143
outer loop
vertex -0.352 -3.72 0.36
vertex -0.37 -3.728 0.24
vertex -0.082 -3.927 0.36
endloop
endfacet
facet normal -0.602 -0.786 0.143
outer loop
vertex -0.37 -3.728 0.24
vertex -0.085 -3.947 0.24
vertex -0.082 -3.927 0.36
endloop
endfacet
facet normal 0.379 -0.914 0.143
outer loop
vertex -0.082 -3.927 0.36
vertex -0.085 -3.947 0.24
vertex 0.232 -3.797 0.36
endloop
endfacet
facet normal 0.379 -0.914 0.143
outer loop
vertex -0.085 -3.947 0.24
vertex 0.248 -3.809 0.24
vertex 0.232 -3.797 0.36
endloop
endfacet
facet normal 0 0 1
outer loop
vertex 0.232 -3.797 0.36
vertex 0.276 -3.46 0.36
vertex -0.038 -3.59 0.36
endloop
endfacet
facet normal 0 0 1
outer loop
vertex 0.276 -3.46 0.36
vertex 0.006 -3.253 0.36
vertex -0.038 -3.59 0.36
endloop
endfacet
facet normal 0 0 1
outer loop
vertex 0.006 -3.253 0.36
vertex -0.308 -3.383 0.36
vertex -0.038 -3.59 0.36
endloop
endfacet
facet normal 0 0 1
outer loop
vertex -0.308 -3.383 0.36
vertex -0.352 -3.72 0.36
vertex -0.038 -3.59 0.36
endloop
endfacet
facet normal 0 0 1
outer loop
vertex -0.352 -3.72 0.36
vertex -0.082 -3.927 0.36
vertex -0.038 -3.59 0.36
endloop
endfacet
facet normal 0 0 1
outer loop
vertex -0.082 -3.927 0.36
vertex 0.232 -3.797 0.36
vertex -0.038 -3.59 0.36
endloop
endfacet
facet normal 0 0 -1
outer loop
vertex 0.295 -3.452 0.24
vertex 0.248 -3.809 0.24
vertex -0.038 -3.59 0.24
endloop
endfacet
facet normal 0 0 -1
outer loop
vertex 0.009 -3.233 0.24
vertex 0.295 -3.452 0.24
vertex -0.038 -3.59 0.24
endloop
endfacet
facet normal 0 0 -1
outer loop
vertex -0.324 -3.371 0.24
vertex 0.009 -3.233 0.24
vertex -0.038 -3.59 0.24
endloop
endfacet
facet normal 0 0 -1
outer loop
vertex -0.37 -3.728 0.24
vertex -0.324 -3.371 0.24
vertex -0.038 -3.59 0.24
endloop
endfacet
facet normal 0 0 -1
outer loop
vertex -0.085 -3.947 0.24
vertex -0.37 -3.728 0.24
vertex -0.038 -3.59 0.24
endloop
endfacet
facet normal 0 0 -1
outer loop
vertex 0.248 -3.809 0.24
vertex -0.085 -3.947 0.24
vertex -0.038 -3.59 0.24
endloop
endfacet
facet normal 0.995 -0.1 0
outer loop
vertex 0.101 -0.668 0.45
vertex 0.101 -0.668 0.25
vertex 0.381 2.118 0.45
endloop
endfacet
facet normal 0.995 -0.1 0
outer loop
vertex 0.101 -0.668 0.25
vertex 0.381 2.118 0.25
vertex 0.381 2.118 0.45
endloop
endfacet
facet normal -0.995 0.1 0
outer loop
vertex -3.101 2.468 0.45
vertex -3.101 2.468 0.25
vertex -3.381 -0.318 0.45
endloop
endfacet
facet normal -0.995 0.1 0
outer loop
vertex -3.101 2.468 0.25
vertex -3.381 -0.318 0.25
vertex -3.381 -0.318 0.45
endloop
endfacet
facet normal 0 0 1
outer loop
vertex -3.101 2.468 0.45
vertex -3.381 -0.318 0.45
vertex 0.381 2.118 0.45
endloop
endfacet
facet normal 0 0 1
outer loop
vertex -3.381 -0.318 0.45
vertex 0.101 -0.668 0.45
vertex 0.381 2.118 0.45
endloop
endfacet
facet normal 0 0 -1
outer loop
vertex -3.381 -0.318 0.25
vertex -3.101 2.468 0.25
vertex 0.101 -0.668 0.25
endloop
endfacet
facet normal 0 0 -1
outer loop
vertex -3.101 2.468 0.25
vertex 0.381 2.118 0.25
vertex 0.101 -0.668 0.25
endloop
endfacet
facet normal -0.1 -0.995 0
outer loop
vertex -3.381 -0.318 0.45
vertex -3.381 -0.318 0.25
vertex 0.101 -0.668 0.45
endloop
endfacet
facet normal -0.1 -0.995 0
outer loop
vertex -3.381 -0.318 0.25
vertex 0.101 -0.668 0.25
vertex 0.101 -0.668 0.45
endloop
endfacet
facet normal 0.1 0.995 0
outer loop
vertex 0.381 2.118 0.45
vertex 0.381 2.118 0.25
vertex -3.101 2.468 0.45
endloop
endfacet
facet normal 0.1 0.995 0
outer loop
vertex 0.381 2.118 0.25
vertex -3.101 2.468 0.25
vertex -3.101 2.468 0.45
endloop
endfacet
facet normal 0.995 -0.1 0
outer loop
vertex 0.284 1.907 3.225
vertex 0.284 1.907 0.475
vertex 0.298 2.046 3.225
endloop
endfacet
facet normal 0.995 -0.1 0
outer loop
vertex 0.284 1.907 0.475
vertex 0.298 2.046 0.475
vertex 0.298 2.046 3.225
endloop
endfacet
facet normal -0.995 0.1 0
outer loop
vertex -3.035 2.381 3.225
vertex -3.035 2.381 0.475
vertex -3.049 2.241 3.225
endloop
endfacet
facet normal -0.995 0.1 0
outer loop
vertex -3.035 2.381 0.475
vertex -3.049 2.241 0.475
vertex -3.049 2.241 3.225
endloop
endfacet
facet normal 0 0 1
outer loop
vertex -3.035 2.381 3.225
vertex -3.049 2.241 3.225
vertex 0.298 2.046 3.225
endloop
endfacet
facet normal 0 0 1
outer loop
vertex -3.049 2.241 3.225
vertex 0.284 1.907 3.225
vertex 0.298 2.046 3.225
endloop
endfacet
facet normal 0 0 -1
outer loop
vertex -3.049 2.241 0.475
vertex -3.035 2.381 0.475
vertex 0.284 1.907 0.475
endloop
endfacet
facet normal 0 0 -1
outer loop
vertex -3.035 2.381 0.475
vertex 0.298 2.046 0.475
vertex 0.284 1.907 0.475
endloop
endfacet
facet normal -0.1 -0.995 0
outer loop
vertex -3.049 2.241 3.225
vertex -3.049 2.241 0.475
vertex 0.284 1.907 3.225
endloop
endfacet
facet normal -0.1 -0.995 0
outer loop
vertex -3.049 2.241 0.475
vertex 0.284 1.907 0.475
vertex 0.284 1.907 3.225
endloop
endfacet
facet normal 0.1 0.995 0
outer loop
vertex 0.298 2.046 3.225
vertex 0.298 2.046 0.475
vertex -3.035 2.381 3.225
endloop
endfacet
facet normal 0.1 0.995 0
outer loop
vertex 0.298 2.046 0.475
vertex -3.035 2.381 0.475
vertex -3.035 2.381 3.225
endloop
endfacet
facet normal 0.995 -0.1 0
outer loop
vertex -3.152 -0.241 3.225
vertex -3.152 -0.241 0.475
vertex -2.893 2.346 3.225
endloop
endfacet
facet normal 0.995 -0.1 0
outer loop
vertex -3.152 -0.241 0.475
vertex -2.893 2.346 0.475
vertex -2.893 2.346 3.225
endloop
endfacet
facet normal -0.995 0.1 0
outer loop
vertex -3.032 2.36 3.225
vertex -3.032 2.36 0.475
vertex -3.291 -0.227 3.225
endloop
endfacet
facet normal -0.995 0.1 0
outer loop
vertex -3.032 2.36 0.475
vertex -3.291 -0.227 0.475
vertex -3.291 -0.227 3.225
endloop
endfacet
facet normal 0 0 1
outer loop
vertex -3.032 2.36 3.225
vertex -3.291 -0.227 3.225
vertex -2.893 2.346 3.225
endloop
endfacet
facet normal 0 0 1
outer loop
vertex -3.291 -0.227 3.225
vertex -3.152 -0.241 3.225
vertex -2.893 2.346 3.225
endloop
endfacet
facet normal 0 0 -1
outer loop
vertex -3.291 -0.227 0.475
vertex -3.032 2.36 0.475
vertex -3.152 -0.241 0.475
endloop
endfacet
facet normal 0 0 -1
outer loop
vertex -3.032 2.36 0.475
vertex -2.893 2.346 0.475
vertex -3.152 -0.241 0.475
endloop
endfacet
facet normal -0.1 -0.995 0
outer loop
vertex -3.291 -0.227 3.225
vertex -3.291 -0.227 0.475
vertex -3.152 -0.241 3.225
endloop
endfacet
facet normal -0.1 -0.995 0
outer loop
vertex -3.291 -0.227 0.475
vertex -3.152 -0.241 0.475
vertex -3.152 -0.241 3.225
endloop
endfacet
facet normal 0.1 0.995 0
outer loop
vertex -2.893 2.346 3.225
vertex -2.893 2.346 0.475
vertex -3.032 2.36 3.225
endloop
endfacet
facet normal 0.1 0.995 0
outer loop
vertex -2.893 2.346 0.475
vertex -3.032 2.36 0.475
vertex -3.032 2.36 3.225
endloop
endfacet
facet normal 0.995 -0.1 0
outer loop
vertex 0.019 -0.534 3.4
vertex 0.019 -0.534 0.5
vertex 0.034 -0.385 3.4
endloop
endfacet
facet normal 0.995 -0.1 0
outer loop
vertex 0.019 -0.534 0.5
vertex 0.034 -0.385 0.5
vertex 0.034 -0.385 3.4
endloop
endfacet
facet normal -0.995 0.1 0
outer loop
vertex -0.115 -0.37 3.4
vertex -0.115 -0.37 0.5
vertex -0.13 -0.519 3.4
endloop
endfacet
facet normal -0.995 0.1 0
outer loop
vertex -0.115 -0.37 0.5
vertex -0.13 -0.519 0.5
vertex -0.13 -0.519 3.4
endloop
endfacet
facet normal 0 0 1
outer loop
vertex -0.115 -0.37 3.4
vertex -0.13 -0.519 3.4
vertex 0.034 -0.385 3.4
endloop
endfacet
facet normal 0 0 1
outer loop
vertex -0.13 -0.519 3.4
vertex 0.019 -0.534 3.4
vertex 0.034 -0.385 3.4
endloop
endfacet
facet normal 0 0 -1
outer loop
vertex -0.13 -0.519 0.5
vertex -0.115 -0.37 0.5
vertex 0.019 -0.534 0.5
endloop
endfacet
facet normal 0 0 -1
outer loop
vertex -0.115 -0.37 0.5
vertex 0.034 -0.385 0.5
vertex 0.019 -0.534 0.5
endloop
endfacet
facet normal -0.1 -0.995 0
outer loop
vertex -0.13 -0.519 3.4
vertex -0.13 -0.519 0.5
vertex 0.019 -0.534 3.4
endloop
endfacet
facet normal -0.1 -0.995 0
outer loop
vertex -0.13 -0.519 0.5
vertex 0.019 -0.534 0.5
vertex 0.019 -0.534 3.4
endloop
endfacet
facet normal 0.1 0.995 0
outer loop
vertex 0.034 -0.385 3.4
vertex 0.034 -0.385 0.5
vertex -0.115 -0.37 3.4
endloop
endfacet
facet normal 0.1 0.995 0
outer loop
vertex 0.034 -0.385 0.5
vertex -0.115 -0.37 0.5
vertex -0.115 -0.37 3.4
endloop
endfacet
facet normal 0.995 -0.1 0
outer loop
vertex -3.125 -0.218 3.4
vertex -3.125 -0.218 0.5
vertex -3.11 -0.069 3.4
endloop
endfacet
facet normal 0.995 -0.1 0
outer loop
vertex -3.125 -0.218 0.5
vertex -3.11 -0.069 0.5
vertex -3.11 -0.069 3.4
endloop
endfacet
facet normal -0.995 0.1 0
outer loop
vertex -3.259 -0.054 3.4
vertex -3.259 -0.054 0.5
vertex -3.274 -0.203 3.4
endloop
endfacet
facet normal -0.995 0.1 0
outer loop
vertex -3.259 -0.054 0.5
vertex -3.274 -0.203 0.5
vertex -3.274 -0.203 3.4
endloop
endfacet
facet normal 0 0 1
outer loop
vertex -3.259 -0.054 3.4
vertex -3.274 -0.203 3.4
vertex -3.11 -0.069 3.4
endloop
endfacet
facet normal 0 0 1
outer loop
vertex -3.274 -0.203 3.4
vertex -3.125 -0.218 3.4
vertex -3.11 -0.069 3.4
endloop
endfacet
facet normal 0 0 -1
outer loop
vertex -3.274 -0.203 0.5
vertex -3.259 -0.054 0.5
vertex -3.125 -0.218 0.5
endloop
endfacet
facet normal 0 0 -1
outer loop
vertex -3.259 -0.054 0.5
vertex -3.11 -0.069 0.5
vertex -3.125 -0.218 0.5
endloop
endfacet
facet normal -0.1 -0.995 0
outer loop
vertex -3.274 -0.203 3.4
vertex -3.274 -0.203 0.5
vertex -3.125 -0.218 3.4
endloop
endfacet
facet normal -0.1 -0.995 0
outer loop
vertex -3.274 -0.203 0.5
vertex -3.125 -0.218 0.5
vertex -3.125 -0.218 3.4
endloop
endfacet
facet normal 0.1 0.995 0
outer loop
vertex -3.11 -0.069 3.4
vertex -3.11 -0.069 0.5
vertex -3.259 -0.054 3.4
endloop
endfacet
facet normal 0.1 0.995 0
outer loop
vertex -3.11 -0.069 0.5
vertex -3.259 -0.054 0.5
vertex -3.259 -0.054 3.4
endloop
endfacet
facet normal 0.99 -0.099 -0.1
outer loop
vertex 0.276 -0.936 3.355
vertex 0.256 -0.934 3.156
vertex 0.605 2.347 3.355
endloop
endfacet
facet normal 0.99 -0.099 -0.1
outer loop
vertex 0.256 -0.934 3.156
vertex 0.585 2.349 3.156
vertex 0.605 2.347 3.355
endloop
endfacet
facet normal -0.99 0.099 0.1
outer loop
vertex -3.256 2.734 3.744
vertex -3.276 2.736 3.545
vertex -3.585 -0.549 3.744
endloop
endfacet
facet normal -0.99 0.099 0.1
outer loop
vertex -3.276 2.736 3.545
vertex -3.605 -0.547 3.545
vertex -3.585 -0.549 3.744
endloop
endfacet
facet normal 0.099 -0.01 0.995
outer loop
vertex -3.256 2.734 3.744
vertex -3.585 -0.549 3.744
vertex 0.605 2.347 3.355
endloop
endfacet
facet normal 0.099 -0.01 0.995
outer loop
vertex -3.585 -0.549 3.744
vertex 0.276 -0.936 3.355
vertex 0.605 2.347 3.355
endloop
endfacet
facet normal -0.099 0.01 -0.995
outer loop
vertex -3.605 -0.547 3.545
vertex -3.276 2.736 3.545
vertex 0.256 -0.934 3.156
endloop
endfacet
facet normal -0.099 0.01 -0.995
outer loop
vertex -3.276 2.736 3.545
vertex 0.585 2.349 3.156
vertex 0.256 -0.934 3.156
endloop
endfacet
facet normal -0.1 -0.995 0
outer loop
vertex -3.585 -0.549 3.744
vertex -3.605 -0.547 3.545
vertex 0.276 -0.936 3.355
endloop
endfacet
facet normal -0.1 -0.995 0
outer loop
vertex -3.605 -0.547 3.545
vertex 0.256 -0.934 3.156
vertex 0.276 -0.936 3.355
endloop
endfacet
facet normal 0.1 0.995 0
outer loop
vertex 0.605 2.347 3.355
vertex 0.585 2.349 3.156
vertex -3.256 2.734 3.744
endloop
endfacet
facet normal 0.1 0.995 0
outer loop
vertex 0.585 2.349 3.156
vertex -3.276 2.736 3.545
vertex -3.256 2.734 3.744
endloop
endfacet
facet normal 0.995 -0.1 0
outer loop
vertex -3.379 -0.57 3.785
vertex -3.379 -0.57 3.745
vertex -3.049 2.714 3.785
endloop
endfacet
facet normal 0.995 -0.1 0
outer loop
vertex -3.379 -0.57 3.745
vertex -3.049 2.714 3.745
vertex -3.049 2.714 3.785
endloop
endfacet
facet normal -0.995 0.1 0
outer loop
vertex -3.104 2.719 3.785
vertex -3.104 2.719 3.745
vertex -3.433 -0.564 3.785
endloop
endfacet
facet normal -0.995 0.1 0
outer loop
vertex -3.104 2.719 3.745
vertex -3.433 -0.564 3.745
vertex -3.433 -0.564 3.785
endloop
endfacet
facet normal 0 0 1
outer loop
vertex -3.104 2.719 3.785
vertex -3.433 -0.564 3.785
vertex -3.049 2.714 3.785
endloop
endfacet
facet normal 0 0 1
outer loop
vertex -3.433 -0.564 3.785
vertex -3.379 -0.57 3.785
vertex -3.049 2.714 3.785
endloop
endfacet
facet normal 0 0 -1
outer loop
vertex -3.433 -0.564 3.745
vertex -3.104 2.719 3.745
vertex -3.379 -0.57 3.745
endloop
endfacet
facet normal 0 0 -1
outer loop
vertex -3.104 2.719 3.745
vertex -3.049 2.714 3.745
vertex -3.379 -0.57 3.745
endloop
endfacet
facet normal -0.1 -0.995 0
outer loop
vertex -3.433 -0.564 3.785
vertex -3.433 -0.564 3.745
vertex -3.379 -0.57 3.785
endloop
endfacet
facet normal -0.1 -0.995 0
outer loop
vertex -3.433 -0.564 3.745
vertex -3.379 -0.57 3.745
vertex -3.379 -0.57 3.785
endloop
endfacet
facet normal 0.1 0.995 0
outer loop
vertex -3.049 2.714 3.785
vertex -3.049 2.714 3.745
vertex -3.104 2.719 3.785
endloop
endfacet
facet normal 0.1 0.995 0
outer loop
vertex -3.049 2.714 3.745
vertex -3.104 2.719 3.745
vertex -3.104 2.719 3.785
endloop
endfacet
facet normal 0.995 -0.1 0
outer loop
vertex -3.06 -0.602 3.753
vertex -3.06 -0.602 3.713
vertex -2.731 2.682 3.753
endloop
endfacet
facet normal 0.995 -0.1 0
outer loop
vertex -3.06 -0.602 3.713
vertex -2.731 2.682 3.713
vertex -2.731 2.682 3.753
endloop
endfacet
facet normal -0.995 0.1 0
outer loop
vertex -2.785 2.687 3.753
vertex -2.785 2.687 3.713
vertex -3.115 -0.596 3.753
endloop
endfacet
facet normal -0.995 0.1 0
outer loop
vertex -2.785 2.687 3.713
vertex -3.115 -0.596 3.713
vertex -3.115 -0.596 3.753
endloop
endfacet
facet normal 0 0 1
outer loop
vertex -2.785 2.687 3.753
vertex -3.115 -0.596 3.753
vertex -2.731 2.682 3.753
endloop
endfacet
facet normal 0 0 1
outer loop
vertex -3.115 -0.596 3.753
vertex -3.06 -0.602 3.753
vertex -2.731 2.682 3.753
endloop
endfacet
facet normal 0 0 -1
outer loop
vertex -3.115 -0.596 3.713
vertex -2.785 2.687 3.713
vertex -3.06 -0.602 3.713
endloop
endfacet
facet normal 0 0 -1
outer loop
vertex -2.785 2.687 3.713
vertex -2.731 2.682 3.713
vertex -3.06 -0.602 3.713
endloop
endfacet
facet normal -0.1 -0.995 0
outer loop
vertex -3.115 -0.596 3.753
vertex -3.115 -0.596 3.713
vertex -3.06 -0.602 3.753
endloop
endfacet
facet normal -0.1 -0.995 0
outer loop
vertex -3.115 -0.596 3.713
vertex -3.06 -0.602 3.713
vertex -3.06 -0.602 3.753
endloop
endfacet
facet normal 0.1 0.995 0
outer loop
vertex -2.731 2.682 3.753
vertex -2.731 2.682 3.713
vertex -2.785 2.687 3.753
endloop
endfacet
facet normal 0.1 0.995 0
outer loop
vertex -2.731 2.682 3.713
vertex -2.785 2.687 3.713
vertex -2.785 2.687 3.753
endloop
endfacet
facet normal 0.995 -0.1 0
outer loop
vertex -2.742 -0.634 3.721
vertex -2.742 -0.634 3.681
vertex -2.412 2.65 3.721
endloop
endfacet
facet normal 0.995 -0.1 0
outer loop
vertex -2.742 -0.634 3.681
vertex -2.412 2.65 3.681
vertex -2.412 2.65 3.721
endloop
endfacet
facet normal -0.995 0.1 0
outer loop
vertex -2.467 2.655 3.721
vertex -2.467 2.655 3.681
vertex -2.797 -0.628 3.721
endloop
endfacet
facet normal -0.995 0.1 0
outer loop
vertex -2.467 2.655 3.681
vertex -2.797 -0.628 3.681
vertex -2.797 -0.628 3.721
endloop
endfacet
facet normal 0 0 1
outer loop
vertex -2.467 2.655 3.721
vertex -2.797 -0.628 3.721
vertex -2.412 2.65 3.721
endloop
endfacet
facet normal 0 0 1
outer loop
vertex -2.797 -0.628 3.721
vertex -2.742 -0.634 3.721
vertex -2.412 2.65 3.721
endloop
endfacet
facet normal 0 0 -1
outer loop
vertex -2.797 -0.628 3.681
vertex -2.467 2.655 3.681
vertex -2.742 -0.634 3.681
endloop
endfacet
facet normal 0 0 -1
outer loop
vertex -2.467 2.655 3.681
vertex -2.412 2.65 3.681
vertex -2.742 -0.634 3.681
endloop
endfacet
facet normal -0.1 -0.995 0
outer loop
vertex -2.797 -0.628 3.721
vertex -2.797 -0.628 3.681
vertex -2.742 -0.634 3.721
endloop
endfacet
facet normal -0.1 -0.995 0
outer loop
vertex -2.797 -0.628 3.681
vertex -2.742 -0.634 3.681
vertex -2.742 -0.634 3.721
endloop
endfacet
facet normal 0.1 0.995 0
outer loop
vertex -2.412 2.65 3.721
vertex -2.412 2.65 3.681
vertex -2.467 2.655 3.721
endloop
endfacet
facet normal 0.1 0.995 0
outer loop
vertex -2.412 2.65 3.681
vertex -2.467 2.655 3.681
vertex -2.467 2.655 3.721
endloop
endfacet
facet normal 0.995 -0.1 0
outer loop
vertex -2.423 -0.666 3.689
vertex -2.423 -0.666 3.649
vertex -2.094 2.618 3.689
endloop
endfacet
facet normal 0.995 -0.1 0
outer loop
vertex -2.423 -0.666 3.649
vertex -2.094 2.618 3.649
vertex -2.094 2.618 3.689
endloop
endfacet
facet normal -0.995 0.1 0
outer loop
vertex -2.149 2.623 3.689
vertex -2.149 2.623 3.649
vertex -2.478 -0.66 3.689
endloop
endfacet
facet normal -0.995 0.1 0
outer loop
vertex -2.149 2.623 3.649
vertex -2.478 -0.66 3.649
vertex -2.478 -0.66 3.689
endloop
endfacet
facet normal 0 0 1
outer loop
vertex -2.149 2.623 3.689
vertex -2.478 -0.66 3.689
vertex -2.094 2.618 3.689
endloop
endfacet
facet normal 0 0 1
outer loop
vertex -2.478 -0.66 3.689
vertex -2.423 -0.666 3.689
vertex -2.094 2.618 3.689
endloop
endfacet
facet normal 0 0 -1
outer loop
vertex -2.478 -0.66 3.649
vertex -2.149 2.623 3.649
vertex -2.423 -0.666 3.649
endloop
endfacet
facet normal 0 0 -1
outer loop
vertex -2.149 2.623 3.649
vertex -2.094 2.618 3.649
vertex -2.423 -0.666 3.649
endloop
endfacet
facet normal -0.1 -0.995 0
outer loop
vertex -2.478 -0.66 3.689
vertex -2.478 -0.66 3.649
vertex -2.423 -0.666 3.689
endloop
endfacet
facet normal -0.1 -0.995 0
outer loop
vertex -2.478 -0.66 3.649
vertex -2.423 -0.666 3.649
vertex -2.423 -0.666 3.689
endloop
endfacet
facet normal 0.1 0.995 0
outer loop
vertex -2.094 2.618 3.689
vertex -2.094 2.618 3.649
vertex -2.149 2.623 3.689
endloop
endfacet
facet normal 0.1 0.995 0
outer loop
vertex -2.094 2.618 3.649
vertex -2.149 2.623 3.649
vertex -2.149 2.623 3.689
endloop
endfacet
facet normal 0.995 -0.1 0
outer loop
vertex -2.105 -0.698 3.657
vertex -2.105 -0.698 3.617
vertex -1.776 2.586 3.657
endloop
endfacet
facet normal 0.995 -0.1 0
outer loop
vertex -2.105 -0.698 3.617
vertex -1.776 2.586 3.617
vertex -1.776 2.586 3.657
endloop
endfacet
facet normal -0.995 0.1 0
outer loop
vertex -1.83 2.591 3.657
vertex -1.83 2.591 3.617
vertex -2.16 -0.692 3.657
endloop
endfacet
facet normal -0.995 0.1 0
outer loop
vertex -1.83 2.591 3.617
vertex -2.16 -0.692 3.617
vertex -2.16 -0.692 3.657
endloop
endfacet
facet normal 0 0 1
outer loop
vertex -1.83 2.591 3.657
vertex -2.16 -0.692 3.657
vertex -1.776 2.586 3.657
endloop
endfacet
facet normal 0 0 1
outer loop
vertex -2.16 -0.692 3.657
vertex -2.105 -0.698 3.657
vertex -1.776 2.586 3.657
endloop
endfacet
facet normal 0 0 -1
outer loop
vertex -2.16 -0.692 3.617
vertex -1.83 2.591 3.617
vertex -2.105 -0.698 3.617
endloop
endfacet
facet normal 0 0 -1
outer loop
vertex -1.83 2.591 3.617
vertex -1.776 2.586 3.617
vertex -2.105 -0.698 3.617
endloop
endfacet
facet normal -0.1 -0.995 0
outer loop
vertex -2.16 -0.692 3.657
vertex -2.16 -0.692 3.617
vertex -2.105 -0.698 3.657
endloop
endfacet
facet normal -0.1 -0.995 0
outer loop
vertex -2.16 -0.692 3.617
vertex -2.105 -0.698 3.617
vertex -2.105 -0.698 3.657
endloop
endfacet
facet normal 0.1 0.995 0
outer loop
vertex -1.776 2.586 3.657
vertex -1.776 2.586 3.617
vertex -1.83 2.591 3.657
endloop
endfacet
facet normal 0.1 0.995 0
outer loop
vertex -1.776 2.586 3.617
vertex -1.83 2.591 3.617
vertex -1.83 2.591 3.657
endloop
endfacet
facet normal 0.995 -0.1 0
outer loop
vertex -1.787 -0.73 3.625
vertex -1.787 -0.73 3.585
vertex -1.457 2.554 3.625
endloop
endfacet
facet normal 0.995 -0.1 0
outer loop
vertex -1.787 -0.73 3.585
vertex -1.457 2.554 3.585
vertex -1.457 2.554 3.625
endloop
endfacet
facet normal -0.995 0.1 0
outer loop
vertex -1.512 2.559 3.625
vertex -1.512 2.559 3.585
vertex -1.841 -0.724 3.625
endloop
endfacet
facet normal -0.995 0.1 0
outer loop
vertex -1.512 2.559 3.585
vertex -1.841 -0.724 3.585
vertex -1.841 -0.724 3.625
endloop
endfacet
facet normal 0 0 1
outer loop
vertex -1.512 2.559 3.625
vertex -1.841 -0.724 3.625
vertex -1.457 2.554 3.625
endloop
endfacet
facet normal 0 0 1
outer loop
vertex -1.841 -0.724 3.625
vertex -1.787 -0.73 3.625
vertex -1.457 2.554 3.625
endloop
endfacet
facet normal 0 0 -1
outer loop
vertex -1.841 -0.724 3.585
vertex -1.512 2.559 3.585
vertex -1.787 -0.73 3.585
endloop
endfacet
facet normal 0 0 -1
outer loop
vertex -1.512 2.559 3.585
vertex -1.457 2.554 3.585
vertex -1.787 -0.73 3.585
endloop
endfacet
facet normal -0.1 -0.995 0
outer loop
vertex -1.841 -0.724 3.625
vertex -1.841 -0.724 3.585
vertex -1.787 -0.73 3.625
endloop
endfacet
facet normal -0.1 -0.995 0
outer loop
vertex -1.841 -0.724 3.585
vertex -1.787 -0.73 3.585
vertex -1.787 -0.73 3.625
endloop
endfacet
facet normal 0.1 0.995 0
outer loop
vertex -1.457 2.554 3.625
vertex -1.457 2.554 3.585
vertex -1.512 2.559 3.625
endloop
endfacet
facet normal 0.1 0.995 0
outer loop
vertex -1.457 2.554 3.585
vertex -1.512 2.559 3.585
vertex -1.512 2.559 3.625
endloop
endfacet
facet normal 0.995 -0.1 0
outer loop
vertex -1.468 -0.761 3.593
vertex -1.468 -0.761 3.553
vertex -1.139 2.522 3.593
endloop
endfacet
facet normal 0.995 -0.1 0
outer loop
vertex -1.468 -0.761 3.553
vertex -1.139 2.522 3.553
vertex -1.139 2.522 3.593
endloop
endfacet
facet normal -0.995 0.1 0
outer loop
vertex -1.193 2.528 3.593
vertex -1.193 2.528 3.553
vertex -1.523 -0.756 3.593
endloop
endfacet
facet normal -0.995 0.1 0
outer loop
vertex -1.193 2.528 3.553
vertex -1.523 -0.756 3.553
vertex -1.523 -0.756 3.593
endloop
endfacet
facet normal 0 0 1
outer loop
vertex -1.193 2.528 3.593
vertex -1.523 -0.756 3.593
vertex -1.139 2.522 3.593
endloop
endfacet
facet normal 0 0 1
outer loop
vertex -1.523 -0.756 3.593
vertex -1.468 -0.761 3.593
vertex -1.139 2.522 3.593
endloop
endfacet
facet normal 0 0 -1
outer loop
vertex -1.523 -0.756 3.553
vertex -1.193 2.528 3.553
vertex -1.468 -0.761 3.553
endloop
endfacet
facet normal 0 0 -1
outer loop
vertex -1.193 2.528 3.553
vertex -1.139 2.522 3.553
vertex -1.468 -0.761 3.553
endloop
endfacet
facet normal -0.1 -0.995 0
outer loop
vertex -1.523 -0.756 3.593
vertex -1.523 -0.756 3.553
vertex -1.468 -0.761 3.593
endloop
endfacet
facet normal -0.1 -0.995 0
outer loop
vertex -1.523 -0.756 3.553
vertex -1.468 -0.761 3.553
vertex -1.468 -0.761 3.593
endloop
endfacet
facet normal 0.1 0.995 0
outer loop
vertex -1.139 2.522 3.593
vertex -1.139 2.522 3.553
vertex -1.193 2.528 3.593
endloop
endfacet
facet normal 0.1 0.995 0
outer loop
vertex -1.139 2.522 3.553
vertex -1.193 2.528 3.553
vertex -1.193 2.528 3.593
endloop
endfacet
facet normal 0.995 -0.1 0
outer loop
vertex -1.15 -0.793 3.561
vertex -1.15 -0.793 3.521
vertex -0.82 2.49 3.561
endloop
endfacet
facet normal 0.995 -0.1 0
outer loop
vertex -1.15 -0.793 3.521
vertex -0.82 2.49 3.521
vertex -0.82 2.49 3.561
endloop
endfacet
facet normal -0.995 0.1 0
outer loop
vertex -0.875 2.496 3.561
vertex -0.875 2.496 3.521
vertex -1.205 -0.788 3.561
endloop
endfacet
facet normal -0.995 0.1 0
outer loop
vertex -0.875 2.496 3.521
vertex -1.205 -0.788 3.521
vertex -1.205 -0.788 3.561
endloop
endfacet
facet normal 0 0 1
outer loop
vertex -0.875 2.496 3.561
vertex -1.205 -0.788 3.561
vertex -0.82 2.49 3.561
endloop
endfacet
facet normal 0 0 1
outer loop
vertex -1.205 -0.788 3.561
vertex -1.15 -0.793 3.561
vertex -0.82 2.49 3.561
endloop
endfacet
facet normal 0 0 -1
outer loop
vertex -1.205 -0.788 3.521
vertex -0.875 2.496 3.521
vertex -1.15 -0.793 3.521
endloop
endfacet
facet normal 0 0 -1
outer loop
vertex -0.875 2.496 3.521
vertex -0.82 2.49 3.521
vertex -1.15 -0.793 3.521
endloop
endfacet
facet normal -0.1 -0.995 0
outer loop
vertex -1.205 -0.788 3.561
vertex -1.205 -0.788 3.521
vertex -1.15 -0.793 3.561
endloop
endfacet
facet normal -0.1 -0.995 0
outer loop
vertex -1.205 -0.788 3.521
vertex -1.15 -0.793 3.521
vertex -1.15 -0.793 3.561
endloop
endfacet
facet normal 0.1 0.995 0
outer loop
vertex -0.82 2.49 3.561
vertex -0.82 2.49 3.521
vertex -0.875 2.496 3.561
endloop
endfacet
facet normal 0.1 0.995 0
outer loop
vertex -0.82 2.49 3.521
vertex -0.875 2.496 3.521
vertex -0.875 2.496 3.561
endloop
endfacet
facet normal 0.995 -0.1 0
outer loop
vertex -0.831 -0.825 3.529
vertex -0.831 -0.825 3.489
vertex -0.502 2.458 3.529
endloop
endfacet
facet normal 0.995 -0.1 0
outer loop
vertex -0.831 -0.825 3.489
vertex -0.502 2.458 3.489
vertex -0.502 2.458 3.529
endloop
endfacet
facet normal -0.995 0.1 0
outer loop
vertex -0.557 2.464 3.529
vertex -0.557 2.464 3.489
vertex -0.886 -0.82 3.529
endloop
endfacet
facet normal -0.995 0.1 0
outer loop
vertex -0.557 2.464 3.489
vertex -0.886 -0.82 3.489
vertex -0.886 -0.82 3.529
endloop
endfacet
facet normal 0 0 1
outer loop
vertex -0.557 2.464 3.529
vertex -0.886 -0.82 3.529
vertex -0.502 2.458 3.529
endloop
endfacet
facet normal 0 0 1
outer loop
vertex -0.886 -0.82 3.529
vertex -0.831 -0.825 3.529
vertex -0.502 2.458 3.529
endloop
endfacet
facet normal 0 0 -1
outer loop
vertex -0.886 -0.82 3.489
vertex -0.557 2.464 3.489
vertex -0.831 -0.825 3.489
endloop
endfacet
facet normal 0 0 -1
outer loop
vertex -0.557 2.464 3.489
vertex -0.502 2.458 3.489
vertex -0.831 -0.825 3.489
endloop
endfacet
facet normal -0.1 -0.995 0
outer loop
vertex -0.886 -0.82 3.529
vertex -0.886 -0.82 3.489
vertex -0.831 -0.825 3.529
endloop
endfacet
facet normal -0.1 -0.995 0
outer loop
vertex -0.886 -0.82 3.489
vertex -0.831 -0.825 3.489
vertex -0.831 -0.825 3.529
endloop
endfacet
facet normal 0.1 0.995 0
outer loop
vertex -0.502 2.458 3.529
vertex -0.502 2.458 3.489
vertex -0.557 2.464 3.529
endloop
endfacet
facet normal 0.1 0.995 0
outer loop
vertex -0.502 2.458 3.489
vertex -0.557 2.464 3.489
vertex -0.557 2.464 3.529
endloop
endfacet
facet normal 0.995 -0.1 0
outer loop
vertex -0.513 -0.857 3.497
vertex -0.513 -0.857 3.457
vertex -0.184 2.426 3.497
endloop
endfacet
facet normal 0.995 -0.1 0
outer loop
vertex -0.513 -0.857 3.457
vertex -0.184 2.426 3.457
vertex -0.184 2.426 3.497
endloop
endfacet
facet normal -0.995 0.1 0
outer loop
vertex -0.238 2.432 3.497
vertex -0.238 2.432 3.457
vertex -0.568 -0.852 3.497
endloop
endfacet
facet normal -0.995 0.1 0
outer loop
vertex -0.238 2.432 3.457
vertex -0.568 -0.852 3.457
vertex -0.568 -0.852 3.497
endloop
endfacet
facet normal 0 0 1
outer loop
vertex -0.238 2.432 3.497
vertex -0.568 -0.852 3.497
vertex -0.184 2.426 3.497
endloop
endfacet
facet normal 0 0 1
outer loop
vertex -0.568 -0.852 3.497
vertex -0.513 -0.857 3.497
vertex -0.184 2.426 3.497
endloop
endfacet
facet normal 0 0 -1
outer loop
vertex -0.568 -0.852 3.457
vertex -0.238 2.432 3.457
vertex -0.513 -0.857 3.457
endloop
endfacet
facet normal 0 0 -1
outer loop
vertex -0.238 2.432 3.457
vertex -0.184 2.426 3.457
vertex -0.513 -0.857 3.457
endloop
endfacet
facet normal -0.1 -0.995 0
outer loop
vertex -0.568 -0.852 3.497
vertex -0.568 -0.852 3.457
vertex -0.513 -0.857 3.497
endloop
endfacet
facet normal -0.1 -0.995 0
outer loop
vertex -0.568 -0.852 3.457
vertex -0.513 -0.857 3.457
vertex -0.513 -0.857 3.497
endloop
endfacet
facet normal 0.1 0.995 0
outer loop
vertex -0.184 2.426 3.497
vertex -0.184 2.426 3.457
vertex -0.238 2.432 3.497
endloop
endfacet
facet normal 0.1 0.995 0
outer loop
vertex -0.184 2.426 3.457
vertex -0.238 2.432 3.457
vertex -0.238 2.432 3.497
endloop
endfacet
facet normal 0.995 -0.1 0
outer loop
vertex -0.195 -0.889 3.465
vertex -0.195 -0.889 3.425
vertex 0.135 2.394 3.465
endloop
endfacet
facet normal 0.995 -0.1 0
outer loop
vertex -0.195 -0.889 3.425
vertex 0.135 2.394 3.425
vertex 0.135 2.394 3.465
endloop
endfacet
facet normal -0.995 0.1 0
outer loop
vertex 0.08 2.4 3.465
vertex 0.08 2.4 3.425
vertex -0.249 -0.884 3.465
endloop
endfacet
facet normal -0.995 0.1 0
outer loop
vertex 0.08 2.4 3.425
vertex -0.249 -0.884 3.425
vertex -0.249 -0.884 3.465
endloop
endfacet
facet normal 0 0 1
outer loop
vertex 0.08 2.4 3.465
vertex -0.249 -0.884 3.465
vertex 0.135 2.394 3.465
endloop
endfacet
facet normal 0 0 1
outer loop
vertex -0.249 -0.884 3.465
vertex -0.195 -0.889 3.465
vertex 0.135 2.394 3.465
endloop
endfacet
facet normal 0 0 -1
outer loop
vertex -0.249 -0.884 3.425
vertex 0.08 2.4 3.425
vertex -0.195 -0.889 3.425
endloop
endfacet
facet normal 0 0 -1
outer loop
vertex 0.08 2.4 3.425
vertex 0.135 2.394 3.425
vertex -0.195 -0.889 3.425
endloop
endfacet
facet normal -0.1 -0.995 0
outer loop
vertex -0.249 -0.884 3.465
vertex -0.249 -0.884 3.425
vertex -0.195 -0.889 3.465
endloop
endfacet
facet normal -0.1 -0.995 0
outer loop
vertex -0.249 -0.884 3.425
vertex -0.195 -0.889 3.425
vertex -0.195 -0.889 3.465
endloop
endfacet
facet normal 0.1 0.995 0
outer loop
vertex 0.135 2.394 3.465
vertex 0.135 2.394 3.425
vertex 0.08 2.4 3.465
endloop
endfacet
facet normal 0.1 0.995 0
outer loop
vertex 0.135 2.394 3.425
vertex 0.08 2.4 3.425
vertex 0.08 2.4 3.465
endloop
endfacet
facet normal 0.995 -0.1 0
outer loop
vertex 0.124 -0.921 3.433
vertex 0.124 -0.921 3.393
vertex 0.453 2.362 3.433
endloop
endfacet
facet normal 0.995 -0.1 0
outer loop
vertex 0.124 -0.921 3.393
vertex 0.453 2.362 3.393
vertex 0.453 2.362 3.433
endloop
endfacet
facet normal -0.995 0.1 0
outer loop
vertex 0.399 2.368 3.433
vertex 0.399 2.368 3.393
vertex 0.069 -0.916 3.433
endloop
endfacet
facet normal -0.995 0.1 0
outer loop
vertex 0.399 2.368 3.393
vertex 0.069 -0.916 3.393
vertex 0.069 -0.916 3.433
endloop
endfacet
facet normal 0 0 1
outer loop
vertex 0.399 2.368 3.433
vertex 0.069 -0.916 3.433
vertex 0.453 2.362 3.433
endloop
endfacet
facet normal 0 0 1
outer loop
vertex 0.069 -0.916 3.433
vertex 0.124 -0.921 3.433
vertex 0.453 2.362 3.433
endloop
endfacet
facet normal 0 0 -1
outer loop
vertex 0.069 -0.916 3.393
vertex 0.399 2.368 3.393
vertex 0.124 -0.921 3.393
endloop
endfacet
facet normal 0 0 -1
outer loop
vertex 0.399 2.368 3.393
vertex 0.453 2.362 3.393
vertex 0.124 -0.921 3.393
endloop
endfacet
facet normal -0.1 -0.995 0
outer loop
vertex 0.069 -0.916 3.433
vertex 0.069 -0.916 3.393
vertex 0.124 -0.921 3.433
endloop
endfacet
facet normal -0.1 -0.995 0
outer loop
vertex 0.069 -0.916 3.393
vertex 0.124 -0.921 3.393
vertex 0.124 -0.921 3.433
endloop
endfacet
facet normal 0.1 0.995 0
outer loop
vertex 0.453 2.362 3.433
vertex 0.453 2.362 3.393
vertex 0.399 2.368 3.433
endloop
endfacet
facet normal 0.1 0.995 0
outer loop
vertex 0.453 2.362 3.393
vertex 0.399 2.368 3.393
vertex 0.399 2.368 3.433
endloop
endfacet
facet normal 0.995 -0.1 0
outer loop
vertex -2.036 2.069 2.675
vertex -2.036 2.069 1.825
vertex -2.028 2.149 2.675
endloop
endfacet
facet normal 0.995 -0.1 0
outer loop
vertex -2.036 2.069 1.825
vertex -2.028 2.149 1.825
vertex -2.028 2.149 2.675
endloop
endfacet
facet normal -0.995 0.1 0
outer loop
vertex -2.724 2.219 2.675
vertex -2.724 2.219 1.825
vertex -2.732 2.139 2.675
endloop
endfacet
facet normal -0.995 0.1 0
outer loop
vertex -2.724 2.219 1.825
vertex -2.732 2.139 1.825
vertex -2.732 2.139 2.675
endloop
endfacet
facet normal 0 0 1
outer loop
vertex -2.724 2.219 2.675
vertex -2.732 2.139 2.675
vertex -2.028 2.149 2.675
endloop
endfacet
facet normal 0 0 1
outer loop
vertex -2.732 2.139 2.675
vertex -2.036 2.069 2.675
vertex -2.028 2.149 2.675
endloop
endfacet
facet normal 0 0 -1
outer loop
vertex -2.732 2.139 1.825
vertex -2.724 2.219 1.825
vertex -2.036 2.069 1.825
endloop
endfacet
facet normal 0 0 -1
outer loop
vertex -2.724 2.219 1.825
vertex -2.028 2.149 1.825
vertex -2.036 2.069 1.825
endloop
endfacet
facet normal -0.1 -0.995 0
outer loop
vertex -2.732 2.139 2.675
vertex -2.732 2.139 1.825
vertex -2.036 2.069 2.675
endloop
endfacet
facet normal -0.1 -0.995 0
outer loop
vertex -2.732 2.139 1.825
vertex -2.036 2.069 1.825
vertex -2.036 2.069 2.675
endloop
endfacet
facet normal 0.1 0.995 0
outer loop
vertex -2.028 2.149 2.675
vertex -2.028 2.149 1.825
vertex -2.724 2.219 2.675
endloop
endfacet
facet normal 0.1 0.995 0
outer loop
vertex -2.028 2.149 1.825
vertex -2.724 2.219 1.825
vertex -2.724 2.219 2.675
endloop
endfacet
facet normal 0.995 -0.1 0
outer loop
vertex -2.102 2.011 2.615
vertex -2.102 2.011 1.885
vertex -2.093 2.1 2.615
endloop
endfacet
facet normal 0.995 -0.1 0
outer loop
vertex -2.102 2.011 1.885
vertex -2.093 2.1 1.885
vertex -2.093 2.1 2.615
endloop
endfacet
facet normal -0.995 0.1 0
outer loop
vertex -2.67 2.158 2.615
vertex -2.67 2.158 1.885
vertex -2.679 2.069 2.615
endloop
endfacet
facet normal -0.995 0.1 0
outer loop
vertex -2.67 2.158 1.885
vertex -2.679 2.069 1.885
vertex -2.679 2.069 2.615
endloop
endfacet
facet normal 0 0 1
outer loop
vertex -2.67 2.158 2.615
vertex -2.679 2.069 2.615
vertex -2.093 2.1 2.615
endloop
endfacet
facet normal 0 0 1
outer loop
vertex -2.679 2.069 2.615
vertex -2.102 2.011 2.615
vertex -2.093 2.1 2.615
endloop
endfacet
facet normal 0 0 -1
outer loop
vertex -2.679 2.069 1.885
vertex -2.67 2.158 1.885
vertex -2.102 2.011 1.885
endloop
endfacet
facet normal 0 0 -1
outer loop
vertex -2.67 2.158 1.885
vertex -2.093 2.1 1.885
vertex -2.102 2.011 1.885
endloop
endfacet
facet normal -0.1 -0.995 0
outer loop
vertex -2.679 2.069 2.615
vertex -2.679 2.069 1.885
vertex -2.102 2.011 2.615
endloop
endfacet
facet normal -0.1 -0.995 0
outer loop
vertex -2.679 2.069 1.885
vertex -2.102 2.011 1.885
vertex -2.102 2.011 2.615
endloop
endfacet
facet normal 0.1 0.995 0
outer loop
vertex -2.093 2.1 2.615
vertex -2.093 2.1 1.885
vertex -2.67 2.158 2.615
endloop
endfacet
facet normal 0.1 0.995 0
outer loop
vertex -2.093 2.1 1.885
vertex -2.67 2.158 1.885
vertex -2.67 2.158 2.615
endloop
endfacet
facet normal 0.246 -0.877 0.413
outer loop
vertex -2.237 1.969 2.337
vertex -2.188 1.994 2.363
vertex -2.345 1.979 2.425
endloop
endfacet
facet normal 0.246 -0.877 0.413
outer loop
vertex -2.188 1.994 2.363
vertex -2.327 2.008 2.475
vertex -2.345 1.979 2.425
endloop
endfacet
facet normal -0.141 -0.838 0.527
outer loop
vertex -2.345 1.979 2.425
vertex -2.327 2.008 2.475
vertex -2.483 1.993 2.41
endloop
endfacet
facet normal -0.141 -0.838 0.527
outer loop
vertex -2.327 2.008 2.475
vertex -2.505 2.026 2.456
vertex -2.483 1.993 2.41
endloop
endfacet
facet normal -0.495 -0.803 0.332
outer loop
vertex -2.483 1.993 2.41
vertex -2.505 2.026 2.456
vertex -2.57 2.002 2.301
endloop
endfacet
facet normal -0.495 -0.803 0.332
outer loop
vertex -2.505 2.026 2.456
vertex -2.618 2.037 2.316
vertex -2.57 2.002 2.301
endloop
endfacet
facet normal -0.609 -0.791 -0.057
outer loop
vertex -2.57 2.002 2.301
vertex -2.618 2.037 2.316
vertex -2.556 2.001 2.163
endloop
endfacet
facet normal -0.609 -0.791 -0.057
outer loop
vertex -2.618 2.037 2.316
vertex -2.598 2.035 2.137
vertex -2.556 2.001 2.163
endloop
endfacet
facet normal -0.415 -0.811 -0.413
outer loop
vertex -2.556 2.001 2.163
vertex -2.598 2.035 2.137
vertex -2.447 1.99 2.075
endloop
endfacet
facet normal -0.415 -0.811 -0.413
outer loop
vertex -2.598 2.035 2.137
vertex -2.459 2.021 2.025
vertex -2.447 1.99 2.075
endloop
endfacet
facet normal -0.028 -0.849 -0.527
outer loop
vertex -2.447 1.99 2.075
vertex -2.459 2.021 2.025
vertex -2.309 1.976 2.09
endloop
endfacet
facet normal -0.028 -0.849 -0.527
outer loop
vertex -2.459 2.021 2.025
vertex -2.281 2.003 2.044
vertex -2.309 1.976 2.09
endloop
endfacet
facet normal 0.326 -0.885 -0.332
outer loop
vertex -2.309 1.976 2.09
vertex -2.281 2.003 2.044
vertex -2.222 1.967 2.199
endloop
endfacet
facet normal 0.326 -0.885 -0.332
outer loop
vertex -2.281 2.003 2.044
vertex -2.169 1.992 2.184
vertex -2.222 1.967 2.199
endloop
endfacet
facet normal 0.44 -0.896 0.057
outer loop
vertex -2.222 1.967 2.199
vertex -2.169 1.992 2.184
vertex -2.237 1.969 2.337
endloop
endfacet
facet normal 0.44 -0.896 0.057
outer loop
vertex -2.169 1.992 2.184
vertex -2.188 1.994 2.363
vertex -2.237 1.969 2.337
endloop
endfacet
facet normal -0.624 0.063 -0.779
outer loop
vertex -2.231 2.029 2.337
vertex -2.237 1.969 2.337
vertex -2.339 2.04 2.425
endloop
endfacet
facet normal -0.624 0.063 -0.779
outer loop
vertex -2.237 1.969 2.337
vertex -2.345 1.979 2.425
vertex -2.339 2.04 2.425
endloop
endfacet
facet normal 0.107 -0.011 -0.994
outer loop
vertex -2.339 2.04 2.425
vertex -2.345 1.979 2.425
vertex -2.477 2.054 2.41
endloop
endfacet
facet normal 0.107 -0.011 -0.994
outer loop
vertex -2.345 1.979 2.425
vertex -2.483 1.993 2.41
vertex -2.477 2.054 2.41
endloop
endfacet
facet normal 0.775 -0.078 -0.627
outer loop
vertex -2.477 2.054 2.41
vertex -2.483 1.993 2.41
vertex -2.564 2.062 2.301
endloop
endfacet
facet normal 0.775 -0.078 -0.627
outer loop
vertex -2.483 1.993 2.41
vertex -2.57 2.002 2.301
vertex -2.564 2.062 2.301
endloop
endfacet
facet normal 0.989 -0.099 0.107
outer loop
vertex -2.564 2.062 2.301
vertex -2.57 2.002 2.301
vertex -2.55 2.061 2.163
endloop
endfacet
facet normal 0.989 -0.099 0.107
outer loop
vertex -2.57 2.002 2.301
vertex -2.556 2.001 2.163
vertex -2.55 2.061 2.163
endloop
endfacet
facet normal 0.624 -0.063 0.779
outer loop
vertex -2.55 2.061 2.163
vertex -2.556 2.001 2.163
vertex -2.441 2.05 2.075
endloop
endfacet
facet normal 0.624 -0.063 0.779
outer loop
vertex -2.556 2.001 2.163
vertex -2.447 1.99 2.075
vertex -2.441 2.05 2.075
endloop
endfacet
facet normal -0.107 0.011 0.994
outer loop
vertex -2.441 2.05 2.075
vertex -2.447 1.99 2.075
vertex -2.303 2.036 2.09
endloop
endfacet
facet normal -0.107 0.011 0.994
outer loop
vertex -2.447 1.99 2.075
vertex -2.309 1.976 2.09
vertex -2.303 2.036 2.09
endloop
endfacet
facet normal -0.775 0.078 0.627
outer loop
vertex -2.303 2.036 2.09
vertex -2.309 1.976 2.09
vertex -2.216 2.027 2.199
endloop
endfacet
facet normal -0.775 0.078 0.627
outer loop
vertex -2.309 1.976 2.09
vertex -2.222 1.967 2.199
vertex -2.216 2.027 2.199
endloop
endfacet
facet normal -0.989 0.099 -0.107
outer loop
vertex -2.216 2.027 2.199
vertex -2.222 1.967 2.199
vertex -2.231 2.029 2.337
endloop
endfacet
facet normal -0.989 0.099 -0.107
outer loop
vertex -2.222 1.967 2.199
vertex -2.237 1.969 2.337
vertex -2.231 2.029 2.337
endloop
endfacet
facet normal 0.415 0.811 0.413
outer loop
vertex -2.188 1.994 2.363
vertex -2.231 2.029 2.337
vertex -2.327 2.008 2.475
endloop
endfacet
facet normal 0.415 0.811 0.413
outer loop
vertex -2.231 2.029 2.337
vertex -2.339 2.04 2.425
vertex -2.327 2.008 2.475
endloop
endfacet
facet normal 0.028 0.849 0.527
outer loop
vertex -2.327 2.008 2.475
vertex -2.339 2.04 2.425
vertex -2.505 2.026 2.456
endloop
endfacet
facet normal 0.028 0.849 0.527
outer loop
vertex -2.339 2.04 2.425
vertex -2.477 2.054 2.41
vertex -2.505 2.026 2.456
endloop
endfacet
facet normal -0.326 0.885 0.332
outer loop
vertex -2.505 2.026 2.456
vertex -2.477 2.054 2.41
vertex -2.618 2.037 2.316
endloop
endfacet
facet normal -0.326 0.885 0.332
outer loop
vertex -2.477 2.054 2.41
vertex -2.564 2.062 2.301
vertex -2.618 2.037 2.316
endloop
endfacet
facet normal -0.44 0.896 -0.057
outer loop
vertex -2.618 2.037 2.316
vertex -2.564 2.062 2.301
vertex -2.598 2.035 2.137
endloop
endfacet
facet normal -0.44 0.896 -0.057
outer loop
vertex -2.564 2.062 2.301
vertex -2.55 2.061 2.163
vertex -2.598 2.035 2.137
endloop
endfacet
facet normal -0.246 0.877 -0.413
outer loop
vertex -2.598 2.035 2.137
vertex -2.55 2.061 2.163
vertex -2.459 2.021 2.025
endloop
endfacet
facet normal -0.246 0.877 -0.413
outer loop
vertex -2.55 2.061 2.163
vertex -2.441 2.05 2.075
vertex -2.459 2.021 2.025
endloop
endfacet
facet normal 0.141 0.838 -0.527
outer loop
vertex -2.459 2.021 2.025
vertex -2.441 2.05 2.075
vertex -2.281 2.003 2.044
endloop
endfacet
facet normal 0.141 0.838 -0.527
outer loop
vertex -2.441 2.05 2.075
vertex -2.303 2.036 2.09
vertex -2.281 2.003 2.044
endloop
endfacet
facet normal 0.495 0.803 -0.332
outer loop
vertex -2.281 2.003 2.044
vertex -2.303 2.036 2.09
vertex -2.169 1.992 2.184
endloop
endfacet
facet normal 0.495 0.803 -0.332
outer loop
vertex -2.303 2.036 2.09
vertex -2.216 2.027 2.199
vertex -2.169 1.992 2.184
endloop
endfacet
facet normal 0.609 0.791 0.057
outer loop
vertex -2.169 1.992 2.184
vertex -2.216 2.027 2.199
vertex -2.188 1.994 2.363
endloop
endfacet
facet normal 0.609 0.791 0.057
outer loop
vertex -2.216 2.027 2.199
vertex -2.231 2.029 2.337
vertex -2.188 1.994 2.363
endloop
endfacet
facet normal 0.995 -0.1 0
outer loop
vertex -0.132 0.511 1.515
vertex -0.132 0.511 1.385
vertex -0.032 1.506 1.515
endloop
endfacet
facet normal 0.995 -0.1 0
outer loop
vertex -0.132 0.511 1.385
vertex -0.032 1.506 1.385
vertex -0.032 1.506 1.515
endloop
endfacet
facet normal -0.995 0.1 0
outer loop
vertex -2.619 1.766 1.515
vertex -2.619 1.766 1.385
vertex -2.719 0.771 1.515
endloop
endfacet
facet normal -0.995 0.1 0
outer loop
vertex -2.619 1.766 1.385
vertex -2.719 0.771 1.385
vertex -2.719 0.771 1.515
endloop
endfacet
facet normal 0 0 1
outer loop
vertex -2.619 1.766 1.515
vertex -2.719 0.771 1.515
vertex -0.032 1.506 1.515
endloop
endfacet
facet normal 0 0 1
outer loop
vertex -2.719 0.771 1.515
vertex -0.132 0.511 1.515
vertex -0.032 1.506 1.515
endloop
endfacet
facet normal 0 0 -1
outer loop
vertex -2.719 0.771 1.385
vertex -2.619 1.766 1.385
vertex -0.132 0.511 1.385
endloop
endfacet
facet normal 0 0 -1
outer loop
vertex -2.619 1.766 1.385
vertex -0.032 1.506 1.385
vertex -0.132 0.511 1.385
endloop
endfacet
facet normal -0.1 -0.995 0
outer loop
vertex -2.719 0.771 1.515
vertex -2.719 0.771 1.385
vertex -0.132 0.511 1.515
endloop
endfacet
facet normal -0.1 -0.995 0
outer loop
vertex -2.719 0.771 1.385
vertex -0.132 0.511 1.385
vertex -0.132 0.511 1.515
endloop
endfacet
facet normal 0.1 0.995 0
outer loop
vertex -0.032 1.506 1.515
vertex -0.032 1.506 1.385
vertex -2.619 1.766 1.515
endloop
endfacet
facet normal 0.1 0.995 0
outer loop
vertex -0.032 1.506 1.385
vertex -2.619 1.766 1.385
vertex -2.619 1.766 1.515
endloop
endfacet
facet normal 0.995 -0.1 0
outer loop
vertex -2.385 1.592 1.4
vertex -2.385 1.592 0.4
vertex -2.375 1.691 1.4
endloop
endfacet
facet normal 0.995 -0.1 0
outer loop
vertex -2.385 1.592 0.4
vertex -2.375 1.691 0.4
vertex -2.375 1.691 1.4
endloop
endfacet
facet normal -0.995 0.1 0
outer loop
vertex -2.475 1.701 1.4
vertex -2.475 1.701 0.4
vertex -2.485 1.602 1.4
endloop
endfacet
facet normal -0.995 0.1 0
outer loop
vertex -2.475 1.701 0.4
vertex -2.485 1.602 0.4
vertex -2.485 1.602 1.4
endloop
endfacet
facet normal 0 0 1
outer loop
vertex -2.475 1.701 1.4
vertex -2.485 1.602 1.4
vertex -2.375 1.691 1.4
endloop
endfacet
facet normal 0 0 1
outer loop
vertex -2.485 1.602 1.4
vertex -2.385 1.592 1.4
vertex -2.375 1.691 1.4
endloop
endfacet
facet normal 0 0 -1
outer loop
vertex -2.485 1.602 0.4
vertex -2.475 1.701 0.4
vertex -2.385 1.592 0.4
endloop
endfacet
facet normal 0 0 -1
outer loop
vertex -2.475 1.701 0.4
vertex -2.375 1.691 0.4
vertex -2.385 1.592 0.4
endloop
endfacet
facet normal -0.1 -0.995 0
outer loop
vertex -2.485 1.602 1.4
vertex -2.485 1.602 0.4
vertex -2.385 1.592 1.4
endloop
endfacet
facet normal -0.1 -0.995 0
outer loop
vertex -2.485 1.602 0.4
vertex -2.385 1.592 0.4
vertex -2.385 1.592 1.4
endloop
endfacet
facet normal 0.1 0.995 0
outer loop
vertex -2.375 1.691 1.4
vertex -2.375 1.691 0.4
vertex -2.475 1.701 1.4
endloop
endfacet
facet normal 0.1 0.995 0
outer loop
vertex -2.375 1.691 0.4
vertex -2.475 1.701 0.4
vertex -2.475 1.701 1.4
endloop
endfacet
facet normal 0.995 -0.1 0
outer loop
vertex -2.46 0.846 1.4
vertex -2.46 0.846 0.4
vertex -2.45 0.945 1.4
endloop
endfacet
facet normal 0.995 -0.1 0
outer loop
vertex -2.46 0.846 0.4
vertex -2.45 0.945 0.4
vertex -2.45 0.945 1.4
endloop
endfacet
facet normal -0.995 0.1 0
outer loop
vertex -2.55 0.955 1.4
vertex -2.55 0.955 0.4
vertex -2.56 0.856 1.4
endloop
endfacet
facet normal -0.995 0.1 0
outer loop
vertex -2.55 0.955 0.4
vertex -2.56 0.856 0.4
vertex -2.56 0.856 1.4
endloop
endfacet
facet normal 0 0 1
outer loop
vertex -2.55 0.955 1.4
vertex -2.56 0.856 1.4
vertex -2.45 0.945 1.4
endloop
endfacet
facet normal 0 0 1
outer loop
vertex -2.56 0.856 1.4
vertex -2.46 0.846 1.4
vertex -2.45 0.945 1.4
endloop
endfacet
facet normal 0 0 -1
outer loop
vertex -2.56 0.856 0.4
vertex -2.55 0.955 0.4
vertex -2.46 0.846 0.4
endloop
endfacet
facet normal 0 0 -1
outer loop
vertex -2.55 0.955 0.4
vertex -2.45 0.945 0.4
vertex -2.46 0.846 0.4
endloop
endfacet
facet normal -0.1 -0.995 0
outer loop
vertex -2.56 0.856 1.4
vertex -2.56 0.856 0.4
vertex -2.46 0.846 1.4
endloop
endfacet
facet normal -0.1 -0.995 0
outer loop
vertex -2.56 0.856 0.4
vertex -2.46 0.846 0.4
vertex -2.46 0.846 1.4
endloop
endfacet
facet normal 0.1 0.995 0
outer loop
vertex -2.45 0.945 1.4
vertex -2.45 0.945 0.4
vertex -2.55 0.955 1.4
endloop
endfacet
facet normal 0.1 0.995 0
outer loop
vertex -2.45 0.945 0.4
vertex -2.55 0.955 0.4
vertex -2.55 0.955 1.4
endloop
endfacet
facet normal 0.995 -0.1 0
outer loop
vertex -0.196 1.372 1.4
vertex -0.196 1.372 0.4
vertex -0.186 1.472 1.4
endloop
endfacet
facet normal 0.995 -0.1 0
outer loop
vertex -0.196 1.372 0.4
vertex -0.186 1.472 0.4
vertex -0.186 1.472 1.4
endloop
endfacet
facet normal -0.995 0.1 0
outer loop
vertex -0.286 1.482 1.4
vertex -0.286 1.482 0.4
vertex -0.296 1.382 1.4
endloop
endfacet
facet normal -0.995 0.1 0
outer loop
vertex -0.286 1.482 0.4
vertex -0.296 1.382 0.4
vertex -0.296 1.382 1.4
endloop
endfacet
facet normal 0 0 1
outer loop
vertex -0.286 1.482 1.4
vertex -0.296 1.382 1.4
vertex -0.186 1.472 1.4
endloop
endfacet
facet normal 0 0 1
outer loop
vertex -0.296 1.382 1.4
vertex -0.196 1.372 1.4
vertex -0.186 1.472 1.4
endloop
endfacet
facet normal 0 0 -1
outer loop
vertex -0.296 1.382 0.4
vertex -0.286 1.482 0.4
vertex -0.196 1.372 0.4
endloop
endfacet
facet normal 0 0 -1
outer loop
vertex -0.286 1.482 0.4
vertex -0.186 1.472 0.4
vertex -0.196 1.372 0.4
endloop
endfacet
facet normal -0.1 -0.995 0
outer loop
vertex -0.296 1.382 1.4
vertex -0.296 1.382 0.4
vertex -0.196 1.372 1.4
endloop
endfacet
facet normal -0.1 -0.995 0
outer loop
vertex -0.296 1.382 0.4
vertex -0.196 1.372 0.4
vertex -0.196 1.372 1.4
endloop
endfacet
facet normal 0.1 0.995 0
outer loop
vertex -0.186 1.472 1.4
vertex -0.186 1.472 0.4
vertex -0.286 1.482 1.4
endloop
endfacet
facet normal 0.1 0.995 0
outer loop
vertex -0.186 1.472 0.4
vertex -0.286 1.482 0.4
vertex -0.286 1.482 1.4
endloop
endfacet
facet normal 0.995 -0.1 0
outer loop
vertex -0.271 0.626 1.4
vertex -0.271 0.626 0.4
vertex -0.261 0.725 1.4
endloop
endfacet
facet normal 0.995 -0.1 0
outer loop
vertex -0.271 0.626 0.4
vertex -0.261 0.725 0.4
vertex -0.261 0.725 1.4
endloop
endfacet
facet normal -0.995 0.1 0
outer loop
vertex -0.361 0.735 1.4
vertex -0.361 0.735 0.4
vertex -0.371 0.636 1.4
endloop
endfacet
facet normal -0.995 0.1 0
outer loop
vertex -0.361 0.735 0.4
vertex -0.371 0.636 0.4
vertex -0.371 0.636 1.4
endloop
endfacet
facet normal 0 0 1
outer loop
vertex -0.361 0.735 1.4
vertex -0.371 0.636 1.4
vertex -0.261 0.725 1.4
endloop
endfacet
facet normal 0 0 1
outer loop
vertex -0.371 0.636 1.4
vertex -0.271 0.626 1.4
vertex -0.261 0.725 1.4
endloop
endfacet
facet normal 0 0 -1
outer loop
vertex -0.371 0.636 0.4
vertex -0.361 0.735 0.4
vertex -0.271 0.626 0.4
endloop
endfacet
facet normal 0 0 -1
outer loop
vertex -0.361 0.735 0.4
vertex -0.261 0.725 0.4
vertex -0.271 0.626 0.4
endloop
endfacet
facet normal -0.1 -0.995 0
outer loop
vertex -0.371 0.636 1.4
vertex -0.371 0.636 0.4
vertex -0.271 0.626 1.4
endloop
endfacet
facet normal -0.1 -0.995 0
outer loop
vertex -0.371 0.636 0.4
vertex -0.271 0.626 0.4
vertex -0.271 0.626 1.4
endloop
endfacet
facet normal 0.1 0.995 0
outer loop
vertex -0.261 0.725 1.4
vertex -0.261 0.725 0.4
vertex -0.361 0.735 1.4
endloop
endfacet
facet normal 0.1 0.995 0
outer loop
vertex -0.261 0.725 0.4
vertex -0.361 0.735 0.4
vertex -0.361 0.735 1.4
endloop
endfacet
facet normal 0.995 -0.1 0
outer loop
vertex -0.765 1.218 2.525
vertex -0.765 1.218 1.675
vertex -0.753 1.338 2.525
endloop
endfacet
facet normal 0.995 -0.1 0
outer loop
vertex -0.765 1.218 1.675
vertex -0.753 1.338 1.675
vertex -0.753 1.338 2.525
endloop
endfacet
facet normal -0.995 0.1 0
outer loop
vertex -2.046 1.467 2.525
vertex -2.046 1.467 1.675
vertex -2.058 1.348 2.525
endloop
endfacet
facet normal -0.995 0.1 0
outer loop
vertex -2.046 1.467 1.675
vertex -2.058 1.348 1.675
vertex -2.058 1.348 2.525
endloop
endfacet
facet normal 0 0 1
outer loop
vertex -2.046 1.467 2.525
vertex -2.058 1.348 2.525
vertex -0.753 1.338 2.525
endloop
endfacet
facet normal 0 0 1
outer loop
vertex -2.058 1.348 2.525
vertex -0.765 1.218 2.525
vertex -0.753 1.338 2.525
endloop
endfacet
facet normal 0 0 -1
outer loop
vertex -2.058 1.348 1.675
vertex -2.046 1.467 1.675
vertex -0.765 1.218 1.675
endloop
endfacet
facet normal 0 0 -1
outer loop
vertex -2.046 1.467 1.675
vertex -0.753 1.338 1.675
vertex -0.765 1.218 1.675
endloop
endfacet
facet normal -0.1 -0.995 0
outer loop
vertex -2.058 1.348 2.525
vertex -2.058 1.348 1.675
vertex -0.765 1.218 2.525
endloop
endfacet
facet normal -0.1 -0.995 0
outer loop
vertex -2.058 1.348 1.675
vertex -0.765 1.218 1.675
vertex -0.765 1.218 2.525
endloop
endfacet
facet normal 0.1 0.995 0
outer loop
vertex -0.753 1.338 2.525
vertex -0.753 1.338 1.675
vertex -2.046 1.467 2.525
endloop
endfacet
facet normal 0.1 0.995 0
outer loop
vertex -0.753 1.338 1.675
vertex -2.046 1.467 1.675
vertex -2.046 1.467 2.525
endloop
endfacet
facet normal 0.995 -0.1 0
outer loop
vertex -1.352 1.277 1.76
vertex -1.352 1.277 1.46
vertex -1.34 1.396 1.76
endloop
endfacet
facet normal 0.995 -0.1 0
outer loop
vertex -1.352 1.277 1.46
vertex -1.34 1.396 1.46
vertex -1.34 1.396 1.76
endloop
endfacet
facet normal -0.995 0.1 0
outer loop
vertex -1.459 1.408 1.76
vertex -1.459 1.408 1.46
vertex -1.471 1.289 1.76
endloop
endfacet
facet normal -0.995 0.1 0
outer loop
vertex -1.459 1.408 1.46
vertex -1.471 1.289 1.46
vertex -1.471 1.289 1.76
endloop
endfacet
facet normal 0 0 1
outer loop
vertex -1.459 1.408 1.76
vertex -1.471 1.289 1.76
vertex -1.34 1.396 1.76
endloop
endfacet
facet normal 0 0 1
outer loop
vertex -1.471 1.289 1.76
vertex -1.352 1.277 1.76
vertex -1.34 1.396 1.76
endloop
endfacet
facet normal 0 0 -1
outer loop
vertex -1.471 1.289 1.46
vertex -1.459 1.408 1.46
vertex -1.352 1.277 1.46
endloop
endfacet
facet normal 0 0 -1
outer loop
vertex -1.459 1.408 1.46
vertex -1.34 1.396 1.46
vertex -1.352 1.277 1.46
endloop
endfacet
facet normal -0.1 -0.995 0
outer loop
vertex -1.471 1.289 1.76
vertex -1.471 1.289 1.46
vertex -1.352 1.277 1.76
endloop
endfacet
facet normal -0.1 -0.995 0
outer loop
vertex -1.471 1.289 1.46
vertex -1.352 1.277 1.46
vertex -1.352 1.277 1.76
endloop
endfacet
facet normal 0.1 0.995 0
outer loop
vertex -1.34 1.396 1.76
vertex -1.34 1.396 1.46
vertex -1.459 1.408 1.76
endloop
endfacet
facet normal 0.1 0.995 0
outer loop
vertex -1.34 1.396 1.46
vertex -1.459 1.408 1.46
vertex -1.459 1.408 1.76
endloop
endfacet
facet normal 0.995 -0.1 0
outer loop
vertex -1.153 1.106 1.56
vertex -1.153 1.106 1.5
vertex -1.121 1.425 1.56
endloop
endfacet
facet normal 0.995 -0.1 0
outer loop
vertex -1.153 1.106 1.5
vertex -1.121 1.425 1.5
vertex -1.121 1.425 1.56
endloop
endfacet
facet normal -0.995 0.1 0
outer loop
vertex -1.668 1.48 1.56
vertex -1.668 1.48 1.5
vertex -1.7 1.161 1.56
endloop
endfacet
facet normal -0.995 0.1 0
outer loop
vertex -1.668 1.48 1.5
vertex -1.7 1.161 1.5
vertex -1.7 1.161 1.56
endloop
endfacet
facet normal 0 0 1
outer loop
vertex -1.668 1.48 1.56
vertex -1.7 1.161 1.56
vertex -1.121 1.425 1.56
endloop
endfacet
facet normal 0 0 1
outer loop
vertex -1.7 1.161 1.56
vertex -1.153 1.106 1.56
vertex -1.121 1.425 1.56
endloop
endfacet
facet normal 0 0 -1
outer loop
vertex -1.7 1.161 1.5
vertex -1.668 1.48 1.5
vertex -1.153 1.106 1.5
endloop
endfacet
facet normal 0 0 -1
outer loop
vertex -1.668 1.48 1.5
vertex -1.121 1.425 1.5
vertex -1.153 1.106 1.5
endloop
endfacet
facet normal -0.1 -0.995 0
outer loop
vertex -1.7 1.161 1.56
vertex -1.7 1.161 1.5
vertex -1.153 1.106 1.56
endloop
endfacet
facet normal -0.1 -0.995 0
outer loop
vertex -1.7 1.161 1.5
vertex -1.153 1.106 1.5
vertex -1.153 1.106 1.56
endloop
endfacet
facet normal 0.1 0.995 0
outer loop
vertex -1.121 1.425 1.56
vertex -1.121 1.425 1.5
vertex -1.668 1.48 1.56
endloop
endfacet
facet normal 0.1 0.995 0
outer loop
vertex -1.121 1.425 1.5
vertex -1.668 1.48 1.5
vertex -1.668 1.48 1.56
endloop
endfacet
facet normal -0.1 -0.995 0
outer loop
vertex -2.005 1.331 2.47
vertex -2.005 1.331 1.73
vertex -0.82 1.212 2.47
endloop
endfacet
facet normal -0.1 -0.995 0
outer loop
vertex -2.005 1.331 1.73
vertex -0.82 1.212 1.73
vertex -0.82 1.212 2.47
endloop
endfacet
facet normal 0.995 -0.1 0
outer loop
vertex -1.054 0.735 1.57
vertex -1.054 0.735 1.53
vertex -1.026 1.013 1.57
endloop
endfacet
facet normal 0.995 -0.1 0
outer loop
vertex -1.054 0.735 1.53
vertex -1.026 1.013 1.53
vertex -1.026 1.013 1.57
endloop
endfacet
facet normal -0.995 0.1 0
outer loop
vertex -1.842 1.095 1.57
vertex -1.842 1.095 1.53
vertex -1.87 0.817 1.57
endloop
endfacet
facet normal -0.995 0.1 0
outer loop
vertex -1.842 1.095 1.53
vertex -1.87 0.817 1.53
vertex -1.87 0.817 1.57
endloop
endfacet
facet normal 0 0 1
outer loop
vertex -1.842 1.095 1.57
vertex -1.87 0.817 1.57
vertex -1.026 1.013 1.57
endloop
endfacet
facet normal 0 0 1
outer loop
vertex -1.87 0.817 1.57
vertex -1.054 0.735 1.57
vertex -1.026 1.013 1.57
endloop
endfacet
facet normal 0 0 -1
outer loop
vertex -1.87 0.817 1.53
vertex -1.842 1.095 1.53
vertex -1.054 0.735 1.53
endloop
endfacet
facet normal 0 0 -1
outer loop
vertex -1.842 1.095 1.53
vertex -1.026 1.013 1.53
vertex -1.054 0.735 1.53
endloop
endfacet
facet normal -0.1 -0.995 0
outer loop
vertex -1.87 0.817 1.57
vertex -1.87 0.817 1.53
vertex -1.054 0.735 1.57
endloop
endfacet
facet normal -0.1 -0.995 0
outer loop
vertex -1.87 0.817 1.53
vertex -1.054 0.735 1.53
vertex -1.054 0.735 1.57
endloop
endfacet
facet normal 0.1 0.995 0
outer loop
vertex -1.026 1.013 1.57
vertex -1.026 1.013 1.53
vertex -1.842 1.095 1.57
endloop
endfacet
facet normal 0.1 0.995 0
outer loop
vertex -1.026 1.013 1.53
vertex -1.842 1.095 1.53
vertex -1.842 1.095 1.57
endloop
endfacet
facet normal 0.995 -0.1 0
outer loop
vertex -1.76 0.841 1.579
vertex -1.76 0.841 1.571
vertex -1.739 1.05 1.579
endloop
endfacet
facet normal 0.995 -0.1 0
outer loop
vertex -1.76 0.841 1.571
vertex -1.739 1.05 1.571
vertex -1.739 1.05 1.579
endloop
endfacet
facet normal -0.995 0.1 0
outer loop
vertex -1.774 1.053 1.579
vertex -1.774 1.053 1.571
vertex -1.795 0.844 1.579
endloop
endfacet
facet normal -0.995 0.1 0
outer loop
vertex -1.774 1.053 1.571
vertex -1.795 0.844 1.571
vertex -1.795 0.844 1.579
endloop
endfacet
facet normal 0 0 1
outer loop
vertex -1.774 1.053 1.579
vertex -1.795 0.844 1.579
vertex -1.739 1.05 1.579
endloop
endfacet
facet normal 0 0 1
outer loop
vertex -1.795 0.844 1.579
vertex -1.76 0.841 1.579
vertex -1.739 1.05 1.579
endloop
endfacet
facet normal 0 0 -1
outer loop
vertex -1.795 0.844 1.571
vertex -1.774 1.053 1.571
vertex -1.76 0.841 1.571
endloop
endfacet
facet normal 0 0 -1
outer loop
vertex -1.774 1.053 1.571
vertex -1.739 1.05 1.571
vertex -1.76 0.841 1.571
endloop
endfacet
facet normal -0.1 -0.995 0
outer loop
vertex -1.795 0.844 1.579
vertex -1.795 0.844 1.571
vertex -1.76 0.841 1.579
endloop
endfacet
facet normal -0.1 -0.995 0
outer loop
vertex -1.795 0.844 1.571
vertex -1.76 0.841 1.571
vertex -1.76 0.841 1.579
endloop
endfacet
facet normal 0.1 0.995 0
outer loop
vertex -1.739 1.05 1.579
vertex -1.739 1.05 1.571
vertex -1.774 1.053 1.579
endloop
endfacet
facet normal 0.1 0.995 0
outer loop
vertex -1.739 1.05 1.571
vertex -1.774 1.053 1.571
vertex -1.774 1.053 1.579
endloop
endfacet
facet normal 0.995 -0.1 0
outer loop
vertex -1.66 0.831 1.579
vertex -1.66 0.831 1.571
vertex -1.639 1.04 1.579
endloop
endfacet
facet normal 0.995 -0.1 0
outer loop
vertex -1.66 0.831 1.571
vertex -1.639 1.04 1.571
vertex -1.639 1.04 1.579
endloop
endfacet
facet normal -0.995 0.1 0
outer loop
vertex -1.674 1.043 1.579
vertex -1.674 1.043 1.571
vertex -1.695 0.834 1.579
endloop
endfacet
facet normal -0.995 0.1 0
outer loop
vertex -1.674 1.043 1.571
vertex -1.695 0.834 1.571
vertex -1.695 0.834 1.579
endloop
endfacet
facet normal 0 0 1
outer loop
vertex -1.674 1.043 1.579
vertex -1.695 0.834 1.579
vertex -1.639 1.04 1.579
endloop
endfacet
facet normal 0 0 1
outer loop
vertex -1.695 0.834 1.579
vertex -1.66 0.831 1.579
vertex -1.639 1.04 1.579
endloop
endfacet
facet normal 0 0 -1
outer loop
vertex -1.695 0.834 1.571
vertex -1.674 1.043 1.571
vertex -1.66 0.831 1.571
endloop
endfacet
facet normal 0 0 -1
outer loop
vertex -1.674 1.043 1.571
vertex -1.639 1.04 1.571
vertex -1.66 0.831 1.571
endloop
endfacet
facet normal -0.1 -0.995 0
outer loop
vertex -1.695 0.834 1.579
vertex -1.695 0.834 1.571
vertex -1.66 0.831 1.579
endloop
endfacet
facet normal -0.1 -0.995 0
outer loop
vertex -1.695 0.834 1.571
vertex -1.66 0.831 1.571
vertex -1.66 0.831 1.579
endloop
endfacet
facet normal 0.1 0.995 0
outer loop
vertex -1.639 1.04 1.579
vertex -1.639 1.04 1.571
vertex -1.674 1.043 1.579
endloop
endfacet
facet normal 0.1 0.995 0
outer loop
vertex -1.639 1.04 1.571
vertex -1.674 1.043 1.571
vertex -1.674 1.043 1.579
endloop
endfacet
facet normal 0.995 -0.1 0
outer loop
vertex -1.561 0.821 1.579
vertex -1.561 0.821 1.571
vertex -1.54 1.03 1.579
endloop
endfacet
facet normal 0.995 -0.1 0
outer loop
vertex -1.561 0.821 1.571
vertex -1.54 1.03 1.571
vertex -1.54 1.03 1.579
endloop
endfacet
facet normal -0.995 0.1 0
outer loop
vertex -1.575 1.033 1.579
vertex -1.575 1.033 1.571
vertex -1.596 0.824 1.579
endloop
endfacet
facet normal -0.995 0.1 0
outer loop
vertex -1.575 1.033 1.571
vertex -1.596 0.824 1.571
vertex -1.596 0.824 1.579
endloop
endfacet
facet normal 0 0 1
outer loop
vertex -1.575 1.033 1.579
vertex -1.596 0.824 1.579
vertex -1.54 1.03 1.579
endloop
endfacet
facet normal 0 0 1
outer loop
vertex -1.596 0.824 1.579
vertex -1.561 0.821 1.579
vertex -1.54 1.03 1.579
endloop
endfacet
facet normal 0 0 -1
outer loop
vertex -1.596 0.824 1.571
vertex -1.575 1.033 1.571
vertex -1.561 0.821 1.571
endloop
endfacet
facet normal 0 0 -1
outer loop
vertex -1.575 1.033 1.571
vertex -1.54 1.03 1.571
vertex -1.561 0.821 1.571
endloop
endfacet
facet normal -0.1 -0.995 0
outer loop
vertex -1.596 0.824 1.579
vertex -1.596 0.824 1.571
vertex -1.561 0.821 1.579
endloop
endfacet
facet normal -0.1 -0.995 0
outer loop
vertex -1.596 0.824 1.571
vertex -1.561 0.821 1.571
vertex -1.561 0.821 1.579
endloop
endfacet
facet normal 0.1 0.995 0
outer loop
vertex -1.54 1.03 1.579
vertex -1.54 1.03 1.571
vertex -1.575 1.033 1.579
endloop
endfacet
facet normal 0.1 0.995 0
outer loop
vertex -1.54 1.03 1.571
vertex -1.575 1.033 1.571
vertex -1.575 1.033 1.579
endloop
endfacet
facet normal 0.995 -0.1 0
outer loop
vertex -1.461 0.811 1.579
vertex -1.461 0.811 1.571
vertex -1.44 1.02 1.579
endloop
endfacet
facet normal 0.995 -0.1 0
outer loop
vertex -1.461 0.811 1.571
vertex -1.44 1.02 1.571
vertex -1.44 1.02 1.579
endloop
endfacet
facet normal -0.995 0.1 0
outer loop
vertex -1.475 1.023 1.579
vertex -1.475 1.023 1.571
vertex -1.496 0.814 1.579
endloop
endfacet
facet normal -0.995 0.1 0
outer loop
vertex -1.475 1.023 1.571
vertex -1.496 0.814 1.571
vertex -1.496 0.814 1.579
endloop
endfacet
facet normal 0 0 1
outer loop
vertex -1.475 1.023 1.579
vertex -1.496 0.814 1.579
vertex -1.44 1.02 1.579
endloop
endfacet
facet normal 0 0 1
outer loop
vertex -1.496 0.814 1.579
vertex -1.461 0.811 1.579
vertex -1.44 1.02 1.579
endloop
endfacet
facet normal 0 0 -1
outer loop
vertex -1.496 0.814 1.571
vertex -1.475 1.023 1.571
vertex -1.461 0.811 1.571
endloop
endfacet
facet normal 0 0 -1
outer loop
vertex -1.475 1.023 1.571
vertex -1.44 1.02 1.571
vertex -1.461 0.811 1.571
endloop
endfacet
facet normal -0.1 -0.995 0
outer loop
vertex -1.496 0.814 1.579
vertex -1.496 0.814 1.571
vertex -1.461 0.811 1.579
endloop
endfacet
facet normal -0.1 -0.995 0
outer loop
vertex -1.496 0.814 1.571
vertex -1.461 0.811 1.571
vertex -1.461 0.811 1.579
endloop
endfacet
facet normal 0.1 0.995 0
outer loop
vertex -1.44 1.02 1.579
vertex -1.44 1.02 1.571
vertex -1.475 1.023 1.579
endloop
endfacet
facet normal 0.1 0.995 0
outer loop
vertex -1.44 1.02 1.571
vertex -1.475 1.023 1.571
vertex -1.475 1.023 1.579
endloop
endfacet
facet normal 0.995 -0.1 0
outer loop
vertex -1.362 0.801 1.579
vertex -1.362 0.801 1.571
vertex -1.341 1.01 1.579
endloop
endfacet
facet normal 0.995 -0.1 0
outer loop
vertex -1.362 0.801 1.571
vertex -1.341 1.01 1.571
vertex -1.341 1.01 1.579
endloop
endfacet
facet normal -0.995 0.1 0
outer loop
vertex -1.376 1.013 1.579
vertex -1.376 1.013 1.571
vertex -1.397 0.804 1.579
endloop
endfacet
facet normal -0.995 0.1 0
outer loop
vertex -1.376 1.013 1.571
vertex -1.397 0.804 1.571
vertex -1.397 0.804 1.579
endloop
endfacet
facet normal 0 0 1
outer loop
vertex -1.376 1.013 1.579
vertex -1.397 0.804 1.579
vertex -1.341 1.01 1.579
endloop
endfacet
facet normal 0 0 1
outer loop
vertex -1.397 0.804 1.579
vertex -1.362 0.801 1.579
vertex -1.341 1.01 1.579
endloop
endfacet
facet normal 0 0 -1
outer loop
vertex -1.397 0.804 1.571
vertex -1.376 1.013 1.571
vertex -1.362 0.801 1.571
endloop
endfacet
facet normal 0 0 -1
outer loop
vertex -1.376 1.013 1.571
vertex -1.341 1.01 1.571
vertex -1.362 0.801 1.571
endloop
endfacet
facet normal -0.1 -0.995 0
outer loop
vertex -1.397 0.804 1.579
vertex -1.397 0.804 1.571
vertex -1.362 0.801 1.579
endloop
endfacet
facet normal -0.1 -0.995 0
outer loop
vertex -1.397 0.804 1.571
vertex -1.362 0.801 1.571
vertex -1.362 0.801 1.579
endloop
endfacet
facet normal 0.1 0.995 0
outer loop
vertex -1.341 1.01 1.579
vertex -1.341 1.01 1.571
vertex -1.376 1.013 1.579
endloop
endfacet
facet normal 0.1 0.995 0
outer loop
vertex -1.341 1.01 1.571
vertex -1.376 1.013 1.571
vertex -1.376 1.013 1.579
endloop
endfacet
facet normal 0.995 -0.1 0
outer loop
vertex -1.262 0.791 1.579
vertex -1.262 0.791 1.571
vertex -1.241 1 1.579
endloop
endfacet
facet normal 0.995 -0.1 0
outer loop
vertex -1.262 0.791 1.571
vertex -1.241 1 1.571
vertex -1.241 1 1.579
endloop
endfacet
facet normal -0.995 0.1 0
outer loop
vertex -1.276 1.003 1.579
vertex -1.276 1.003 1.571
vertex -1.297 0.794 1.579
endloop
endfacet
facet normal -0.995 0.1 0
outer loop
vertex -1.276 1.003 1.571
vertex -1.297 0.794 1.571
vertex -1.297 0.794 1.579
endloop
endfacet
facet normal 0 0 1
outer loop
vertex -1.276 1.003 1.579
vertex -1.297 0.794 1.579
vertex -1.241 1 1.579
endloop
endfacet
facet normal 0 0 1
outer loop
vertex -1.297 0.794 1.579
vertex -1.262 0.791 1.579
vertex -1.241 1 1.579
endloop
endfacet
facet normal 0 0 -1
outer loop
vertex -1.297 0.794 1.571
vertex -1.276 1.003 1.571
vertex -1.262 0.791 1.571
endloop
endfacet
facet normal 0 0 -1
outer loop
vertex -1.276 1.003 1.571
vertex -1.241 1 1.571
vertex -1.262 0.791 1.571
endloop
endfacet
facet normal -0.1 -0.995 0
outer loop
vertex -1.297 0.794 1.579
vertex -1.297 0.794 1.571
vertex -1.262 0.791 1.579
endloop
endfacet
facet normal -0.1 -0.995 0
outer loop
vertex -1.297 0.794 1.571
vertex -1.262 0.791 1.571
vertex -1.262 0.791 1.579
endloop
endfacet
facet normal 0.1 0.995 0
outer loop
vertex -1.241 1 1.579
vertex -1.241 1 1.571
vertex -1.276 1.003 1.579
endloop
endfacet
facet normal 0.1 0.995 0
outer loop
vertex -1.241 1 1.571
vertex -1.276 1.003 1.571
vertex -1.276 1.003 1.579
endloop
endfacet
facet normal 0.995 -0.1 0
outer loop
vertex -1.163 0.781 1.579
vertex -1.163 0.781 1.571
vertex -1.142 0.99 1.579
endloop
endfacet
facet normal 0.995 -0.1 0
outer loop
vertex -1.163 0.781 1.571
vertex -1.142 0.99 1.571
vertex -1.142 0.99 1.579
endloop
endfacet
facet normal -0.995 0.1 0
outer loop
vertex -1.177 0.993 1.579
vertex -1.177 0.993 1.571
vertex -1.198 0.784 1.579
endloop
endfacet
facet normal -0.995 0.1 0
outer loop
vertex -1.177 0.993 1.571
vertex -1.198 0.784 1.571
vertex -1.198 0.784 1.579
endloop
endfacet
facet normal 0 0 1
outer loop
vertex -1.177 0.993 1.579
vertex -1.198 0.784 1.579
vertex -1.142 0.99 1.579
endloop
endfacet
facet normal 0 0 1
outer loop
vertex -1.198 0.784 1.579
vertex -1.163 0.781 1.579
vertex -1.142 0.99 1.579
endloop
endfacet
facet normal 0 0 -1
outer loop
vertex -1.198 0.784 1.571
vertex -1.177 0.993 1.571
vertex -1.163 0.781 1.571
endloop
endfacet
facet normal 0 0 -1
outer loop
vertex -1.177 0.993 1.571
vertex -1.142 0.99 1.571
vertex -1.163 0.781 1.571
endloop
endfacet
facet normal -0.1 -0.995 0
outer loop
vertex -1.198 0.784 1.579
vertex -1.198 0.784 1.571
vertex -1.163 0.781 1.579
endloop
endfacet
facet normal -0.1 -0.995 0
outer loop
vertex -1.198 0.784 1.571
vertex -1.163 0.781 1.571
vertex -1.163 0.781 1.579
endloop
endfacet
facet normal 0.1 0.995 0
outer loop
vertex -1.142 0.99 1.579
vertex -1.142 0.99 1.571
vertex -1.177 0.993 1.579
endloop
endfacet
facet normal 0.1 0.995 0
outer loop
vertex -1.142 0.99 1.571
vertex -1.177 0.993 1.571
vertex -1.177 0.993 1.579
endloop
endfacet
facet normal 0.409 -0.906 -0.108
outer loop
vertex -0.498 0.87 1.76
vertex -0.495 0.9 1.52
vertex -0.379 0.923 1.76
endloop
endfacet
facet normal 0.409 -0.906 -0.108
outer loop
vertex -0.495 0.9 1.52
vertex -0.404 0.941 1.52
vertex -0.379 0.923 1.76
endloop
endfacet
facet normal 0.989 -0.099 -0.108
outer loop
vertex -0.379 0.923 1.76
vertex -0.404 0.941 1.52
vertex -0.367 1.053 1.76
endloop
endfacet
facet normal 0.989 -0.099 -0.108
outer loop
vertex -0.404 0.941 1.52
vertex -0.394 1.04 1.52
vertex -0.367 1.053 1.76
endloop
endfacet
facet normal 0.581 0.807 -0.108
outer loop
vertex -0.367 1.053 1.76
vertex -0.394 1.04 1.52
vertex -0.472 1.129 1.76
endloop
endfacet
facet normal 0.581 0.807 -0.108
outer loop
vertex -0.394 1.04 1.52
vertex -0.475 1.099 1.52
vertex -0.472 1.129 1.76
endloop
endfacet
facet normal -0.409 0.906 -0.108
outer loop
vertex -0.472 1.129 1.76
vertex -0.475 1.099 1.52
vertex -0.591 1.075 1.76
endloop
endfacet
facet normal -0.409 0.906 -0.108
outer loop
vertex -0.475 1.099 1.52
vertex -0.566 1.058 1.52
vertex -0.591 1.075 1.76
endloop
endfacet
facet normal -0.989 0.099 -0.108
outer loop
vertex -0.591 1.075 1.76
vertex -0.566 1.058 1.52
vertex -0.604 0.946 1.76
endloop
endfacet
facet normal -0.989 0.099 -0.108
outer loop
vertex -0.566 1.058 1.52
vertex -0.576 0.958 1.52
vertex -0.604 0.946 1.76
endloop
endfacet
facet normal -0.581 -0.807 -0.108
outer loop
vertex -0.604 0.946 1.76
vertex -0.576 0.958 1.52
vertex -0.498 0.87 1.76
endloop
endfacet
facet normal -0.581 -0.807 -0.108
outer loop
vertex -0.576 0.958 1.52
vertex -0.495 0.9 1.52
vertex -0.498 0.87 1.76
endloop
endfacet
facet normal 0 0 1
outer loop
vertex -0.498 0.87 1.76
vertex -0.379 0.923 1.76
vertex -0.485 0.999 1.76
endloop
endfacet
facet normal 0 0 1
outer loop
vertex -0.379 0.923 1.76
vertex -0.367 1.053 1.76
vertex -0.485 0.999 1.76
endloop
endfacet
facet normal 0 0 1
outer loop
vertex -0.367 1.053 1.76
vertex -0.472 1.129 1.76
vertex -0.485 0.999 1.76
endloop
endfacet
facet normal 0 0 1
outer loop
vertex -0.472 1.129 1.76
vertex -0.591 1.075 1.76
vertex -0.485 0.999 1.76
endloop
endfacet
facet normal 0 0 1
outer loop
vertex -0.591 1.075 1.76
vertex -0.604 0.946 1.76
vertex -0.485 0.999 1.76
endloop
endfacet
facet normal 0 0 1
outer loop
vertex -0.604 0.946 1.76
vertex -0.498 0.87 1.76
vertex -0.485 0.999 1.76
endloop
endfacet
facet normal 0 0 -1
outer loop
vertex -0.404 0.941 1.52
vertex -0.495 0.9 1.52
vertex -0.485 0.999 1.52
endloop
endfacet
facet normal 0 0 -1
outer loop
vertex -0.394 1.04 1.52
vertex -0.404 0.941 1.52
vertex -0.485 0.999 1.52
endloop
endfacet
facet normal 0 0 -1
outer loop
vertex -0.475 1.099 1.52
vertex -0.394 1.04 1.52
vertex -0.485 0.999 1.52
endloop
endfacet
facet normal 0 0 -1
outer loop
vertex -0.566 1.058 1.52
vertex -0.475 1.099 1.52
vertex -0.485 0.999 1.52
endloop
endfacet
facet normal 0 0 -1
outer loop
vertex -0.576 0.958 1.52
vertex -0.566 1.058 1.52
vertex -0.485 0.999 1.52
endloop
endfacet
facet normal 0 0 -1
outer loop
vertex -0.495 0.9 1.52
vertex -0.576 0.958 1.52
vertex -0.485 0.999 1.52
endloop
endfacet
facet normal 0.411 -0.912 0
outer loop
vertex -0.496 0.89 1.77
vertex -0.496 0.89 1.76
vertex -0.396 0.935 1.77
endloop
endfacet
facet normal 0.411 -0.912 0
outer loop
vertex -0.496 0.89 1.76
vertex -0.396 0.935 1.76
vertex -0.396 0.935 1.77
endloop
endfacet
facet normal 0.995 -0.1 0
outer loop
vertex -0.396 0.935 1.77
vertex -0.396 0.935 1.76
vertex -0.385 1.044 1.77
endloop
endfacet
facet normal 0.995 -0.1 0
outer loop
vertex -0.396 0.935 1.76
vertex -0.385 1.044 1.76
vertex -0.385 1.044 1.77
endloop
endfacet
facet normal 0.584 0.812 0
outer loop
vertex -0.385 1.044 1.77
vertex -0.385 1.044 1.76
vertex -0.474 1.109 1.77
endloop
endfacet
facet normal 0.584 0.812 0
outer loop
vertex -0.385 1.044 1.76
vertex -0.474 1.109 1.76
vertex -0.474 1.109 1.77
endloop
endfacet
facet normal -0.411 0.912 0
outer loop
vertex -0.474 1.109 1.77
vertex -0.474 1.109 1.76
vertex -0.574 1.063 1.77
endloop
endfacet
facet normal -0.411 0.912 0
outer loop
vertex -0.474 1.109 1.76
vertex -0.574 1.063 1.76
vertex -0.574 1.063 1.77
endloop
endfacet
facet normal -0.995 0.1 0
outer loop
vertex -0.574 1.063 1.77
vertex -0.574 1.063 1.76
vertex -0.585 0.954 1.77
endloop
endfacet
facet normal -0.995 0.1 0
outer loop
vertex -0.574 1.063 1.76
vertex -0.585 0.954 1.76
vertex -0.585 0.954 1.77
endloop
endfacet
facet normal -0.584 -0.812 0
outer loop
vertex -0.585 0.954 1.77
vertex -0.585 0.954 1.76
vertex -0.496 0.89 1.77
endloop
endfacet
facet normal -0.584 -0.812 0
outer loop
vertex -0.585 0.954 1.76
vertex -0.496 0.89 1.76
vertex -0.496 0.89 1.77
endloop
endfacet
facet normal 0 0 1
outer loop
vertex -0.496 0.89 1.77
vertex -0.396 0.935 1.77
vertex -0.485 0.999 1.77
endloop
endfacet
facet normal 0 0 1
outer loop
vertex -0.396 0.935 1.77
vertex -0.385 1.044 1.77
vertex -0.485 0.999 1.77
endloop
endfacet
facet normal 0 0 1
outer loop
vertex -0.385 1.044 1.77
vertex -0.474 1.109 1.77
vertex -0.485 0.999 1.77
endloop
endfacet
facet normal 0 0 1
outer loop
vertex -0.474 1.109 1.77
vertex -0.574 1.063 1.77
vertex -0.485 0.999 1.77
endloop
endfacet
facet normal 0 0 1
outer loop
vertex -0.574 1.063 1.77
vertex -0.585 0.954 1.77
vertex -0.485 0.999 1.77
endloop
endfacet
facet normal 0 0 1
outer loop
vertex -0.585 0.954 1.77
vertex -0.496 0.89 1.77
vertex -0.485 0.999 1.77
endloop
endfacet
facet normal 0 0 -1
outer loop
vertex -0.396 0.935 1.76
vertex -0.496 0.89 1.76
vertex -0.485 0.999 1.76
endloop
endfacet
facet normal 0 0 -1
outer loop
vertex -0.385 1.044 1.76
vertex -0.396 0.935 1.76
vertex -0.485 0.999 1.76
endloop
endfacet
facet normal 0 0 -1
outer loop
vertex -0.474 1.109 1.76
vertex -0.385 1.044 1.76
vertex -0.485 0.999 1.76
endloop
endfacet
facet normal 0 0 -1
outer loop
vertex -0.574 1.063 1.76
vertex -0.474 1.109 1.76
vertex -0.485 0.999 1.76
endloop
endfacet
facet normal 0 0 -1
outer loop
vertex -0.585 0.954 1.76
vertex -0.574 1.063 1.76
vertex -0.485 0.999 1.76
endloop
endfacet
facet normal 0 0 -1
outer loop
vertex -0.496 0.89 1.76
vertex -0.585 0.954 1.76
vertex -0.485 0.999 1.76
endloop
endfacet
facet normal 0.403 -0.893 0.203
outer loop
vertex -0.281 0.957 1.65
vertex -0.241 0.975 1.65
vertex -0.3 0.959 1.698
endloop
endfacet
facet normal 0.403 -0.893 0.203
outer loop
vertex -0.241 0.975 1.65
vertex -0.272 0.978 1.724
vertex -0.3 0.959 1.698
endloop
endfacet
facet normal 0.117 -0.864 0.49
outer loop
vertex -0.3 0.959 1.698
vertex -0.272 0.978 1.724
vertex -0.348 0.964 1.718
endloop
endfacet
facet normal 0.117 -0.864 0.49
outer loop
vertex -0.272 0.978 1.724
vertex -0.346 0.985 1.755
vertex -0.348 0.964 1.718
endloop
endfacet
facet normal -0.286 -0.824 0.49
outer loop
vertex -0.348 0.964 1.718
vertex -0.346 0.985 1.755
vertex -0.395 0.968 1.698
endloop
endfacet
facet normal -0.286 -0.824 0.49
outer loop
vertex -0.346 0.985 1.755
vertex -0.42 0.993 1.724
vertex -0.395 0.968 1.698
endloop
endfacet
facet normal -0.572 -0.795 0.203
outer loop
vertex -0.395 0.968 1.698
vertex -0.42 0.993 1.724
vertex -0.415 0.97 1.65
endloop
endfacet
facet normal -0.572 -0.795 0.203
outer loop
vertex -0.42 0.993 1.724
vertex -0.45 0.996 1.65
vertex -0.415 0.97 1.65
endloop
endfacet
facet normal -0.572 -0.795 -0.203
outer loop
vertex -0.415 0.97 1.65
vertex -0.45 0.996 1.65
vertex -0.395 0.968 1.602
endloop
endfacet
facet normal -0.572 -0.795 -0.203
outer loop
vertex -0.45 0.996 1.65
vertex -0.42 0.993 1.576
vertex -0.395 0.968 1.602
endloop
endfacet
facet normal -0.286 -0.824 -0.49
outer loop
vertex -0.395 0.968 1.602
vertex -0.42 0.993 1.576
vertex -0.348 0.964 1.582
endloop
endfacet
facet normal -0.286 -0.824 -0.49
outer loop
vertex -0.42 0.993 1.576
vertex -0.346 0.985 1.545
vertex -0.348 0.964 1.582
endloop
endfacet
facet normal 0.117 -0.864 -0.49
outer loop
vertex -0.348 0.964 1.582
vertex -0.346 0.985 1.545
vertex -0.3 0.959 1.602
endloop
endfacet
facet normal 0.117 -0.864 -0.49
outer loop
vertex -0.346 0.985 1.545
vertex -0.272 0.978 1.576
vertex -0.3 0.959 1.602
endloop
endfacet
facet normal 0.403 -0.893 -0.203
outer loop
vertex -0.3 0.959 1.602
vertex -0.272 0.978 1.576
vertex -0.281 0.957 1.65
endloop
endfacet
facet normal 0.403 -0.893 -0.203
outer loop
vertex -0.272 0.978 1.576
vertex -0.241 0.975 1.65
vertex -0.281 0.957 1.65
endloop
endfacet
facet normal -0.919 0.092 -0.383
outer loop
vertex -0.276 1 1.65
vertex -0.281 0.957 1.65
vertex -0.296 1.002 1.698
endloop
endfacet
facet normal -0.919 0.092 -0.383
outer loop
vertex -0.281 0.957 1.65
vertex -0.3 0.959 1.698
vertex -0.296 1.002 1.698
endloop
endfacet
facet normal -0.381 0.038 -0.924
outer loop
vertex -0.296 1.002 1.698
vertex -0.3 0.959 1.698
vertex -0.344 1.007 1.718
endloop
endfacet
facet normal -0.381 0.038 -0.924
outer loop
vertex -0.3 0.959 1.698
vertex -0.348 0.964 1.718
vertex -0.344 1.007 1.718
endloop
endfacet
facet normal 0.381 -0.038 -0.924
outer loop
vertex -0.344 1.007 1.718
vertex -0.348 0.964 1.718
vertex -0.391 1.011 1.698
endloop
endfacet
facet normal 0.381 -0.038 -0.924
outer loop
vertex -0.348 0.964 1.718
vertex -0.395 0.968 1.698
vertex -0.391 1.011 1.698
endloop
endfacet
facet normal 0.919 -0.092 -0.383
outer loop
vertex -0.391 1.011 1.698
vertex -0.395 0.968 1.698
vertex -0.411 1.013 1.65
endloop
endfacet
facet normal 0.919 -0.092 -0.383
outer loop
vertex -0.395 0.968 1.698
vertex -0.415 0.97 1.65
vertex -0.411 1.013 1.65
endloop
endfacet
facet normal 0.919 -0.092 0.383
outer loop
vertex -0.411 1.013 1.65
vertex -0.415 0.97 1.65
vertex -0.391 1.011 1.602
endloop
endfacet
facet normal 0.919 -0.092 0.383
outer loop
vertex -0.415 0.97 1.65
vertex -0.395 0.968 1.602
vertex -0.391 1.011 1.602
endloop
endfacet
facet normal 0.381 -0.038 0.924
outer loop
vertex -0.391 1.011 1.602
vertex -0.395 0.968 1.602
vertex -0.344 1.007 1.582
endloop
endfacet
facet normal 0.381 -0.038 0.924
outer loop
vertex -0.395 0.968 1.602
vertex -0.348 0.964 1.582
vertex -0.344 1.007 1.582
endloop
endfacet
facet normal -0.381 0.038 0.924
outer loop
vertex -0.344 1.007 1.582
vertex -0.348 0.964 1.582
vertex -0.296 1.002 1.602
endloop
endfacet
facet normal -0.381 0.038 0.924
outer loop
vertex -0.348 0.964 1.582
vertex -0.3 0.959 1.602
vertex -0.296 1.002 1.602
endloop
endfacet
facet normal -0.919 0.092 0.383
outer loop
vertex -0.296 1.002 1.602
vertex -0.3 0.959 1.602
vertex -0.276 1 1.65
endloop
endfacet
facet normal -0.919 0.092 0.383
outer loop
vertex -0.3 0.959 1.602
vertex -0.281 0.957 1.65
vertex -0.276 1 1.65
endloop
endfacet
facet normal 0.572 0.795 0.203
outer loop
vertex -0.241 0.975 1.65
vertex -0.276 1 1.65
vertex -0.272 0.978 1.724
endloop
endfacet
facet normal 0.572 0.795 0.203
outer loop
vertex -0.276 1 1.65
vertex -0.296 1.002 1.698
vertex -0.272 0.978 1.724
endloop
endfacet
facet normal 0.286 0.824 0.49
outer loop
vertex -0.272 0.978 1.724
vertex -0.296 1.002 1.698
vertex -0.346 0.985 1.755
endloop
endfacet
facet normal 0.286 0.824 0.49
outer loop
vertex -0.296 1.002 1.698
vertex -0.344 1.007 1.718
vertex -0.346 0.985 1.755
endloop
endfacet
facet normal -0.117 0.864 0.49
outer loop
vertex -0.346 0.985 1.755
vertex -0.344 1.007 1.718
vertex -0.42 0.993 1.724
endloop
endfacet
facet normal -0.117 0.864 0.49
outer loop
vertex -0.344 1.007 1.718
vertex -0.391 1.011 1.698
vertex -0.42 0.993 1.724
endloop
endfacet
facet normal -0.403 0.893 0.203
outer loop
vertex -0.42 0.993 1.724
vertex -0.391 1.011 1.698
vertex -0.45 0.996 1.65
endloop
endfacet
facet normal -0.403 0.893 0.203
outer loop
vertex -0.391 1.011 1.698
vertex -0.411 1.013 1.65
vertex -0.45 0.996 1.65
endloop
endfacet
facet normal -0.403 0.893 -0.203
outer loop
vertex -0.45 0.996 1.65
vertex -0.411 1.013 1.65
vertex -0.42 0.993 1.576
endloop
endfacet
facet normal -0.403 0.893 -0.203
outer loop
vertex -0.411 1.013 1.65
vertex -0.391 1.011 1.602
vertex -0.42 0.993 1.576
endloop
endfacet
facet normal -0.117 0.864 -0.49
outer loop
vertex -0.42 0.993 1.576
vertex -0.391 1.011 1.602
vertex -0.346 0.985 1.545
endloop
endfacet
facet normal -0.117 0.864 -0.49
outer loop
vertex -0.391 1.011 1.602
vertex -0.344 1.007 1.582
vertex -0.346 0.985 1.545
endloop
endfacet
facet normal 0.286 0.824 -0.49
outer loop
vertex -0.346 0.985 1.545
vertex -0.344 1.007 1.582
vertex -0.272 0.978 1.576
endloop
endfacet
facet normal 0.286 0.824 -0.49
outer loop
vertex -0.344 1.007 1.582
vertex -0.296 1.002 1.602
vertex -0.272 0.978 1.576
endloop
endfacet
facet normal 0.572 0.795 -0.203
outer loop
vertex -0.272 0.978 1.576
vertex -0.296 1.002 1.602
vertex -0.241 0.975 1.65
endloop
endfacet
facet normal 0.572 0.795 -0.203
outer loop
vertex -0.296 1.002 1.602
vertex -0.276 1 1.65
vertex -0.241 0.975 1.65
endloop
endfacet
facet normal 0.411 -0.912 0
outer loop
vertex -1.519 -0.294 1.035
vertex -1.519 -0.294 0.905
vertex -1.118 -0.113 1.035
endloop
endfacet
facet normal 0.411 -0.912 0
outer loop
vertex -1.519 -0.294 0.905
vertex -1.118 -0.113 0.905
vertex -1.118 -0.113 1.035
endloop
endfacet
facet normal 0.995 -0.1 0
outer loop
vertex -1.118 -0.113 1.035
vertex -1.118 -0.113 0.905
vertex -1.074 0.325 1.035
endloop
endfacet
facet normal 0.995 -0.1 0
outer loop
vertex -1.118 -0.113 0.905
vertex -1.074 0.325 0.905
vertex -1.074 0.325 1.035
endloop
endfacet
facet normal 0.584 0.812 0
outer loop
vertex -1.074 0.325 1.035
vertex -1.074 0.325 0.905
vertex -1.431 0.582 1.035
endloop
endfacet
facet normal 0.584 0.812 0
outer loop
vertex -1.074 0.325 0.905
vertex -1.431 0.582 0.905
vertex -1.431 0.582 1.035
endloop
endfacet
facet normal -0.411 0.912 0
outer loop
vertex -1.431 0.582 1.035
vertex -1.431 0.582 0.905
vertex -1.833 0.401 1.035
endloop
endfacet
facet normal -0.411 0.912 0
outer loop
vertex -1.431 0.582 0.905
vertex -1.833 0.401 0.905
vertex -1.833 0.401 1.035
endloop
endfacet
facet normal -0.995 0.1 0
outer loop
vertex -1.833 0.401 1.035
vertex -1.833 0.401 0.905
vertex -1.876 -0.037 1.035
endloop
endfacet
facet normal -0.995 0.1 0
outer loop
vertex -1.833 0.401 0.905
vertex -1.876 -0.037 0.905
vertex -1.876 -0.037 1.035
endloop
endfacet
facet normal -0.584 -0.812 0
outer loop
vertex -1.876 -0.037 1.035
vertex -1.876 -0.037 0.905
vertex -1.519 -0.294 1.035
endloop
endfacet
facet normal -0.584 -0.812 0
outer loop
vertex -1.876 -0.037 0.905
vertex -1.519 -0.294 0.905
vertex -1.519 -0.294 1.035
endloop
endfacet
facet normal 0 0 1
outer loop
vertex -1.519 -0.294 1.035
vertex -1.118 -0.113 1.035
vertex -1.475 0.144 1.035
endloop
endfacet
facet normal 0 0 1
outer loop
vertex -1.118 -0.113 1.035
vertex -1.074 0.325 1.035
vertex -1.475 0.144 1.035
endloop
endfacet
facet normal 0 0 1
outer loop
vertex -1.074 0.325 1.035
vertex -1.431 0.582 1.035
vertex -1.475 0.144 1.035
endloop
endfacet
facet normal 0 0 1
outer loop
vertex -1.431 0.582 1.035
vertex -1.833 0.401 1.035
vertex -1.475 0.144 1.035
endloop
endfacet
facet normal 0 0 1
outer loop
vertex -1.833 0.401 1.035
vertex -1.876 -0.037 1.035
vertex -1.475 0.144 1.035
endloop
endfacet
facet normal 0 0 1
outer loop
vertex -1.876 -0.037 1.035
vertex -1.519 -0.294 1.035
vertex -1.475 0.144 1.035
endloop
endfacet
facet normal 0 0 -1
outer loop
vertex -1.118 -0.113 0.905
vertex -1.519 -0.294 0.905
vertex -1.475 0.144 0.905
endloop
endfacet
facet normal 0 0 -1
outer loop
vertex -1.074 0.325 0.905
vertex -1.118 -0.113 0.905
vertex -1.475 0.144 0.905
endloop
endfacet
facet normal 0 0 -1
outer loop
vertex -1.431 0.582 0.905
vertex -1.074 0.325 0.905
vertex -1.475 0.144 0.905
endloop
endfacet
facet normal 0 0 -1
outer loop
vertex -1.833 0.401 0.905
vertex -1.431 0.582 0.905
vertex -1.475 0.144 0.905
endloop
endfacet
facet normal 0 0 -1
outer loop
vertex -1.876 -0.037 0.905
vertex -1.833 0.401 0.905
vertex -1.475 0.144 0.905
endloop
endfacet
facet normal 0 0 -1
outer loop
vertex -1.519 -0.294 0.905
vertex -1.876 -0.037 0.905
vertex -1.475 0.144 0.905
endloop
endfacet
facet normal 0.411 -0.912 0
outer loop
vertex -1.481 0.084 0.92
vertex -1.481 0.084 0.42
vertex -1.427 0.109 0.92
endloop
endfacet
facet normal 0.411 -0.912 0
outer loop
vertex -1.481 0.084 0.42
vertex -1.427 0.109 0.42
vertex -1.427 0.109 0.92
endloop
endfacet
facet normal 0.995 -0.1 0
outer loop
vertex -1.427 0.109 0.92
vertex -1.427 0.109 0.42
vertex -1.421 0.168 0.92
endloop
endfacet
facet normal 0.995 -0.1 0
outer loop
vertex -1.427 0.109 0.42
vertex -1.421 0.168 0.42
vertex -1.421 0.168 0.92
endloop
endfacet
facet normal 0.584 0.812 0
outer loop
vertex -1.421 0.168 0.92
vertex -1.421 0.168 0.42
vertex -1.469 0.203 0.92
endloop
endfacet
facet normal 0.584 0.812 0
outer loop
vertex -1.421 0.168 0.42
vertex -1.469 0.203 0.42
vertex -1.469 0.203 0.92
endloop
endfacet
facet normal -0.411 0.912 0
outer loop
vertex -1.469 0.203 0.92
vertex -1.469 0.203 0.42
vertex -1.524 0.179 0.92
endloop
endfacet
facet normal -0.411 0.912 0
outer loop
vertex -1.469 0.203 0.42
vertex -1.524 0.179 0.42
vertex -1.524 0.179 0.92
endloop
endfacet
facet normal -0.995 0.1 0
outer loop
vertex -1.524 0.179 0.92
vertex -1.524 0.179 0.42
vertex -1.53 0.119 0.92
endloop
endfacet
facet normal -0.995 0.1 0
outer loop
vertex -1.524 0.179 0.42
vertex -1.53 0.119 0.42
vertex -1.53 0.119 0.92
endloop
endfacet
facet normal -0.584 -0.812 0
outer loop
vertex -1.53 0.119 0.92
vertex -1.53 0.119 0.42
vertex -1.481 0.084 0.92
endloop
endfacet
facet normal -0.584 -0.812 0
outer loop
vertex -1.53 0.119 0.42
vertex -1.481 0.084 0.42
vertex -1.481 0.084 0.92
endloop
endfacet
facet normal 0 0 1
outer loop
vertex -1.481 0.084 0.92
vertex -1.427 0.109 0.92
vertex -1.475 0.144 0.92
endloop
endfacet
facet normal 0 0 1
outer loop
vertex -1.427 0.109 0.92
vertex -1.421 0.168 0.92
vertex -1.475 0.144 0.92
endloop
endfacet
facet normal 0 0 1
outer loop
vertex -1.421 0.168 0.92
vertex -1.469 0.203 0.92
vertex -1.475 0.144 0.92
endloop
endfacet
facet normal 0 0 1
outer loop
vertex -1.469 0.203 0.92
vertex -1.524 0.179 0.92
vertex -1.475 0.144 0.92
endloop
endfacet
facet normal 0 0 1
outer loop
vertex -1.524 0.179 0.92
vertex -1.53 0.119 0.92
vertex -1.475 0.144 0.92
endloop
endfacet
facet normal 0 0 1
outer loop
vertex -1.53 0.119 0.92
vertex -1.481 0.084 0.92
vertex -1.475 0.144 0.92
endloop
endfacet
facet normal 0 0 -1
outer loop
vertex -1.427 0.109 0.42
vertex -1.481 0.084 0.42
vertex -1.475 0.144 0.42
endloop
endfacet
facet normal 0 0 -1
outer loop
vertex -1.421 0.168 0.42
vertex -1.427 0.109 0.42
vertex -1.475 0.144 0.42
endloop
endfacet
facet normal 0 0 -1
outer loop
vertex -1.469 0.203 0.42
vertex -1.421 0.168 0.42
vertex -1.475 0.144 0.42
endloop
endfacet
facet normal 0 0 -1
outer loop
vertex -1.524 0.179 0.42
vertex -1.469 0.203 0.42
vertex -1.475 0.144 0.42
endloop
endfacet
facet normal 0 0 -1
outer loop
vertex -1.53 0.119 0.42
vertex -1.524 0.179 0.42
vertex -1.475 0.144 0.42
endloop
endfacet
facet normal 0 0 -1
outer loop
vertex -1.481 0.084 0.42
vertex -1.53 0.119 0.42
vertex -1.475 0.144 0.42
endloop
endfacet
facet normal 0.995 -0.1 0
outer loop
vertex -1.089 -0.267 1.5
vertex -1.089 -0.267 1
vertex -1.077 -0.147 1.5
endloop
endfacet
facet normal 0.995 -0.1 0
outer loop
vertex -1.089 -0.267 1
vertex -1.077 -0.147 1
vertex -1.077 -0.147 1.5
endloop
endfacet
facet normal -0.995 0.1 0
outer loop
vertex -1.923 -0.063 1.5
vertex -1.923 -0.063 1
vertex -1.935 -0.182 1.5
endloop
endfacet
facet normal -0.995 0.1 0
outer loop
vertex -1.923 -0.063 1
vertex -1.935 -0.182 1
vertex -1.935 -0.182 1.5
endloop
endfacet
facet normal 0 0 1
outer loop
vertex -1.923 -0.063 1.5
vertex -1.935 -0.182 1.5
vertex -1.077 -0.147 1.5
endloop
endfacet
facet normal 0 0 1
outer loop
vertex -1.935 -0.182 1.5
vertex -1.089 -0.267 1.5
vertex -1.077 -0.147 1.5
endloop
endfacet
facet normal 0 0 -1
outer loop
vertex -1.935 -0.182 1
vertex -1.923 -0.063 1
vertex -1.089 -0.267 1
endloop
endfacet
facet normal 0 0 -1
outer loop
vertex -1.923 -0.063 1
vertex -1.077 -0.147 1
vertex -1.089 -0.267 1
endloop
endfacet
facet normal -0.1 -0.995 0
outer loop
vertex -1.935 -0.182 1.5
vertex -1.935 -0.182 1
vertex -1.089 -0.267 1.5
endloop
endfacet
facet normal -0.1 -0.995 0
outer loop
vertex -1.935 -0.182 1
vertex -1.089 -0.267 1
vertex -1.089 -0.267 1.5
endloop
endfacet
facet normal 0.1 0.995 0
outer loop
vertex -1.077 -0.147 1.5
vertex -1.077 -0.147 1
vertex -1.923 -0.063 1.5
endloop
endfacet
facet normal 0.1 0.995 0
outer loop
vertex -1.077 -0.147 1
vertex -1.923 -0.063 1
vertex -1.923 -0.063 1.5
endloop
endfacet
facet normal 0.995 -0.1 0
outer loop
vertex -0.098 1.604 2.89
vertex -0.098 1.604 2.81
vertex -0.066 1.922 2.89
endloop
endfacet
facet normal 0.995 -0.1 0
outer loop
vertex -0.098 1.604 2.81
vertex -0.066 1.922 2.81
vertex -0.066 1.922 2.89
endloop
endfacet
facet normal -0.995 0.1 0
outer loop
vertex -1.21 2.037 2.89
vertex -1.21 2.037 2.81
vertex -1.242 1.718 2.89
endloop
endfacet
facet normal -0.995 0.1 0
outer loop
vertex -1.21 2.037 2.81
vertex -1.242 1.718 2.81
vertex -1.242 1.718 2.89
endloop
endfacet
facet normal 0 0 1
outer loop
vertex -1.21 2.037 2.89
vertex -1.242 1.718 2.89
vertex -0.066 1.922 2.89
endloop
endfacet
facet normal 0 0 1
outer loop
vertex -1.242 1.718 2.89
vertex -0.098 1.604 2.89
vertex -0.066 1.922 2.89
endloop
endfacet
facet normal 0 0 -1
outer loop
vertex -1.242 1.718 2.81
vertex -1.21 2.037 2.81
vertex -0.098 1.604 2.81
endloop
endfacet
facet normal 0 0 -1
outer loop
vertex -1.21 2.037 2.81
vertex -0.066 1.922 2.81
vertex -0.098 1.604 2.81
endloop
endfacet
facet normal -0.1 -0.995 0
outer loop
vertex -1.242 1.718 2.89
vertex -1.242 1.718 2.81
vertex -0.098 1.604 2.89
endloop
endfacet
facet normal -0.1 -0.995 0
outer loop
vertex -1.242 1.718 2.81
vertex -0.098 1.604 2.81
vertex -0.098 1.604 2.89
endloop
endfacet
facet normal 0.1 0.995 0
outer loop
vertex -0.066 1.922 2.89
vertex -0.066 1.922 2.81
vertex -1.21 2.037 2.89
endloop
endfacet
facet normal 0.1 0.995 0
outer loop
vertex -0.066 1.922 2.81
vertex -1.21 2.037 2.81
vertex -1.21 2.037 2.89
endloop
endfacet
facet normal 0.995 -0.1 0
outer loop
vertex -1.004 1.74 3.21
vertex -1.004 1.74 2.91
vertex -0.981 1.968 3.21
endloop
endfacet
facet normal 0.995 -0.1 0
outer loop
vertex -1.004 1.74 2.91
vertex -0.981 1.968 2.91
vertex -0.981 1.968 3.21
endloop
endfacet
facet normal -0.995 0.1 0
outer loop
vertex -1.1 1.98 3.21
vertex -1.1 1.98 2.91
vertex -1.123 1.752 3.21
endloop
endfacet
facet normal -0.995 0.1 0
outer loop
vertex -1.1 1.98 2.91
vertex -1.123 1.752 2.91
vertex -1.123 1.752 3.21
endloop
endfacet
facet normal 0 0 1
outer loop
vertex -1.1 1.98 3.21
vertex -1.123 1.752 3.21
vertex -0.981 1.968 3.21
endloop
endfacet
facet normal 0 0 1
outer loop
vertex -1.123 1.752 3.21
vertex -1.004 1.74 3.21
vertex -0.981 1.968 3.21
endloop
endfacet
facet normal 0 0 -1
outer loop
vertex -1.123 1.752 2.91
vertex -1.1 1.98 2.91
vertex -1.004 1.74 2.91
endloop
endfacet
facet normal 0 0 -1
outer loop
vertex -1.1 1.98 2.91
vertex -0.981 1.968 2.91
vertex -1.004 1.74 2.91
endloop
endfacet
facet normal -0.1 -0.995 0
outer loop
vertex -1.123 1.752 3.21
vertex -1.123 1.752 2.91
vertex -1.004 1.74 3.21
endloop
endfacet
facet normal -0.1 -0.995 0
outer loop
vertex -1.123 1.752 2.91
vertex -1.004 1.74 2.91
vertex -1.004 1.74 3.21
endloop
endfacet
facet normal 0.1 0.995 0
outer loop
vertex -0.981 1.968 3.21
vertex -0.981 1.968 2.91
vertex -1.1 1.98 3.21
endloop
endfacet
facet normal 0.1 0.995 0
outer loop
vertex -0.981 1.968 2.91
vertex -1.1 1.98 2.91
vertex -1.1 1.98 3.21
endloop
endfacet
facet normal 0.995 -0.1 0
outer loop
vertex -0.854 1.725 3.26
vertex -0.854 1.725 2.86
vertex -0.831 1.954 3.26
endloop
endfacet
facet normal 0.995 -0.1 0
outer loop
vertex -0.854 1.725 2.86
vertex -0.831 1.954 2.86
vertex -0.831 1.954 3.26
endloop
endfacet
facet normal -0.995 0.1 0
outer loop
vertex -0.951 1.966 3.26
vertex -0.951 1.966 2.86
vertex -0.974 1.737 3.26
endloop
endfacet
facet normal -0.995 0.1 0
outer loop
vertex -0.951 1.966 2.86
vertex -0.974 1.737 2.86
vertex -0.974 1.737 3.26
endloop
endfacet
facet normal 0 0 1
outer loop
vertex -0.951 1.966 3.26
vertex -0.974 1.737 3.26
vertex -0.831 1.954 3.26
endloop
endfacet
facet normal 0 0 1
outer loop
vertex -0.974 1.737 3.26
vertex -0.854 1.725 3.26
vertex -0.831 1.954 3.26
endloop
endfacet
facet normal 0 0 -1
outer loop
vertex -0.974 1.737 2.86
vertex -0.951 1.966 2.86
vertex -0.854 1.725 2.86
endloop
endfacet
facet normal 0 0 -1
outer loop
vertex -0.951 1.966 2.86
vertex -0.831 1.954 2.86
vertex -0.854 1.725 2.86
endloop
endfacet
facet normal -0.1 -0.995 0
outer loop
vertex -0.974 1.737 3.26
vertex -0.974 1.737 2.86
vertex -0.854 1.725 3.26
endloop
endfacet
facet normal -0.1 -0.995 0
outer loop
vertex -0.974 1.737 2.86
vertex -0.854 1.725 2.86
vertex -0.854 1.725 3.26
endloop
endfacet
facet normal 0.1 0.995 0
outer loop
vertex -0.831 1.954 3.26
vertex -0.831 1.954 2.86
vertex -0.951 1.966 3.26
endloop
endfacet
facet normal 0.1 0.995 0
outer loop
vertex -0.831 1.954 2.86
vertex -0.951 1.966 2.86
vertex -0.951 1.966 3.26
endloop
endfacet
facet normal 0.995 -0.1 0
outer loop
vertex -0.705 1.71 3.21
vertex -0.705 1.71 2.91
vertex -0.682 1.939 3.21
endloop
endfacet
facet normal 0.995 -0.1 0
outer loop
vertex -0.705 1.71 2.91
vertex -0.682 1.939 2.91
vertex -0.682 1.939 3.21
endloop
endfacet
facet normal -0.995 0.1 0
outer loop
vertex -0.802 1.951 3.21
vertex -0.802 1.951 2.91
vertex -0.825 1.722 3.21
endloop
endfacet
facet normal -0.995 0.1 0
outer loop
vertex -0.802 1.951 2.91
vertex -0.825 1.722 2.91
vertex -0.825 1.722 3.21
endloop
endfacet
facet normal 0 0 1
outer loop
vertex -0.802 1.951 3.21
vertex -0.825 1.722 3.21
vertex -0.682 1.939 3.21
endloop
endfacet
facet normal 0 0 1
outer loop
vertex -0.825 1.722 3.21
vertex -0.705 1.71 3.21
vertex -0.682 1.939 3.21
endloop
endfacet
facet normal 0 0 -1
outer loop
vertex -0.825 1.722 2.91
vertex -0.802 1.951 2.91
vertex -0.705 1.71 2.91
endloop
endfacet
facet normal 0 0 -1
outer loop
vertex -0.802 1.951 2.91
vertex -0.682 1.939 2.91
vertex -0.705 1.71 2.91
endloop
endfacet
facet normal -0.1 -0.995 0
outer loop
vertex -0.825 1.722 3.21
vertex -0.825 1.722 2.91
vertex -0.705 1.71 3.21
endloop
endfacet
facet normal -0.1 -0.995 0
outer loop
vertex -0.825 1.722 2.91
vertex -0.705 1.71 2.91
vertex -0.705 1.71 3.21
endloop
endfacet
facet normal 0.1 0.995 0
outer loop
vertex -0.682 1.939 3.21
vertex -0.682 1.939 2.91
vertex -0.802 1.951 3.21
endloop
endfacet
facet normal 0.1 0.995 0
outer loop
vertex -0.682 1.939 2.91
vertex -0.802 1.951 2.91
vertex -0.802 1.951 3.21
endloop
endfacet
facet normal 0.995 -0.1 0
outer loop
vertex -0.556 1.695 3.26
vertex -0.556 1.695 2.86
vertex -0.533 1.924 3.26
endloop
endfacet
facet normal 0.995 -0.1 0
outer loop
vertex -0.556 1.695 2.86
vertex -0.533 1.924 2.86
vertex -0.533 1.924 3.26
endloop
endfacet
facet normal -0.995 0.1 0
outer loop
vertex -0.652 1.936 3.26
vertex -0.652 1.936 2.86
vertex -0.675 1.707 3.26
endloop
endfacet
facet normal -0.995 0.1 0
outer loop
vertex -0.652 1.936 2.86
vertex -0.675 1.707 2.86
vertex -0.675 1.707 3.26
endloop
endfacet
facet normal 0 0 1
outer loop
vertex -0.652 1.936 3.26
vertex -0.675 1.707 3.26
vertex -0.533 1.924 3.26
endloop
endfacet
facet normal 0 0 1
outer loop
vertex -0.675 1.707 3.26
vertex -0.556 1.695 3.26
vertex -0.533 1.924 3.26
endloop
endfacet
facet normal 0 0 -1
outer loop
vertex -0.675 1.707 2.86
vertex -0.652 1.936 2.86
vertex -0.556 1.695 2.86
endloop
endfacet
facet normal 0 0 -1
outer loop
vertex -0.652 1.936 2.86
vertex -0.533 1.924 2.86
vertex -0.556 1.695 2.86
endloop
endfacet
facet normal -0.1 -0.995 0
outer loop
vertex -0.675 1.707 3.26
vertex -0.675 1.707 2.86
vertex -0.556 1.695 3.26
endloop
endfacet
facet normal -0.1 -0.995 0
outer loop
vertex -0.675 1.707 2.86
vertex -0.556 1.695 2.86
vertex -0.556 1.695 3.26
endloop
endfacet
facet normal 0.1 0.995 0
outer loop
vertex -0.533 1.924 3.26
vertex -0.533 1.924 2.86
vertex -0.652 1.936 3.26
endloop
endfacet
facet normal 0.1 0.995 0
outer loop
vertex -0.533 1.924 2.86
vertex -0.652 1.936 2.86
vertex -0.652 1.936 3.26
endloop
endfacet
facet normal 0.995 -0.1 0
outer loop
vertex -0.407 1.68 3.21
vertex -0.407 1.68 2.91
vertex -0.384 1.909 3.21
endloop
endfacet
facet normal 0.995 -0.1 0
outer loop
vertex -0.407 1.68 2.91
vertex -0.384 1.909 2.91
vertex -0.384 1.909 3.21
endloop
endfacet
facet normal -0.995 0.1 0
outer loop
vertex -0.503 1.921 3.21
vertex -0.503 1.921 2.91
vertex -0.526 1.692 3.21
endloop
endfacet
facet normal -0.995 0.1 0
outer loop
vertex -0.503 1.921 2.91
vertex -0.526 1.692 2.91
vertex -0.526 1.692 3.21
endloop
endfacet
facet normal 0 0 1
outer loop
vertex -0.503 1.921 3.21
vertex -0.526 1.692 3.21
vertex -0.384 1.909 3.21
endloop
endfacet
facet normal 0 0 1
outer loop
vertex -0.526 1.692 3.21
vertex -0.407 1.68 3.21
vertex -0.384 1.909 3.21
endloop
endfacet
facet normal 0 0 -1
outer loop
vertex -0.526 1.692 2.91
vertex -0.503 1.921 2.91
vertex -0.407 1.68 2.91
endloop
endfacet
facet normal 0 0 -1
outer loop
vertex -0.503 1.921 2.91
vertex -0.384 1.909 2.91
vertex -0.407 1.68 2.91
endloop
endfacet
facet normal -0.1 -0.995 0
outer loop
vertex -0.526 1.692 3.21
vertex -0.526 1.692 2.91
vertex -0.407 1.68 3.21
endloop
endfacet
facet normal -0.1 -0.995 0
outer loop
vertex -0.526 1.692 2.91
vertex -0.407 1.68 2.91
vertex -0.407 1.68 3.21
endloop
endfacet
facet normal 0.1 0.995 0
outer loop
vertex -0.384 1.909 3.21
vertex -0.384 1.909 2.91
vertex -0.503 1.921 3.21
endloop
endfacet
facet normal 0.1 0.995 0
outer loop
vertex -0.384 1.909 2.91
vertex -0.503 1.921 2.91
vertex -0.503 1.921 3.21
endloop
endfacet
facet normal 0.411 -0.912 0
outer loop
vertex -1.312 0.769 3.375
vertex -1.312 0.769 2.825
vertex -1.301 0.774 3.375
endloop
endfacet
facet normal 0.411 -0.912 0
outer loop
vertex -1.312 0.769 2.825
vertex -1.301 0.774 2.825
vertex -1.301 0.774 3.375
endloop
endfacet
facet normal 0.995 -0.1 0
outer loop
vertex -1.301 0.774 3.375
vertex -1.301 0.774 2.825
vertex -1.3 0.785 3.375
endloop
endfacet
facet normal 0.995 -0.1 0
outer loop
vertex -1.301 0.774 2.825
vertex -1.3 0.785 2.825
vertex -1.3 0.785 3.375
endloop
endfacet
facet normal 0.584 0.812 0
outer loop
vertex -1.3 0.785 3.375
vertex -1.3 0.785 2.825
vertex -1.31 0.792 3.375
endloop
endfacet
facet normal 0.584 0.812 0
outer loop
vertex -1.3 0.785 2.825
vertex -1.31 0.792 2.825
vertex -1.31 0.792 3.375
endloop
endfacet
facet normal -0.411 0.912 0
outer loop
vertex -1.31 0.792 3.375
vertex -1.31 0.792 2.825
vertex -1.321 0.788 3.375
endloop
endfacet
facet normal -0.411 0.912 0
outer loop
vertex -1.31 0.792 2.825
vertex -1.321 0.788 2.825
vertex -1.321 0.788 3.375
endloop
endfacet
facet normal -0.995 0.1 0
outer loop
vertex -1.321 0.788 3.375
vertex -1.321 0.788 2.825
vertex -1.322 0.776 3.375
endloop
endfacet
facet normal -0.995 0.1 0
outer loop
vertex -1.321 0.788 2.825
vertex -1.322 0.776 2.825
vertex -1.322 0.776 3.375
endloop
endfacet
facet normal -0.584 -0.812 0
outer loop
vertex -1.322 0.776 3.375
vertex -1.322 0.776 2.825
vertex -1.312 0.769 3.375
endloop
endfacet
facet normal -0.584 -0.812 0
outer loop
vertex -1.322 0.776 2.825
vertex -1.312 0.769 2.825
vertex -1.312 0.769 3.375
endloop
endfacet
facet normal 0 0 1
outer loop
vertex -1.312 0.769 3.375
vertex -1.301 0.774 3.375
vertex -1.311 0.781 3.375
endloop
endfacet
facet normal 0 0 1
outer loop
vertex -1.301 0.774 3.375
vertex -1.3 0.785 3.375
vertex -1.311 0.781 3.375
endloop
endfacet
facet normal 0 0 1
outer loop
vertex -1.3 0.785 3.375
vertex -1.31 0.792 3.375
vertex -1.311 0.781 3.375
endloop
endfacet
facet normal 0 0 1
outer loop
vertex -1.31 0.792 3.375
vertex -1.321 0.788 3.375
vertex -1.311 0.781 3.375
endloop
endfacet
facet normal 0 0 1
outer loop
vertex -1.321 0.788 3.375
vertex -1.322 0.776 3.375
vertex -1.311 0.781 3.375
endloop
endfacet
facet normal 0 0 1
outer loop
vertex -1.322 0.776 3.375
vertex -1.312 0.769 3.375
vertex -1.311 0.781 3.375
endloop
endfacet
facet normal 0 0 -1
outer loop
vertex -1.301 0.774 2.825
vertex -1.312 0.769 2.825
vertex -1.311 0.781 2.825
endloop
endfacet
facet normal 0 0 -1
outer loop
vertex -1.3 0.785 2.825
vertex -1.301 0.774 2.825
vertex -1.311 0.781 2.825
endloop
endfacet
facet normal 0 0 -1
outer loop
vertex -1.31 0.792 2.825
vertex -1.3 0.785 2.825
vertex -1.311 0.781 2.825
endloop
endfacet
facet normal 0 0 -1
outer loop
vertex -1.321 0.788 2.825
vertex -1.31 0.792 2.825
vertex -1.311 0.781 2.825
endloop
endfacet
facet normal 0 0 -1
outer loop
vertex -1.322 0.776 2.825
vertex -1.321 0.788 2.825
vertex -1.311 0.781 2.825
endloop
endfacet
facet normal 0 0 -1
outer loop
vertex -1.312 0.769 2.825
vertex -1.322 0.776 2.825
vertex -1.311 0.781 2.825
endloop
endfacet
facet normal 0.287 -0.637 0.715
outer loop
vertex -1.317 0.721 2.84
vertex -1.343 0.462 2.62
vertex -1.262 0.745 2.84
endloop
endfacet
facet normal 0.287 -0.637 0.715
outer loop
vertex -1.343 0.462 2.62
vertex -1.051 0.594 2.62
vertex -1.262 0.745 2.84
endloop
endfacet
facet normal 0.695 -0.07 0.715
outer loop
vertex -1.262 0.745 2.84
vertex -1.051 0.594 2.62
vertex -1.256 0.805 2.84
endloop
endfacet
facet normal 0.695 -0.07 0.715
outer loop
vertex -1.051 0.594 2.62
vertex -1.019 0.912 2.62
vertex -1.256 0.805 2.84
endloop
endfacet
facet normal 0.408 0.567 0.715
outer loop
vertex -1.256 0.805 2.84
vertex -1.019 0.912 2.62
vertex -1.305 0.84 2.84
endloop
endfacet
facet normal 0.408 0.567 0.715
outer loop
vertex -1.019 0.912 2.62
vertex -1.279 1.099 2.62
vertex -1.305 0.84 2.84
endloop
endfacet
facet normal -0.287 0.637 0.715
outer loop
vertex -1.305 0.84 2.84
vertex -1.279 1.099 2.62
vertex -1.36 0.816 2.84
endloop
endfacet
facet normal -0.287 0.637 0.715
outer loop
vertex -1.279 1.099 2.62
vertex -1.571 0.967 2.62
vertex -1.36 0.816 2.84
endloop
endfacet
facet normal -0.695 0.07 0.715
outer loop
vertex -1.36 0.816 2.84
vertex -1.571 0.967 2.62
vertex -1.366 0.756 2.84
endloop
endfacet
facet normal -0.695 0.07 0.715
outer loop
vertex -1.571 0.967 2.62
vertex -1.603 0.649 2.62
vertex -1.366 0.756 2.84
endloop
endfacet
facet normal -0.408 -0.567 0.715
outer loop
vertex -1.366 0.756 2.84
vertex -1.603 0.649 2.62
vertex -1.317 0.721 2.84
endloop
endfacet
facet normal -0.408 -0.567 0.715
outer loop
vertex -1.603 0.649 2.62
vertex -1.343 0.462 2.62
vertex -1.317 0.721 2.84
endloop
endfacet
facet normal 0 0 1
outer loop
vertex -1.317 0.721 2.84
vertex -1.262 0.745 2.84
vertex -1.311 0.781 2.84
endloop
endfacet
facet normal 0 0 1
outer loop
vertex -1.262 0.745 2.84
vertex -1.256 0.805 2.84
vertex -1.311 0.781 2.84
endloop
endfacet
facet normal 0 0 1
outer loop
vertex -1.256 0.805 2.84
vertex -1.305 0.84 2.84
vertex -1.311 0.781 2.84
endloop
endfacet
facet normal 0 0 1
outer loop
vertex -1.305 0.84 2.84
vertex -1.36 0.816 2.84
vertex -1.311 0.781 2.84
endloop
endfacet
facet normal 0 0 1
outer loop
vertex -1.36 0.816 2.84
vertex -1.366 0.756 2.84
vertex -1.311 0.781 2.84
endloop
endfacet
facet normal 0 0 1
outer loop
vertex -1.366 0.756 2.84
vertex -1.317 0.721 2.84
vertex -1.311 0.781 2.84
endloop
endfacet
facet normal 0 0 -1
outer loop
vertex -1.051 0.594 2.62
vertex -1.343 0.462 2.62
vertex -1.311 0.781 2.62
endloop
endfacet
facet normal 0 0 -1
outer loop
vertex -1.019 0.912 2.62
vertex -1.051 0.594 2.62
vertex -1.311 0.781 2.62
endloop
endfacet
facet normal 0 0 -1
outer loop
vertex -1.279 1.099 2.62
vertex -1.019 0.912 2.62
vertex -1.311 0.781 2.62
endloop
endfacet
facet normal 0 0 -1
outer loop
vertex -1.571 0.967 2.62
vertex -1.279 1.099 2.62
vertex -1.311 0.781 2.62
endloop
endfacet
facet normal 0 0 -1
outer loop
vertex -1.603 0.649 2.62
vertex -1.571 0.967 2.62
vertex -1.311 0.781 2.62
endloop
endfacet
facet normal 0 0 -1
outer loop
vertex -1.343 0.462 2.62
vertex -1.603 0.649 2.62
vertex -1.311 0.781 2.62
endloop
endfacet
facet normal 0.5 -0.865 0.041
outer loop
vertex -3.6 0.28 1.9
vertex -3.6 0.2 0.2
vertex -3.496 0.34 1.9
endloop
endfacet
facet normal 0.5 -0.865 0.041
outer loop
vertex -3.6 0.2 0.2
vertex -3.427 0.3 0.2
vertex -3.496 0.34 1.9
endloop
endfacet
facet normal 0.999 0 0.041
outer loop
vertex -3.496 0.34 1.9
vertex -3.427 0.3 0.2
vertex -3.496 0.46 1.9
endloop
endfacet
facet normal 0.999 0 0.041
outer loop
vertex -3.427 0.3 0.2
vertex -3.427 0.5 0.2
vertex -3.496 0.46 1.9
endloop
endfacet
facet normal 0.5 0.865 0.041
outer loop
vertex -3.496 0.46 1.9
vertex -3.427 0.5 0.2
vertex -3.6 0.52 1.9
endloop
endfacet
facet normal 0.5 0.865 0.041
outer loop
vertex -3.427 0.5 0.2
vertex -3.6 0.6 0.2
vertex -3.6 0.52 1.9
endloop
endfacet
facet normal -0.5 0.865 0.041
outer loop
vertex -3.6 0.52 1.9
vertex -3.6 0.6 0.2
vertex -3.704 0.46 1.9
endloop
endfacet
facet normal -0.5 0.865 0.041
outer loop
vertex -3.6 0.6 0.2
vertex -3.773 0.5 0.2
vertex -3.704 0.46 1.9
endloop
endfacet
facet normal -0.999 0 0.041
outer loop
vertex -3.704 0.46 1.9
vertex -3.773 0.5 0.2
vertex -3.704 0.34 1.9
endloop
endfacet
facet normal -0.999 0 0.041
outer loop
vertex -3.773 0.5 0.2
vertex -3.773 0.3 0.2
vertex -3.704 0.34 1.9
endloop
endfacet
facet normal -0.5 -0.865 0.041
outer loop
vertex -3.704 0.34 1.9
vertex -3.773 0.3 0.2
vertex -3.6 0.28 1.9
endloop
endfacet
facet normal -0.5 -0.865 0.041
outer loop
vertex -3.773 0.3 0.2
vertex -3.6 0.2 0.2
vertex -3.6 0.28 1.9
endloop
endfacet
facet normal 0 0 1
outer loop
vertex -3.6 0.28 1.9
vertex -3.496 0.34 1.9
vertex -3.6 0.4 1.9
endloop
endfacet
facet normal 0 0 1
outer loop
vertex -3.496 0.34 1.9
vertex -3.496 0.46 1.9
vertex -3.6 0.4 1.9
endloop
endfacet
facet normal 0 0 1
outer loop
vertex -3.496 0.46 1.9
vertex -3.6 0.52 1.9
vertex -3.6 0.4 1.9
endloop
endfacet
facet normal 0 0 1
outer loop
vertex -3.6 0.52 1.9
vertex -3.704 0.46 1.9
vertex -3.6 0.4 1.9
endloop
endfacet
facet normal 0 0 1
outer loop
vertex -3.704 0.46 1.9
vertex -3.704 0.34 1.9
vertex -3.6 0.4 1.9
endloop
endfacet
facet normal 0 0 1
outer loop
vertex -3.704 0.34 1.9
vertex -3.6 0.28 1.9
vertex -3.6 0.4 1.9
endloop
endfacet
facet normal 0 0 -1
outer loop
vertex -3.427 0.3 0.2
vertex -3.6 0.2 0.2
vertex -3.6 0.4 0.2
endloop
endfacet
facet normal 0 0 -1
outer loop
vertex -3.427 0.5 0.2
vertex -3.427 0.3 0.2
vertex -3.6 0.4 0.2
endloop
endfacet
facet normal 0 0 -1
outer loop
vertex -3.6 0.6 0.2
vertex -3.427 0.5 0.2
vertex -3.6 0.4 0.2
endloop
endfacet
facet normal 0 0 -1
outer loop
vertex -3.773 0.5 0.2
vertex -3.6 0.6 0.2
vertex -3.6 0.4 0.2
endloop
endfacet
facet normal 0 0 -1
outer loop
vertex -3.773 0.3 0.2
vertex -3.773 0.5 0.2
vertex -3.6 0.4 0.2
endloop
endfacet
facet normal 0 0 -1
outer loop
vertex -3.6 0.2 0.2
vertex -3.773 0.3 0.2
vertex -3.6 0.4 0.2
endloop
endfacet
facet normal 0.434 -0.865 -0.25
outer loop
vertex -3.146 0.34 1.771
vertex -3.654 0.3 1.029
vertex -3.103 0.37 1.742
endloop
endfacet
facet normal 0.434 -0.865 -0.25
outer loop
vertex -3.654 0.3 1.029
vertex -3.583 0.35 0.98
vertex -3.103 0.37 1.742
endloop
endfacet
facet normal 0.846 0 -0.532
outer loop
vertex -3.103 0.37 1.742
vertex -3.583 0.35 0.98
vertex -3.103 0.43 1.742
endloop
endfacet
facet normal 0.846 0 -0.532
outer loop
vertex -3.583 0.35 0.98
vertex -3.583 0.45 0.98
vertex -3.103 0.43 1.742
endloop
endfacet
facet normal 0.434 0.865 -0.25
outer loop
vertex -3.103 0.43 1.742
vertex -3.583 0.45 0.98
vertex -3.146 0.46 1.771
endloop
endfacet
facet normal 0.434 0.865 -0.25
outer loop
vertex -3.583 0.45 0.98
vertex -3.654 0.5 1.029
vertex -3.146 0.46 1.771
endloop
endfacet
facet normal -0.391 0.865 0.314
outer loop
vertex -3.146 0.46 1.771
vertex -3.654 0.5 1.029
vertex -3.189 0.43 1.801
endloop
endfacet
facet normal -0.391 0.865 0.314
outer loop
vertex -3.654 0.5 1.029
vertex -3.726 0.45 1.077
vertex -3.189 0.43 1.801
endloop
endfacet
facet normal -0.803 0 0.596
outer loop
vertex -3.189 0.43 1.801
vertex -3.726 0.45 1.077
vertex -3.189 0.37 1.801
endloop
endfacet
facet normal -0.803 0 0.596
outer loop
vertex -3.726 0.45 1.077
vertex -3.726 0.35 1.077
vertex -3.189 0.37 1.801
endloop
endfacet
facet normal -0.391 -0.865 0.314
outer loop
vertex -3.189 0.37 1.801
vertex -3.726 0.35 1.077
vertex -3.146 0.34 1.771
endloop
endfacet
facet normal -0.391 -0.865 0.314
outer loop
vertex -3.726 0.35 1.077
vertex -3.654 0.3 1.029
vertex -3.146 0.34 1.771
endloop
endfacet
facet normal 0.565 0 0.825
outer loop
vertex -3.146 0.34 1.771
vertex -3.103 0.37 1.742
vertex -3.146 0.4 1.771
endloop
endfacet
facet normal 0.565 0 0.825
outer loop
vertex -3.103 0.37 1.742
vertex -3.103 0.43 1.742
vertex -3.146 0.4 1.771
endloop
endfacet
facet normal 0.565 0 0.825
outer loop
vertex -3.103 0.43 1.742
vertex -3.146 0.46 1.771
vertex -3.146 0.4 1.771
endloop
endfacet
facet normal 0.565 0 0.825
outer loop
vertex -3.146 0.46 1.771
vertex -3.189 0.43 1.801
vertex -3.146 0.4 1.771
endloop
endfacet
facet normal 0.565 0 0.825
outer loop
vertex -3.189 0.43 1.801
vertex -3.189 0.37 1.801
vertex -3.146 0.4 1.771
endloop
endfacet
facet normal 0.565 0 0.825
outer loop
vertex -3.189 0.37 1.801
vertex -3.146 0.34 1.771
vertex -3.146 0.4 1.771
endloop
endfacet
facet normal -0.565 0 -0.825
outer loop
vertex -3.583 0.35 0.98
vertex -3.654 0.3 1.029
vertex -3.654 0.4 1.029
endloop
endfacet
facet normal -0.565 0 -0.825
outer loop
vertex -3.583 0.45 0.98
vertex -3.583 0.35 0.98
vertex -3.654 0.4 1.029
endloop
endfacet
facet normal -0.565 0 -0.825
outer loop
vertex -3.654 0.5 1.029
vertex -3.583 0.45 0.98
vertex -3.654 0.4 1.029
endloop
endfacet
facet normal -0.565 0 -0.825
outer loop
vertex -3.726 0.45 1.077
vertex -3.654 0.5 1.029
vertex -3.654 0.4 1.029
endloop
endfacet
facet normal -0.565 0 -0.825
outer loop
vertex -3.726 0.35 1.077
vertex -3.726 0.45 1.077
vertex -3.654 0.4 1.029
endloop
endfacet
facet normal -0.565 0 -0.825
outer loop
vertex -3.654 0.3 1.029
vertex -3.726 0.35 1.077
vertex -3.654 0.4 1.029
endloop
endfacet
facet normal -0.609 -0.609 0.508
outer loop
vertex -4.298 -0.031 2.2
vertex -3.6 -0.298 2.717
vertex -4.031 0.4 3.037
endloop
endfacet
facet normal 0 -0.417 0.909
outer loop
vertex -3.6 -0.298 2.717
vertex -3.169 0.4 3.037
vertex -4.031 0.4 3.037
endloop
endfacet
facet normal 0 0.417 0.909
outer loop
vertex -3.169 0.4 3.037
vertex -3.6 1.098 2.717
vertex -4.031 0.4 3.037
endloop
endfacet
facet normal -0.609 0.609 0.508
outer loop
vertex -3.6 1.098 2.717
vertex -4.298 0.831 2.2
vertex -4.031 0.4 3.037
endloop
endfacet
facet normal -0.953 0 0.303
outer loop
vertex -4.298 0.831 2.2
vertex -4.298 -0.031 2.2
vertex -4.031 0.4 3.037
endloop
endfacet
facet normal 0.609 -0.609 0.508
outer loop
vertex -3.6 -0.298 2.717
vertex -2.902 -0.031 2.2
vertex -3.169 0.4 3.037
endloop
endfacet
facet normal -0.357 -0.934 0
outer loop
vertex -4.298 -0.031 2.2
vertex -3.6 -0.298 1.683
vertex -3.6 -0.298 2.717
endloop
endfacet
facet normal -0.953 0 -0.303
outer loop
vertex -4.298 0.831 2.2
vertex -4.031 0.4 1.363
vertex -4.298 -0.031 2.2
endloop
endfacet
facet normal -0.357 0.934 0
outer loop
vertex -3.6 1.098 2.717
vertex -3.6 1.098 1.683
vertex -4.298 0.831 2.2
endloop
endfacet
facet normal 0.609 0.609 0.508
outer loop
vertex -3.169 0.4 3.037
vertex -2.902 0.831 2.2
vertex -3.6 1.098 2.717
endloop
endfacet
facet normal 0.609 -0.609 -0.508
outer loop
vertex -2.902 -0.031 2.2
vertex -3.6 -0.298 1.683
vertex -3.169 0.4 1.363
endloop
endfacet
facet normal 0 -0.417 -0.909
outer loop
vertex -3.6 -0.298 1.683
vertex -4.031 0.4 1.363
vertex -3.169 0.4 1.363
endloop
endfacet
facet normal 0 0.417 -0.909
outer loop
vertex -4.031 0.4 1.363
vertex -3.6 1.098 1.683
vertex -3.169 0.4 1.363
endloop
endfacet
facet normal 0.609 0.609 -0.508
outer loop
vertex -3.6 1.098 1.683
vertex -2.902 0.831 2.2
vertex -3.169 0.4 1.363
endloop
endfacet
facet normal 0.953 0 -0.303
outer loop
vertex -2.902 0.831 2.2
vertex -2.902 -0.031 2.2
vertex -3.169 0.4 1.363
endloop
endfacet
facet normal 0.357 -0.934 0
outer loop
vertex -2.902 -0.031 2.2
vertex -3.6 -0.298 2.717
vertex -3.6 -0.298 1.683
endloop
endfacet
facet normal -0.609 -0.609 -0.508
outer loop
vertex -3.6 -0.298 1.683
vertex -4.298 -0.031 2.2
vertex -4.031 0.4 1.363
endloop
endfacet
facet normal -0.609 0.609 -0.508
outer loop
vertex -4.031 0.4 1.363
vertex -4.298 0.831 2.2
vertex -3.6 1.098 1.683
endloop
endfacet
facet normal 0.357 0.934 0
outer loop
vertex -3.6 1.098 1.683
vertex -3.6 1.098 2.717
vertex -2.902 0.831 2.2
endloop
endfacet
facet normal 0.953 0 0.303
outer loop
vertex -2.902 0.831 2.2
vertex -3.169 0.4 3.037
vertex -2.902 -0.031 2.2
endloop
endfacet
facet normal -0.577 -0.577 0.577
outer loop
vertex -3.613 -0.005 1.95
vertex -3.12 -0.193 2.255
vertex -3.425 0.3 2.443
endloop
endfacet
facet normal 0 -0.357 0.934
outer loop
vertex -3.12 -0.193 2.255
vertex -2.815 0.3 2.443
vertex -3.425 0.3 2.443
endloop
endfacet
facet normal 0 0.357 0.934
outer loop
vertex -2.815 0.3 2.443
vertex -3.12 0.793 2.255
vertex -3.425 0.3 2.443
endloop
endfacet
facet normal -0.577 0.577 0.577
outer loop
vertex -3.12 0.793 2.255
vertex -3.613 0.605 1.95
vertex -3.425 0.3 2.443
endloop
endfacet
facet normal -0.934 0 0.357
outer loop
vertex -3.613 0.605 1.95
vertex -3.613 -0.005 1.95
vertex -3.425 0.3 2.443
endloop
endfacet
facet normal 0.577 -0.577 0.577
outer loop
vertex -3.12 -0.193 2.255
vertex -2.627 -0.005 1.95
vertex -2.815 0.3 2.443
endloop
endfacet
facet normal -0.357 -0.934 0
outer loop
vertex -3.613 -0.005 1.95
vertex -3.12 -0.193 1.645
vertex -3.12 -0.193 2.255
endloop
endfacet
facet normal -0.934 0 -0.357
outer loop
vertex -3.613 0.605 1.95
vertex -3.425 0.3 1.457
vertex -3.613 -0.005 1.95
endloop
endfacet
facet normal -0.357 0.934 0
outer loop
vertex -3.12 0.793 2.255
vertex -3.12 0.793 1.645
vertex -3.613 0.605 1.95
endloop
endfacet
facet normal 0.577 0.577 0.577
outer loop
vertex -2.815 0.3 2.443
vertex -2.627 0.605 1.95
vertex -3.12 0.793 2.255
endloop
endfacet
facet normal 0.577 -0.577 -0.577
outer loop
vertex -2.627 -0.005 1.95
vertex -3.12 -0.193 1.645
vertex -2.815 0.3 1.457
endloop
endfacet
facet normal 0 -0.357 -0.934
outer loop
vertex -3.12 -0.193 1.645
vertex -3.425 0.3 1.457
vertex -2.815 0.3 1.457
endloop
endfacet
facet normal 0 0.357 -0.934
outer loop
vertex -3.425 0.3 1.457
vertex -3.12 0.793 1.645
vertex -2.815 0.3 1.457
endloop
endfacet
facet normal 0.577 0.577 -0.577
outer loop
vertex -3.12 0.793 1.645
vertex -2.627 0.605 1.95
vertex -2.815 0.3 1.457
endloop
endfacet
facet normal 0.934 0 -0.357
outer loop
vertex -2.627 0.605 1.95
vertex -2.627 -0.005 1.95
vertex -2.815 0.3 1.457
endloop
endfacet
facet normal 0.357 -0.934 0
outer loop
vertex -2.627 -0.005 1.95
vertex -3.12 -0.193 2.255
vertex -3.12 -0.193 1.645
endloop
endfacet
facet normal -0.577 -0.577 -0.577
outer loop
vertex -3.12 -0.193 1.645
vertex -3.613 -0.005 1.95
vertex -3.425 0.3 1.457
endloop
endfacet
facet normal -0.577 0.577 -0.577
outer loop
vertex -3.425 0.3 1.457
vertex -3.613 0.605 1.95
vertex -3.12 0.793 1.645
endloop
endfacet
facet normal 0.357 0.934 0
outer loop
vertex -3.12 0.793 1.645
vertex -3.12 0.793 2.255
vertex -2.627 0.605 1.95
endloop
endfacet
facet normal 0.934 0 0.357
outer loop
vertex -2.627 0.605 1.95
vertex -2.815 0.3 2.443
vertex -2.627 -0.005 1.95
endloop
endfacet
facet normal -0.577 -0.577 0.577
outer loop
vertex -4.476 0.256 1.8
vertex -4 0.074 2.094
vertex -4.294 0.55 2.276
endloop
endfacet
facet normal 0 -0.357 0.934
outer loop
vertex -4 0.074 2.094
vertex -3.706 0.55 2.276
vertex -4.294 0.55 2.276
endloop
endfacet
facet normal 0 0.357 0.934
outer loop
vertex -3.706 0.55 2.276
vertex -4 1.026 2.094
vertex -4.294 0.55 2.276
endloop
endfacet
facet normal -0.577 0.577 0.577
outer loop
vertex -4 1.026 2.094
vertex -4.476 0.844 1.8
vertex -4.294 0.55 2.276
endloop
endfacet
facet normal -0.934 0 0.357
outer loop
vertex -4.476 0.844 1.8
vertex -4.476 0.256 1.8
vertex -4.294 0.55 2.276
endloop
endfacet
facet normal 0.577 -0.577 0.577
outer loop
vertex -4 0.074 2.094
vertex -3.524 0.256 1.8
vertex -3.706 0.55 2.276
endloop
endfacet
facet normal -0.357 -0.934 0
outer loop
vertex -4.476 0.256 1.8
vertex -4 0.074 1.506
vertex -4 0.074 2.094
endloop
endfacet
facet normal -0.934 0 -0.357
outer loop
vertex -4.476 0.844 1.8
vertex -4.294 0.55 1.324
vertex -4.476 0.256 1.8
endloop
endfacet
facet normal -0.357 0.934 0
outer loop
vertex -4 1.026 2.094
vertex -4 1.026 1.506
vertex -4.476 0.844 1.8
endloop
endfacet
facet normal 0.577 0.577 0.577
outer loop
vertex -3.706 0.55 2.276
vertex -3.524 0.844 1.8
vertex -4 1.026 2.094
endloop
endfacet
facet normal 0.577 -0.577 -0.577
outer loop
vertex -3.524 0.256 1.8
vertex -4 0.074 1.506
vertex -3.706 0.55 1.324
endloop
endfacet
facet normal 0 -0.357 -0.934
outer loop
vertex -4 0.074 1.506
vertex -4.294 0.55 1.324
vertex -3.706 0.55 1.324
endloop
endfacet
facet normal 0 0.357 -0.934
outer loop
vertex -4.294 0.55 1.324
vertex -4 1.026 1.506
vertex -3.706 0.55 1.324
endloop
endfacet
facet normal 0.577 0.577 -0.577
outer loop
vertex -4 1.026 1.506
vertex -3.524 0.844 1.8
vertex -3.706 0.55 1.324
endloop
endfacet
facet normal 0.934 0 -0.357
outer loop
vertex -3.524 0.844 1.8
vertex -3.524 0.256 1.8
vertex -3.706 0.55 1.324
endloop
endfacet
facet normal 0.357 -0.934 0
outer loop
vertex -3.524 0.256 1.8
vertex -4 0.074 2.094
vertex -4 0.074 1.506
endloop
endfacet
facet normal -0.577 -0.577 -0.577
outer loop
vertex -4 0.074 1.506
vertex -4.476 0.256 1.8
vertex -4.294 0.55 1.324
endloop
endfacet
facet normal -0.577 0.577 -0.577
outer loop
vertex -4.294 0.55 1.324
vertex -4.476 0.844 1.8
vertex -4 1.026 1.506
endloop
endfacet
facet normal 0.357 0.934 0
outer loop
vertex -4 1.026 1.506
vertex -4 1.026 2.094
vertex -3.524 0.844 1.8
endloop
endfacet
facet normal 0.934 0 0.357
outer loop
vertex -3.524 0.844 1.8
vertex -3.706 0.55 2.276
vertex -3.524 0.256 1.8
endloop
endfacet
facet normal 0.5 -0.865 0.041
outer loop
vertex -2.6 2.904 1.56
vertex -2.6 2.84 0.2
vertex -2.517 2.952 1.56
endloop
endfacet
facet normal 0.5 -0.865 0.041
outer loop
vertex -2.6 2.84 0.2
vertex -2.461 2.92 0.2
vertex -2.517 2.952 1.56
endloop
endfacet
facet normal 0.999 0 0.041
outer loop
vertex -2.517 2.952 1.56
vertex -2.461 2.92 0.2
vertex -2.517 3.048 1.56
endloop
endfacet
facet normal 0.999 0 0.041
outer loop
vertex -2.461 2.92 0.2
vertex -2.461 3.08 0.2
vertex -2.517 3.048 1.56
endloop
endfacet
facet normal 0.5 0.865 0.041
outer loop
vertex -2.517 3.048 1.56
vertex -2.461 3.08 0.2
vertex -2.6 3.096 1.56
endloop
endfacet
facet normal 0.5 0.865 0.041
outer loop
vertex -2.461 3.08 0.2
vertex -2.6 3.16 0.2
vertex -2.6 3.096 1.56
endloop
endfacet
facet normal -0.5 0.865 0.041
outer loop
vertex -2.6 3.096 1.56
vertex -2.6 3.16 0.2
vertex -2.683 3.048 1.56
endloop
endfacet
facet normal -0.5 0.865 0.041
outer loop
vertex -2.6 3.16 0.2
vertex -2.739 3.08 0.2
vertex -2.683 3.048 1.56
endloop
endfacet
facet normal -0.999 0 0.041
outer loop
vertex -2.683 3.048 1.56
vertex -2.739 3.08 0.2
vertex -2.683 2.952 1.56
endloop
endfacet
facet normal -0.999 0 0.041
outer loop
vertex -2.739 3.08 0.2
vertex -2.739 2.92 0.2
vertex -2.683 2.952 1.56
endloop
endfacet
facet normal -0.5 -0.865 0.041
outer loop
vertex -2.683 2.952 1.56
vertex -2.739 2.92 0.2
vertex -2.6 2.904 1.56
endloop
endfacet
facet normal -0.5 -0.865 0.041
outer loop
vertex -2.739 2.92 0.2
vertex -2.6 2.84 0.2
vertex -2.6 2.904 1.56
endloop
endfacet
facet normal 0 0 1
outer loop
vertex -2.6 2.904 1.56
vertex -2.517 2.952 1.56
vertex -2.6 3 1.56
endloop
endfacet
facet normal 0 0 1
outer loop
vertex -2.517 2.952 1.56
vertex -2.517 3.048 1.56
vertex -2.6 3 1.56
endloop
endfacet
facet normal 0 0 1
outer loop
vertex -2.517 3.048 1.56
vertex -2.6 3.096 1.56
vertex -2.6 3 1.56
endloop
endfacet
facet normal 0 0 1
outer loop
vertex -2.6 3.096 1.56
vertex -2.683 3.048 1.56
vertex -2.6 3 1.56
endloop
endfacet
facet normal 0 0 1
outer loop
vertex -2.683 3.048 1.56
vertex -2.683 2.952 1.56
vertex -2.6 3 1.56
endloop
endfacet
facet normal 0 0 1
outer loop
vertex -2.683 2.952 1.56
vertex -2.6 2.904 1.56
vertex -2.6 3 1.56
endloop
endfacet
facet normal 0 0 -1
outer loop
vertex -2.461 2.92 0.2
vertex -2.6 2.84 0.2
vertex -2.6 3 0.2
endloop
endfacet
facet normal 0 0 -1
outer loop
vertex -2.461 3.08 0.2
vertex -2.461 2.92 0.2
vertex -2.6 3 0.2
endloop
endfacet
facet normal 0 0 -1
outer loop
vertex -2.6 3.16 0.2
vertex -2.461 3.08 0.2
vertex -2.6 3 0.2
endloop
endfacet
facet normal 0 0 -1
outer loop
vertex -2.739 3.08 0.2
vertex -2.6 3.16 0.2
vertex -2.6 3 0.2
endloop
endfacet
facet normal 0 0 -1
outer loop
vertex -2.739 2.92 0.2
vertex -2.739 3.08 0.2
vertex -2.6 3 0.2
endloop
endfacet
facet normal 0 0 -1
outer loop
vertex -2.6 2.84 0.2
vertex -2.739 2.92 0.2
vertex -2.6 3 0.2
endloop
endfacet
facet normal 0.434 -0.865 -0.25
outer loop
vertex -2.237 2.952 1.457
vertex -2.643 2.92 0.863
vertex -2.202 2.976 1.434
endloop
endfacet
facet normal 0.434 -0.865 -0.25
outer loop
vertex -2.643 2.92 0.863
vertex -2.586 2.96 0.824
vertex -2.202 2.976 1.434
endloop
endfacet
facet normal 0.846 0 -0.532
outer loop
vertex -2.202 2.976 1.434
vertex -2.586 2.96 0.824
vertex -2.202 3.024 1.434
endloop
endfacet
facet normal 0.846 0 -0.532
outer loop
vertex -2.586 2.96 0.824
vertex -2.586 3.04 0.824
vertex -2.202 3.024 1.434
endloop
endfacet
facet normal 0.434 0.865 -0.25
outer loop
vertex -2.202 3.024 1.434
vertex -2.586 3.04 0.824
vertex -2.237 3.048 1.457
endloop
endfacet
facet normal 0.434 0.865 -0.25
outer loop
vertex -2.586 3.04 0.824
vertex -2.643 3.08 0.863
vertex -2.237 3.048 1.457
endloop
endfacet
facet normal -0.391 0.865 0.314
outer loop
vertex -2.237 3.048 1.457
vertex -2.643 3.08 0.863
vertex -2.271 3.024 1.481
endloop
endfacet
facet normal -0.391 0.865 0.314
outer loop
vertex -2.643 3.08 0.863
vertex -2.7 3.04 0.902
vertex -2.271 3.024 1.481
endloop
endfacet
facet normal -0.803 0 0.596
outer loop
vertex -2.271 3.024 1.481
vertex -2.7 3.04 0.902
vertex -2.271 2.976 1.481
endloop
endfacet
facet normal -0.803 0 0.596
outer loop
vertex -2.7 3.04 0.902
vertex -2.7 2.96 0.902
vertex -2.271 2.976 1.481
endloop
endfacet
facet normal -0.391 -0.865 0.314
outer loop
vertex -2.271 2.976 1.481
vertex -2.7 2.96 0.902
vertex -2.237 2.952 1.457
endloop
endfacet
facet normal -0.391 -0.865 0.314
outer loop
vertex -2.7 2.96 0.902
vertex -2.643 2.92 0.863
vertex -2.237 2.952 1.457
endloop
endfacet
facet normal 0.565 0 0.825
outer loop
vertex -2.237 2.952 1.457
vertex -2.202 2.976 1.434
vertex -2.237 3 1.457
endloop
endfacet
facet normal 0.565 0 0.825
outer loop
vertex -2.202 2.976 1.434
vertex -2.202 3.024 1.434
vertex -2.237 3 1.457
endloop
endfacet
facet normal 0.565 0 0.825
outer loop
vertex -2.202 3.024 1.434
vertex -2.237 3.048 1.457
vertex -2.237 3 1.457
endloop
endfacet
facet normal 0.565 0 0.825
outer loop
vertex -2.237 3.048 1.457
vertex -2.271 3.024 1.481
vertex -2.237 3 1.457
endloop
endfacet
facet normal 0.565 0 0.825
outer loop
vertex -2.271 3.024 1.481
vertex -2.271 2.976 1.481
vertex -2.237 3 1.457
endloop
endfacet
facet normal 0.565 0 0.825
outer loop
vertex -2.271 2.976 1.481
vertex -2.237 2.952 1.457
vertex -2.237 3 1.457
endloop
endfacet
facet normal -0.565 0 -0.825
outer loop
vertex -2.586 2.96 0.824
vertex -2.643 2.92 0.863
vertex -2.643 3 0.863
endloop
endfacet
facet normal -0.565 0 -0.825
outer loop
vertex -2.586 3.04 0.824
vertex -2.586 2.96 0.824
vertex -2.643 3 0.863
endloop
endfacet
facet normal -0.565 0 -0.825
outer loop
vertex -2.643 3.08 0.863
vertex -2.586 3.04 0.824
vertex -2.643 3 0.863
endloop
endfacet
facet normal -0.565 0 -0.825
outer loop
vertex -2.7 3.04 0.902
vertex -2.643 3.08 0.863
vertex -2.643 3 0.863
endloop
endfacet
facet normal -0.565 0 -0.825
outer loop
vertex -2.7 2.96 0.902
vertex -2.7 3.04 0.902
vertex -2.643 3 0.863
endloop
endfacet
facet normal -0.565 0 -0.825
outer loop
vertex -2.643 2.92 0.863
vertex -2.7 2.96 0.902
vertex -2.643 3 0.863
endloop
endfacet
facet normal -0.609 -0.609 0.508
outer loop
vertex -3.158 2.655 1.8
vertex -2.6 2.442 2.214
vertex -2.945 3 2.47
endloop
endfacet
facet normal 0 -0.417 0.909
outer loop
vertex -2.6 2.442 2.214
vertex -2.255 3 2.47
vertex -2.945 3 2.47
endloop
endfacet
facet normal 0 0.417 0.909
outer loop
vertex -2.255 3 2.47
vertex -2.6 3.558 2.214
vertex -2.945 3 2.47
endloop
endfacet
facet normal -0.609 0.609 0.508
outer loop
vertex -2.6 3.558 2.214
vertex -3.158 3.345 1.8
vertex -2.945 3 2.47
endloop
endfacet
facet normal -0.953 0 0.303
outer loop
vertex -3.158 3.345 1.8
vertex -3.158 2.655 1.8
vertex -2.945 3 2.47
endloop
endfacet
facet normal 0.609 -0.609 0.508
outer loop
vertex -2.6 2.442 2.214
vertex -2.042 2.655 1.8
vertex -2.255 3 2.47
endloop
endfacet
facet normal -0.357 -0.934 0
outer loop
vertex -3.158 2.655 1.8
vertex -2.6 2.442 1.386
vertex -2.6 2.442 2.214
endloop
endfacet
facet normal -0.953 0 -0.303
outer loop
vertex -3.158 3.345 1.8
vertex -2.945 3 1.13
vertex -3.158 2.655 1.8
endloop
endfacet
facet normal -0.357 0.934 0
outer loop
vertex -2.6 3.558 2.214
vertex -2.6 3.558 1.386
vertex -3.158 3.345 1.8
endloop
endfacet
facet normal 0.609 0.609 0.508
outer loop
vertex -2.255 3 2.47
vertex -2.042 3.345 1.8
vertex -2.6 3.558 2.214
endloop
endfacet
facet normal 0.609 -0.609 -0.508
outer loop
vertex -2.042 2.655 1.8
vertex -2.6 2.442 1.386
vertex -2.255 3 1.13
endloop
endfacet
facet normal 0 -0.417 -0.909
outer loop
vertex -2.6 2.442 1.386
vertex -2.945 3 1.13
vertex -2.255 3 1.13
endloop
endfacet
facet normal 0 0.417 -0.909
outer loop
vertex -2.945 3 1.13
vertex -2.6 3.558 1.386
vertex -2.255 3 1.13
endloop
endfacet
facet normal 0.609 0.609 -0.508
outer loop
vertex -2.6 3.558 1.386
vertex -2.042 3.345 1.8
vertex -2.255 3 1.13
endloop
endfacet
facet normal 0.953 0 -0.303
outer loop
vertex -2.042 3.345 1.8
vertex -2.042 2.655 1.8
vertex -2.255 3 1.13
endloop
endfacet
facet normal 0.357 -0.934 0
outer loop
vertex -2.042 2.655 1.8
vertex -2.6 2.442 2.214
vertex -2.6 2.442 1.386
endloop
endfacet
facet normal -0.609 -0.609 -0.508
outer loop
vertex -2.6 2.442 1.386
vertex -3.158 2.655 1.8
vertex -2.945 3 1.13
endloop
endfacet
facet normal -0.609 0.609 -0.508
outer loop
vertex -2.945 3 1.13
vertex -3.158 3.345 1.8
vertex -2.6 3.558 1.386
endloop
endfacet
facet normal 0.357 0.934 0
outer loop
vertex -2.6 3.558 1.386
vertex -2.6 3.558 2.214
vertex -2.042 3.345 1.8
endloop
endfacet
facet normal 0.953 0 0.303
outer loop
vertex -2.042 3.345 1.8
vertex -2.255 3 2.47
vertex -2.042 2.655 1.8
endloop
endfacet
facet normal -0.577 -0.577 0.577
outer loop
vertex -2.611 2.676 1.6
vertex -2.216 2.525 1.844
vertex -2.46 2.92 1.995
endloop
endfacet
facet normal 0 -0.357 0.934
outer loop
vertex -2.216 2.525 1.844
vertex -1.972 2.92 1.995
vertex -2.46 2.92 1.995
endloop
endfacet
facet normal 0 0.357 0.934
outer loop
vertex -1.972 2.92 1.995
vertex -2.216 3.315 1.844
vertex -2.46 2.92 1.995
endloop
endfacet
facet normal -0.577 0.577 0.577
outer loop
vertex -2.216 3.315 1.844
vertex -2.611 3.164 1.6
vertex -2.46 2.92 1.995
endloop
endfacet
facet normal -0.934 0 0.357
outer loop
vertex -2.611 3.164 1.6
vertex -2.611 2.676 1.6
vertex -2.46 2.92 1.995
endloop
endfacet
facet normal 0.577 -0.577 0.577
outer loop
vertex -2.216 2.525 1.844
vertex -1.821 2.676 1.6
vertex -1.972 2.92 1.995
endloop
endfacet
facet normal -0.357 -0.934 0
outer loop
vertex -2.611 2.676 1.6
vertex -2.216 2.525 1.356
vertex -2.216 2.525 1.844
endloop
endfacet
facet normal -0.934 0 -0.357
outer loop
vertex -2.611 3.164 1.6
vertex -2.46 2.92 1.205
vertex -2.611 2.676 1.6
endloop
endfacet
facet normal -0.357 0.934 0
outer loop
vertex -2.216 3.315 1.844
vertex -2.216 3.315 1.356
vertex -2.611 3.164 1.6
endloop
endfacet
facet normal 0.577 0.577 0.577
outer loop
vertex -1.972 2.92 1.995
vertex -1.821 3.164 1.6
vertex -2.216 3.315 1.844
endloop
endfacet
facet normal 0.577 -0.577 -0.577
outer loop
vertex -1.821 2.676 1.6
vertex -2.216 2.525 1.356
vertex -1.972 2.92 1.205
endloop
endfacet
facet normal 0 -0.357 -0.934
outer loop
vertex -2.216 2.525 1.356
vertex -2.46 2.92 1.205
vertex -1.972 2.92 1.205
endloop
endfacet
facet normal 0 0.357 -0.934
outer loop
vertex -2.46 2.92 1.205
vertex -2.216 3.315 1.356
vertex -1.972 2.92 1.205
endloop
endfacet
facet normal 0.577 0.577 -0.577
outer loop
vertex -2.216 3.315 1.356
vertex -1.821 3.164 1.6
vertex -1.972 2.92 1.205
endloop
endfacet
facet normal 0.934 0 -0.357
outer loop
vertex -1.821 3.164 1.6
vertex -1.821 2.676 1.6
vertex -1.972 2.92 1.205
endloop
endfacet
facet normal 0.357 -0.934 0
outer loop
vertex -1.821 2.676 1.6
vertex -2.216 2.525 1.844
vertex -2.216 2.525 1.356
endloop
endfacet
facet normal -0.577 -0.577 -0.577
outer loop
vertex -2.216 2.525 1.356
vertex -2.611 2.676 1.6
vertex -2.46 2.92 1.205
endloop
endfacet
facet normal -0.577 0.577 -0.577
outer loop
vertex -2.46 2.92 1.205
vertex -2.611 3.164 1.6
vertex -2.216 3.315 1.356
endloop
endfacet
facet normal 0.357 0.934 0
outer loop
vertex -2.216 3.315 1.356
vertex -2.216 3.315 1.844
vertex -1.821 3.164 1.6
endloop
endfacet
facet normal 0.934 0 0.357
outer loop
vertex -1.821 3.164 1.6
vertex -1.972 2.92 1.995
vertex -1.821 2.676 1.6
endloop
endfacet
facet normal -0.577 -0.577 0.577
outer loop
vertex -3.301 2.884 1.48
vertex -2.92 2.739 1.716
vertex -3.156 3.12 1.861
endloop
endfacet
facet normal 0 -0.357 0.934
outer loop
vertex -2.92 2.739 1.716
vertex -2.684 3.12 1.861
vertex -3.156 3.12 1.861
endloop
endfacet
facet normal 0 0.357 0.934
outer loop
vertex -2.684 3.12 1.861
vertex -2.92 3.501 1.716
vertex -3.156 3.12 1.861
endloop
endfacet
facet normal -0.577 0.577 0.577
outer loop
vertex -2.92 3.501 1.716
vertex -3.301 3.356 1.48
vertex -3.156 3.12 1.861
endloop
endfacet
facet normal -0.934 0 0.357
outer loop
vertex -3.301 3.356 1.48
vertex -3.301 2.884 1.48
vertex -3.156 3.12 1.861
endloop
endfacet
facet normal 0.577 -0.577 0.577
outer loop
vertex -2.92 2.739 1.716
vertex -2.539 2.884 1.48
vertex -2.684 3.12 1.861
endloop
endfacet
facet normal -0.357 -0.934 0
outer loop
vertex -3.301 2.884 1.48
vertex -2.92 2.739 1.244
vertex -2.92 2.739 1.716
endloop
endfacet
facet normal -0.934 0 -0.357
outer loop
vertex -3.301 3.356 1.48
vertex -3.156 3.12 1.099
vertex -3.301 2.884 1.48
endloop
endfacet
facet normal -0.357 0.934 0
outer loop
vertex -2.92 3.501 1.716
vertex -2.92 3.501 1.244
vertex -3.301 3.356 1.48
endloop
endfacet
facet normal 0.577 0.577 0.577
outer loop
vertex -2.684 3.12 1.861
vertex -2.539 3.356 1.48
vertex -2.92 3.501 1.716
endloop
endfacet
facet normal 0.577 -0.577 -0.577
outer loop
vertex -2.539 2.884 1.48
vertex -2.92 2.739 1.244
vertex -2.684 3.12 1.099
endloop
endfacet
facet normal 0 -0.357 -0.934
outer loop
vertex -2.92 2.739 1.244
vertex -3.156 3.12 1.099
vertex -2.684 3.12 1.099
endloop
endfacet
facet normal 0 0.357 -0.934
outer loop
vertex -3.156 3.12 1.099
vertex -2.92 3.501 1.244
vertex -2.684 3.12 1.099
endloop
endfacet
facet normal 0.577 0.577 -0.577
outer loop
vertex -2.92 3.501 1.244
vertex -2.539 3.356 1.48
vertex -2.684 3.12 1.099
endloop
endfacet
facet normal 0.934 0 -0.357
outer loop
vertex -2.539 3.356 1.48
vertex -2.539 2.884 1.48
vertex -2.684 3.12 1.099
endloop
endfacet
facet normal 0.357 -0.934 0
outer loop
vertex -2.539 2.884 1.48
vertex -2.92 2.739 1.716
vertex -2.92 2.739 1.244
endloop
endfacet
facet normal -0.577 -0.577 -0.577
outer loop
vertex -2.92 2.739 1.244
vertex -3.301 2.884 1.48
vertex -3.156 3.12 1.099
endloop
endfacet
facet normal -0.577 0.577 -0.577
outer loop
vertex -3.156 3.12 1.099
vertex -3.301 3.356 1.48
vertex -2.92 3.501 1.244
endloop
endfacet
facet normal 0.357 0.934 0
outer loop
vertex -2.92 3.501 1.244
vertex -2.92 3.501 1.716
vertex -2.539 3.356 1.48
endloop
endfacet
facet normal 0.934 0 0.357
outer loop
vertex -2.539 3.356 1.48
vertex -2.684 3.12 1.861
vertex -2.539 2.884 1.48
endloop
endfacet
facet normal 0.5 -0.865 0.041
outer loop
vertex 0.3 3.524 1.985
vertex 0.3 3.44 0.2
vertex 0.409 3.587 1.985
endloop
endfacet
facet normal 0.5 -0.865 0.041
outer loop
vertex 0.3 3.44 0.2
vertex 0.482 3.545 0.2
vertex 0.409 3.587 1.985
endloop
endfacet
facet normal 0.999 0 0.041
outer loop
vertex 0.409 3.587 1.985
vertex 0.482 3.545 0.2
vertex 0.409 3.713 1.985
endloop
endfacet
facet normal 0.999 0 0.041
outer loop
vertex 0.482 3.545 0.2
vertex 0.482 3.755 0.2
vertex 0.409 3.713 1.985
endloop
endfacet
facet normal 0.5 0.865 0.041
outer loop
vertex 0.409 3.713 1.985
vertex 0.482 3.755 0.2
vertex 0.3 3.776 1.985
endloop
endfacet
facet normal 0.5 0.865 0.041
outer loop
vertex 0.482 3.755 0.2
vertex 0.3 3.86 0.2
vertex 0.3 3.776 1.985
endloop
endfacet
facet normal -0.5 0.865 0.041
outer loop
vertex 0.3 3.776 1.985
vertex 0.3 3.86 0.2
vertex 0.191 3.713 1.985
endloop
endfacet
facet normal -0.5 0.865 0.041
outer loop
vertex 0.3 3.86 0.2
vertex 0.118 3.755 0.2
vertex 0.191 3.713 1.985
endloop
endfacet
facet normal -0.999 0 0.041
outer loop
vertex 0.191 3.713 1.985
vertex 0.118 3.755 0.2
vertex 0.191 3.587 1.985
endloop
endfacet
facet normal -0.999 0 0.041
outer loop
vertex 0.118 3.755 0.2
vertex 0.118 3.545 0.2
vertex 0.191 3.587 1.985
endloop
endfacet
facet normal -0.5 -0.865 0.041
outer loop
vertex 0.191 3.587 1.985
vertex 0.118 3.545 0.2
vertex 0.3 3.524 1.985
endloop
endfacet
facet normal -0.5 -0.865 0.041
outer loop
vertex 0.118 3.545 0.2
vertex 0.3 3.44 0.2
vertex 0.3 3.524 1.985
endloop
endfacet
facet normal 0 0 1
outer loop
vertex 0.3 3.524 1.985
vertex 0.409 3.587 1.985
vertex 0.3 3.65 1.985
endloop
endfacet
facet normal 0 0 1
outer loop
vertex 0.409 3.587 1.985
vertex 0.409 3.713 1.985
vertex 0.3 3.65 1.985
endloop
endfacet
facet normal 0 0 1
outer loop
vertex 0.409 3.713 1.985
vertex 0.3 3.776 1.985
vertex 0.3 3.65 1.985
endloop
endfacet
facet normal 0 0 1
outer loop
vertex 0.3 3.776 1.985
vertex 0.191 3.713 1.985
vertex 0.3 3.65 1.985
endloop
endfacet
facet normal 0 0 1
outer loop
vertex 0.191 3.713 1.985
vertex 0.191 3.587 1.985
vertex 0.3 3.65 1.985
endloop
endfacet
facet normal 0 0 1
outer loop
vertex 0.191 3.587 1.985
vertex 0.3 3.524 1.985
vertex 0.3 3.65 1.985
endloop
endfacet
facet normal 0 0 -1
outer loop
vertex 0.482 3.545 0.2
vertex 0.3 3.44 0.2
vertex 0.3 3.65 0.2
endloop
endfacet
facet normal 0 0 -1
outer loop
vertex 0.482 3.755 0.2
vertex 0.482 3.545 0.2
vertex 0.3 3.65 0.2
endloop
endfacet
facet normal 0 0 -1
outer loop
vertex 0.3 3.86 0.2
vertex 0.482 3.755 0.2
vertex 0.3 3.65 0.2
endloop
endfacet
facet normal 0 0 -1
outer loop
vertex 0.118 3.755 0.2
vertex 0.3 3.86 0.2
vertex 0.3 3.65 0.2
endloop
endfacet
facet normal 0 0 -1
outer loop
vertex 0.118 3.545 0.2
vertex 0.118 3.755 0.2
vertex 0.3 3.65 0.2
endloop
endfacet
facet normal 0 0 -1
outer loop
vertex 0.3 3.44 0.2
vertex 0.118 3.545 0.2
vertex 0.3 3.65 0.2
endloop
endfacet
facet normal 0.434 -0.865 -0.25
outer loop
vertex 0.777 3.587 1.85
vertex 0.243 3.545 1.07
vertex 0.822 3.619 1.819
endloop
endfacet
facet normal 0.434 -0.865 -0.25
outer loop
vertex 0.243 3.545 1.07
vertex 0.318 3.597 1.019
vertex 0.822 3.619 1.819
endloop
endfacet
facet normal 0.846 0 -0.532
outer loop
vertex 0.822 3.619 1.819
vertex 0.318 3.597 1.019
vertex 0.822 3.681 1.819
endloop
endfacet
facet normal 0.846 0 -0.532
outer loop
vertex 0.318 3.597 1.019
vertex 0.318 3.703 1.019
vertex 0.822 3.681 1.819
endloop
endfacet
facet normal 0.434 0.865 -0.25
outer loop
vertex 0.822 3.681 1.819
vertex 0.318 3.703 1.019
vertex 0.777 3.713 1.85
endloop
endfacet
facet normal 0.434 0.865 -0.25
outer loop
vertex 0.318 3.703 1.019
vertex 0.243 3.755 1.07
vertex 0.777 3.713 1.85
endloop
endfacet
facet normal -0.391 0.865 0.314
outer loop
vertex 0.777 3.713 1.85
vertex 0.243 3.755 1.07
vertex 0.732 3.681 1.881
endloop
endfacet
facet normal -0.391 0.865 0.314
outer loop
vertex 0.243 3.755 1.07
vertex 0.168 3.703 1.121
vertex 0.732 3.681 1.881
endloop
endfacet
facet normal -0.803 0 0.596
outer loop
vertex 0.732 3.681 1.881
vertex 0.168 3.703 1.121
vertex 0.732 3.619 1.881
endloop
endfacet
facet normal -0.803 0 0.596
outer loop
vertex 0.168 3.703 1.121
vertex 0.168 3.597 1.121
vertex 0.732 3.619 1.881
endloop
endfacet
facet normal -0.391 -0.865 0.314
outer loop
vertex 0.732 3.619 1.881
vertex 0.168 3.597 1.121
vertex 0.777 3.587 1.85
endloop
endfacet
facet normal -0.391 -0.865 0.314
outer loop
vertex 0.168 3.597 1.121
vertex 0.243 3.545 1.07
vertex 0.777 3.587 1.85
endloop
endfacet
facet normal 0.565 0 0.825
outer loop
vertex 0.777 3.587 1.85
vertex 0.822 3.619 1.819
vertex 0.777 3.65 1.85
endloop
endfacet
facet normal 0.565 0 0.825
outer loop
vertex 0.822 3.619 1.819
vertex 0.822 3.681 1.819
vertex 0.777 3.65 1.85
endloop
endfacet
facet normal 0.565 0 0.825
outer loop
vertex 0.822 3.681 1.819
vertex 0.777 3.713 1.85
vertex 0.777 3.65 1.85
endloop
endfacet
facet normal 0.565 0 0.825
outer loop
vertex 0.777 3.713 1.85
vertex 0.732 3.681 1.881
vertex 0.777 3.65 1.85
endloop
endfacet
facet normal 0.565 0 0.825
outer loop
vertex 0.732 3.681 1.881
vertex 0.732 3.619 1.881
vertex 0.777 3.65 1.85
endloop
endfacet
facet normal 0.565 0 0.825
outer loop
vertex 0.732 3.619 1.881
vertex 0.777 3.587 1.85
vertex 0.777 3.65 1.85
endloop
endfacet
facet normal -0.565 0 -0.825
outer loop
vertex 0.318 3.597 1.019
vertex 0.243 3.545 1.07
vertex 0.243 3.65 1.07
endloop
endfacet
facet normal -0.565 0 -0.825
outer loop
vertex 0.318 3.703 1.019
vertex 0.318 3.597 1.019
vertex 0.243 3.65 1.07
endloop
endfacet
facet normal -0.565 0 -0.825
outer loop
vertex 0.243 3.755 1.07
vertex 0.318 3.703 1.019
vertex 0.243 3.65 1.07
endloop
endfacet
facet normal -0.565 0 -0.825
outer loop
vertex 0.168 3.703 1.121
vertex 0.243 3.755 1.07
vertex 0.243 3.65 1.07
endloop
endfacet
facet normal -0.565 0 -0.825
outer loop
vertex 0.168 3.597 1.121
vertex 0.168 3.703 1.121
vertex 0.243 3.65 1.07
endloop
endfacet
facet normal -0.565 0 -0.825
outer loop
vertex 0.243 3.545 1.07
vertex 0.168 3.597 1.121
vertex 0.243 3.65 1.07
endloop
endfacet
facet normal -0.609 -0.609 0.508
outer loop
vertex -0.432 3.197 2.3
vertex 0.3 2.918 2.843
vertex -0.153 3.65 3.179
endloop
endfacet
facet normal 0 -0.417 0.909
outer loop
vertex 0.3 2.918 2.843
vertex 0.753 3.65 3.179
vertex -0.153 3.65 3.179
endloop
endfacet
facet normal 0 0.417 0.909
outer loop
vertex 0.753 3.65 3.179
vertex 0.3 4.382 2.843
vertex -0.153 3.65 3.179
endloop
endfacet
facet normal -0.609 0.609 0.508
outer loop
vertex 0.3 4.382 2.843
vertex -0.432 4.103 2.3
vertex -0.153 3.65 3.179
endloop
endfacet
facet normal -0.953 0 0.303
outer loop
vertex -0.432 4.103 2.3
vertex -0.432 3.197 2.3
vertex -0.153 3.65 3.179
endloop
endfacet
facet normal 0.609 -0.609 0.508
outer loop
vertex 0.3 2.918 2.843
vertex 1.032 3.197 2.3
vertex 0.753 3.65 3.179
endloop
endfacet
facet normal -0.357 -0.934 0
outer loop
vertex -0.432 3.197 2.3
vertex 0.3 2.918 1.757
vertex 0.3 2.918 2.843
endloop
endfacet
facet normal -0.953 0 -0.303
outer loop
vertex -0.432 4.103 2.3
vertex -0.153 3.65 1.421
vertex -0.432 3.197 2.3
endloop
endfacet
facet normal -0.357 0.934 0
outer loop
vertex 0.3 4.382 2.843
vertex 0.3 4.382 1.757
vertex -0.432 4.103 2.3
endloop
endfacet
facet normal 0.609 0.609 0.508
outer loop
vertex 0.753 3.65 3.179
vertex 1.032 4.103 2.3
vertex 0.3 4.382 2.843
endloop
endfacet
facet normal 0.609 -0.609 -0.508
outer loop
vertex 1.032 3.197 2.3
vertex 0.3 2.918 1.757
vertex 0.753 3.65 1.421
endloop
endfacet
facet normal 0 -0.417 -0.909
outer loop
vertex 0.3 2.918 1.757
vertex -0.153 3.65 1.421
vertex 0.753 3.65 1.421
endloop
endfacet
facet normal 0 0.417 -0.909
outer loop
vertex -0.153 3.65 1.421
vertex 0.3 4.382 1.757
vertex 0.753 3.65 1.421
endloop
endfacet
facet normal 0.609 0.609 -0.508
outer loop
vertex 0.3 4.382 1.757
vertex 1.032 4.103 2.3
vertex 0.753 3.65 1.421
endloop
endfacet
facet normal 0.953 0 -0.303
outer loop
vertex 1.032 4.103 2.3
vertex 1.032 3.197 2.3
vertex 0.753 3.65 1.421
endloop
endfacet
facet normal 0.357 -0.934 0
outer loop
vertex 1.032 3.197 2.3
vertex 0.3 2.918 2.843
vertex 0.3 2.918 1.757
endloop
endfacet
facet normal -0.609 -0.609 -0.508
outer loop
vertex 0.3 2.918 1.757
vertex -0.432 3.197 2.3
vertex -0.153 3.65 1.421
endloop
endfacet
facet normal -0.609 0.609 -0.508
outer loop
vertex -0.153 3.65 1.421
vertex -0.432 4.103 2.3
vertex 0.3 4.382 1.757
endloop
endfacet
facet normal 0.357 0.934 0
outer loop
vertex 0.3 4.382 1.757
vertex 0.3 4.382 2.843
vertex 1.032 4.103 2.3
endloop
endfacet
facet normal 0.953 0 0.303
outer loop
vertex 1.032 4.103 2.3
vertex 0.753 3.65 3.179
vertex 1.032 3.197 2.3
endloop
endfacet
facet normal -0.577 -0.577 0.577
outer loop
vertex 0.286 3.225 2.037
vertex 0.804 3.027 2.358
vertex 0.484 3.545 2.556
endloop
endfacet
facet normal 0 -0.357 0.934
outer loop
vertex 0.804 3.027 2.358
vertex 1.124 3.545 2.556
vertex 0.484 3.545 2.556
endloop
endfacet
facet normal 0 0.357 0.934
outer loop
vertex 1.124 3.545 2.556
vertex 0.804 4.063 2.358
vertex 0.484 3.545 2.556
endloop
endfacet
facet normal -0.577 0.577 0.577
outer loop
vertex 0.804 4.063 2.358
vertex 0.286 3.865 2.037
vertex 0.484 3.545 2.556
endloop
endfacet
facet normal -0.934 0 0.357
outer loop
vertex 0.286 3.865 2.037
vertex 0.286 3.225 2.037
vertex 0.484 3.545 2.556
endloop
endfacet
facet normal 0.577 -0.577 0.577
outer loop
vertex 0.804 3.027 2.358
vertex 1.322 3.225 2.037
vertex 1.124 3.545 2.556
endloop
endfacet
facet normal -0.357 -0.934 0
outer loop
vertex 0.286 3.225 2.037
vertex 0.804 3.027 1.717
vertex 0.804 3.027 2.358
endloop
endfacet
facet normal -0.934 0 -0.357
outer loop
vertex 0.286 3.865 2.037
vertex 0.484 3.545 1.519
vertex 0.286 3.225 2.037
endloop
endfacet
facet normal -0.357 0.934 0
outer loop
vertex 0.804 4.063 2.358
vertex 0.804 4.063 1.717
vertex 0.286 3.865 2.037
endloop
endfacet
facet normal 0.577 0.577 0.577
outer loop
vertex 1.124 3.545 2.556
vertex 1.322 3.865 2.037
vertex 0.804 4.063 2.358
endloop
endfacet
facet normal 0.577 -0.577 -0.577
outer loop
vertex 1.322 3.225 2.037
vertex 0.804 3.027 1.717
vertex 1.124 3.545 1.519
endloop
endfacet
facet normal 0 -0.357 -0.934
outer loop
vertex 0.804 3.027 1.717
vertex 0.484 3.545 1.519
vertex 1.124 3.545 1.519
endloop
endfacet
facet normal 0 0.357 -0.934
outer loop
vertex 0.484 3.545 1.519
vertex 0.804 4.063 1.717
vertex 1.124 3.545 1.519
endloop
endfacet
facet normal 0.577 0.577 -0.577
outer loop
vertex 0.804 4.063 1.717
vertex 1.322 3.865 2.037
vertex 1.124 3.545 1.519
endloop
endfacet
facet normal 0.934 0 -0.357
outer loop
vertex 1.322 3.865 2.037
vertex 1.322 3.225 2.037
vertex 1.124 3.545 1.519
endloop
endfacet
facet normal 0.357 -0.934 0
outer loop
vertex 1.322 3.225 2.037
vertex 0.804 3.027 2.358
vertex 0.804 3.027 1.717
endloop
endfacet
facet normal -0.577 -0.577 -0.577
outer loop
vertex 0.804 3.027 1.717
vertex 0.286 3.225 2.037
vertex 0.484 3.545 1.519
endloop
endfacet
facet normal -0.577 0.577 -0.577
outer loop
vertex 0.484 3.545 1.519
vertex 0.286 3.865 2.037
vertex 0.804 4.063 1.717
endloop
endfacet
facet normal 0.357 0.934 0
outer loop
vertex 0.804 4.063 1.717
vertex 0.804 4.063 2.358
vertex 1.322 3.865 2.037
endloop
endfacet
facet normal 0.934 0 0.357
outer loop
vertex 1.322 3.865 2.037
vertex 1.124 3.545 2.556
vertex 1.322 3.225 2.037
endloop
endfacet
facet normal -0.577 -0.577 0.577
outer loop
vertex -0.62 3.498 1.88
vertex -0.12 3.307 2.189
vertex -0.429 3.808 2.38
endloop
endfacet
facet normal 0 -0.357 0.934
outer loop
vertex -0.12 3.307 2.189
vertex 0.189 3.808 2.38
vertex -0.429 3.808 2.38
endloop
endfacet
facet normal 0 0.357 0.934
outer loop
vertex 0.189 3.808 2.38
vertex -0.12 4.308 2.189
vertex -0.429 3.808 2.38
endloop
endfacet
facet normal -0.577 0.577 0.577
outer loop
vertex -0.12 4.308 2.189
vertex -0.62 4.117 1.88
vertex -0.429 3.808 2.38
endloop
endfacet
facet normal -0.934 0 0.357
outer loop
vertex -0.62 4.117 1.88
vertex -0.62 3.498 1.88
vertex -0.429 3.808 2.38
endloop
endfacet
facet normal 0.577 -0.577 0.577
outer loop
vertex -0.12 3.307 2.189
vertex 0.38 3.498 1.88
vertex 0.189 3.808 2.38
endloop
endfacet
facet normal -0.357 -0.934 0
outer loop
vertex -0.62 3.498 1.88
vertex -0.12 3.307 1.571
vertex -0.12 3.307 2.189
endloop
endfacet
facet normal -0.934 0 -0.357
outer loop
vertex -0.62 4.117 1.88
vertex -0.429 3.808 1.38
vertex -0.62 3.498 1.88
endloop
endfacet
facet normal -0.357 0.934 0
outer loop
vertex -0.12 4.308 2.189
vertex -0.12 4.308 1.571
vertex -0.62 4.117 1.88
endloop
endfacet
facet normal 0.577 0.577 0.577
outer loop
vertex 0.189 3.808 2.38
vertex 0.38 4.117 1.88
vertex -0.12 4.308 2.189
endloop
endfacet
facet normal 0.577 -0.577 -0.577
outer loop
vertex 0.38 3.498 1.88
vertex -0.12 3.307 1.571
vertex 0.189 3.808 1.38
endloop
endfacet
facet normal 0 -0.357 -0.934
outer loop
vertex -0.12 3.307 1.571
vertex -0.429 3.808 1.38
vertex 0.189 3.808 1.38
endloop
endfacet
facet normal 0 0.357 -0.934
outer loop
vertex -0.429 3.808 1.38
vertex -0.12 4.308 1.571
vertex 0.189 3.808 1.38
endloop
endfacet
facet normal 0.577 0.577 -0.577
outer loop
vertex -0.12 4.308 1.571
vertex 0.38 4.117 1.88
vertex 0.189 3.808 1.38
endloop
endfacet
facet normal 0.934 0 -0.357
outer loop
vertex 0.38 4.117 1.88
vertex 0.38 3.498 1.88
vertex 0.189 3.808 1.38
endloop
endfacet
facet normal 0.357 -0.934 0
outer loop
vertex 0.38 3.498 1.88
vertex -0.12 3.307 2.189
vertex -0.12 3.307 1.571
endloop
endfacet
facet normal -0.577 -0.577 -0.577
outer loop
vertex -0.12 3.307 1.571
vertex -0.62 3.498 1.88
vertex -0.429 3.808 1.38
endloop
endfacet
facet normal -0.577 0.577 -0.577
outer loop
vertex -0.429 3.808 1.38
vertex -0.62 4.117 1.88
vertex -0.12 4.308 1.571
endloop
endfacet
facet normal 0.357 0.934 0
outer loop
vertex -0.12 4.308 1.571
vertex -0.12 4.308 2.189
vertex 0.38 4.117 1.88
endloop
endfacet
facet normal 0.934 0 0.357
outer loop
vertex 0.38 4.117 1.88
vertex 0.189 3.808 2.38
vertex 0.38 3.498 1.88
endloop
endfacet
facet normal 0.5 -0.865 0.041
outer loop
vertex 3.6 1.416 1.39
vertex 3.6 1.36 0.2
vertex 3.673 1.458 1.39
endloop
endfacet
facet normal 0.5 -0.865 0.041
outer loop
vertex 3.6 1.36 0.2
vertex 3.721 1.43 0.2
vertex 3.673 1.458 1.39
endloop
endfacet
facet normal 0.999 0 0.041
outer loop
vertex 3.673 1.458 1.39
vertex 3.721 1.43 0.2
vertex 3.673 1.542 1.39
endloop
endfacet
facet normal 0.999 0 0.041
outer loop
vertex 3.721 1.43 0.2
vertex 3.721 1.57 0.2
vertex 3.673 1.542 1.39
endloop
endfacet
facet normal 0.5 0.865 0.041
outer loop
vertex 3.673 1.542 1.39
vertex 3.721 1.57 0.2
vertex 3.6 1.584 1.39
endloop
endfacet
facet normal 0.5 0.865 0.041
outer loop
vertex 3.721 1.57 0.2
vertex 3.6 1.64 0.2
vertex 3.6 1.584 1.39
endloop
endfacet
facet normal -0.5 0.865 0.041
outer loop
vertex 3.6 1.584 1.39
vertex 3.6 1.64 0.2
vertex 3.527 1.542 1.39
endloop
endfacet
facet normal -0.5 0.865 0.041
outer loop
vertex 3.6 1.64 0.2
vertex 3.479 1.57 0.2
vertex 3.527 1.542 1.39
endloop
endfacet
facet normal -0.999 0 0.041
outer loop
vertex 3.527 1.542 1.39
vertex 3.479 1.57 0.2
vertex 3.527 1.458 1.39
endloop
endfacet
facet normal -0.999 0 0.041
outer loop
vertex 3.479 1.57 0.2
vertex 3.479 1.43 0.2
vertex 3.527 1.458 1.39
endloop
endfacet
facet normal -0.5 -0.865 0.041
outer loop
vertex 3.527 1.458 1.39
vertex 3.479 1.43 0.2
vertex 3.6 1.416 1.39
endloop
endfacet
facet normal -0.5 -0.865 0.041
outer loop
vertex 3.479 1.43 0.2
vertex 3.6 1.36 0.2
vertex 3.6 1.416 1.39
endloop
endfacet
facet normal 0 0 1
outer loop
vertex 3.6 1.416 1.39
vertex 3.673 1.458 1.39
vertex 3.6 1.5 1.39
endloop
endfacet
facet normal 0 0 1
outer loop
vertex 3.673 1.458 1.39
vertex 3.673 1.542 1.39
vertex 3.6 1.5 1.39
endloop
endfacet
facet normal 0 0 1
outer loop
vertex 3.673 1.542 1.39
vertex 3.6 1.584 1.39
vertex 3.6 1.5 1.39
endloop
endfacet
facet normal 0 0 1
outer loop
vertex 3.6 1.584 1.39
vertex 3.527 1.542 1.39
vertex 3.6 1.5 1.39
endloop
endfacet
facet normal 0 0 1
outer loop
vertex 3.527 1.542 1.39
vertex 3.527 1.458 1.39
vertex 3.6 1.5 1.39
endloop
endfacet
facet normal 0 0 1
outer loop
vertex 3.527 1.458 1.39
vertex 3.6 1.416 1.39
vertex 3.6 1.5 1.39
endloop
endfacet
facet normal 0 0 -1
outer loop
vertex 3.721 1.43 0.2
vertex 3.6 1.36 0.2
vertex 3.6 1.5 0.2
endloop
endfacet
facet normal 0 0 -1
outer loop
vertex 3.721 1.57 0.2
vertex 3.721 1.43 0.2
vertex 3.6 1.5 0.2
endloop
endfacet
facet normal 0 0 -1
outer loop
vertex 3.6 1.64 0.2
vertex 3.721 1.57 0.2
vertex 3.6 1.5 0.2
endloop
endfacet
facet normal 0 0 -1
outer loop
vertex 3.479 1.57 0.2
vertex 3.6 1.64 0.2
vertex 3.6 1.5 0.2
endloop
endfacet
facet normal 0 0 -1
outer loop
vertex 3.479 1.43 0.2
vertex 3.479 1.57 0.2
vertex 3.6 1.5 0.2
endloop
endfacet
facet normal 0 0 -1
outer loop
vertex 3.6 1.36 0.2
vertex 3.479 1.43 0.2
vertex 3.6 1.5 0.2
endloop
endfacet
facet normal 0.434 -0.865 -0.25
outer loop
vertex 3.918 1.458 1.3
vertex 3.562 1.43 0.78
vertex 3.948 1.479 1.279
endloop
endfacet
facet normal 0.434 -0.865 -0.25
outer loop
vertex 3.562 1.43 0.78
vertex 3.612 1.465 0.746
vertex 3.948 1.479 1.279
endloop
endfacet
facet normal 0.846 0 -0.532
outer loop
vertex 3.948 1.479 1.279
vertex 3.612 1.465 0.746
vertex 3.948 1.521 1.279
endloop
endfacet
facet normal 0.846 0 -0.532
outer loop
vertex 3.612 1.465 0.746
vertex 3.612 1.535 0.746
vertex 3.948 1.521 1.279
endloop
endfacet
facet normal 0.434 0.865 -0.25
outer loop
vertex 3.948 1.521 1.279
vertex 3.612 1.535 0.746
vertex 3.918 1.542 1.3
endloop
endfacet
facet normal 0.434 0.865 -0.25
outer loop
vertex 3.612 1.535 0.746
vertex 3.562 1.57 0.78
vertex 3.918 1.542 1.3
endloop
endfacet
facet normal -0.391 0.865 0.314
outer loop
vertex 3.918 1.542 1.3
vertex 3.562 1.57 0.78
vertex 3.888 1.521 1.321
endloop
endfacet
facet normal -0.391 0.865 0.314
outer loop
vertex 3.562 1.57 0.78
vertex 3.512 1.535 0.814
vertex 3.888 1.521 1.321
endloop
endfacet
facet normal -0.803 0 0.596
outer loop
vertex 3.888 1.521 1.321
vertex 3.512 1.535 0.814
vertex 3.888 1.479 1.321
endloop
endfacet
facet normal -0.803 0 0.596
outer loop
vertex 3.512 1.535 0.814
vertex 3.512 1.465 0.814
vertex 3.888 1.479 1.321
endloop
endfacet
facet normal -0.391 -0.865 0.314
outer loop
vertex 3.888 1.479 1.321
vertex 3.512 1.465 0.814
vertex 3.918 1.458 1.3
endloop
endfacet
facet normal -0.391 -0.865 0.314
outer loop
vertex 3.512 1.465 0.814
vertex 3.562 1.43 0.78
vertex 3.918 1.458 1.3
endloop
endfacet
facet normal 0.565 0 0.825
outer loop
vertex 3.918 1.458 1.3
vertex 3.948 1.479 1.279
vertex 3.918 1.5 1.3
endloop
endfacet
facet normal 0.565 0 0.825
outer loop
vertex 3.948 1.479 1.279
vertex 3.948 1.521 1.279
vertex 3.918 1.5 1.3
endloop
endfacet
facet normal 0.565 0 0.825
outer loop
vertex 3.948 1.521 1.279
vertex 3.918 1.542 1.3
vertex 3.918 1.5 1.3
endloop
endfacet
facet normal 0.565 0 0.825
outer loop
vertex 3.918 1.542 1.3
vertex 3.888 1.521 1.321
vertex 3.918 1.5 1.3
endloop
endfacet
facet normal 0.565 0 0.825
outer loop
vertex 3.888 1.521 1.321
vertex 3.888 1.479 1.321
vertex 3.918 1.5 1.3
endloop
endfacet
facet normal 0.565 0 0.825
outer loop
vertex 3.888 1.479 1.321
vertex 3.918 1.458 1.3
vertex 3.918 1.5 1.3
endloop
endfacet
facet normal -0.565 0 -0.825
outer loop
vertex 3.612 1.465 0.746
vertex 3.562 1.43 0.78
vertex 3.562 1.5 0.78
endloop
endfacet
facet normal -0.565 0 -0.825
outer loop
vertex 3.612 1.535 0.746
vertex 3.612 1.465 0.746
vertex 3.562 1.5 0.78
endloop
endfacet
facet normal -0.565 0 -0.825
outer loop
vertex 3.562 1.57 0.78
vertex 3.612 1.535 0.746
vertex 3.562 1.5 0.78
endloop
endfacet
facet normal -0.565 0 -0.825
outer loop
vertex 3.512 1.535 0.814
vertex 3.562 1.57 0.78
vertex 3.562 1.5 0.78
endloop
endfacet
facet normal -0.565 0 -0.825
outer loop
vertex 3.512 1.465 0.814
vertex 3.512 1.535 0.814
vertex 3.562 1.5 0.78
endloop
endfacet
facet normal -0.565 0 -0.825
outer loop
vertex 3.562 1.43 0.78
vertex 3.512 1.465 0.814
vertex 3.562 1.5 0.78
endloop
endfacet
facet normal -0.609 -0.609 0.508
outer loop
vertex 3.112 1.198 1.6
vertex 3.6 1.012 1.962
vertex 3.298 1.5 2.186
endloop
endfacet
facet normal 0 -0.417 0.909
outer loop
vertex 3.6 1.012 1.962
vertex 3.902 1.5 2.186
vertex 3.298 1.5 2.186
endloop
endfacet
facet normal 0 0.417 0.909
outer loop
vertex 3.902 1.5 2.186
vertex 3.6 1.988 1.962
vertex 3.298 1.5 2.186
endloop
endfacet
facet normal -0.609 0.609 0.508
outer loop
vertex 3.6 1.988 1.962
vertex 3.112 1.802 1.6
vertex 3.298 1.5 2.186
endloop
endfacet
facet normal -0.953 0 0.303
outer loop
vertex 3.112 1.802 1.6
vertex 3.112 1.198 1.6
vertex 3.298 1.5 2.186
endloop
endfacet
facet normal 0.609 -0.609 0.508
outer loop
vertex 3.6 1.012 1.962
vertex 4.088 1.198 1.6
vertex 3.902 1.5 2.186
endloop
endfacet
facet normal -0.357 -0.934 0
outer loop
vertex 3.112 1.198 1.6
vertex 3.6 1.012 1.238
vertex 3.6 1.012 1.962
endloop
endfacet
facet normal -0.953 0 -0.303
outer loop
vertex 3.112 1.802 1.6
vertex 3.298 1.5 1.014
vertex 3.112 1.198 1.6
endloop
endfacet
facet normal -0.357 0.934 0
outer loop
vertex 3.6 1.988 1.962
vertex 3.6 1.988 1.238
vertex 3.112 1.802 1.6
endloop
endfacet
facet normal 0.609 0.609 0.508
outer loop
vertex 3.902 1.5 2.186
vertex 4.088 1.802 1.6
vertex 3.6 1.988 1.962
endloop
endfacet
facet normal 0.609 -0.609 -0.508
outer loop
vertex 4.088 1.198 1.6
vertex 3.6 1.012 1.238
vertex 3.902 1.5 1.014
endloop
endfacet
facet normal 0 -0.417 -0.909
outer loop
vertex 3.6 1.012 1.238
vertex 3.298 1.5 1.014
vertex 3.902 1.5 1.014
endloop
endfacet
facet normal 0 0.417 -0.909
outer loop
vertex 3.298 1.5 1.014
vertex 3.6 1.988 1.238
vertex 3.902 1.5 1.014
endloop
endfacet
facet normal 0.609 0.609 -0.508
outer loop
vertex 3.6 1.988 1.238
vertex 4.088 1.802 1.6
vertex 3.902 1.5 1.014
endloop
endfacet
facet normal 0.953 0 -0.303
outer loop
vertex 4.088 1.802 1.6
vertex 4.088 1.198 1.6
vertex 3.902 1.5 1.014
endloop
endfacet
facet normal 0.357 -0.934 0
outer loop
vertex 4.088 1.198 1.6
vertex 3.6 1.012 1.962
vertex 3.6 1.012 1.238
endloop
endfacet
facet normal -0.609 -0.609 -0.508
outer loop
vertex 3.6 1.012 1.238
vertex 3.112 1.198 1.6
vertex 3.298 1.5 1.014
endloop
endfacet
facet normal -0.609 0.609 -0.508
outer loop
vertex 3.298 1.5 1.014
vertex 3.112 1.802 1.6
vertex 3.6 1.988 1.238
endloop
endfacet
facet normal 0.357 0.934 0
outer loop
vertex 3.6 1.988 1.238
vertex 3.6 1.988 1.962
vertex 4.088 1.802 1.6
endloop
endfacet
facet normal 0.953 0 0.303
outer loop
vertex 4.088 1.802 1.6
vertex 3.902 1.5 2.186
vertex 4.088 1.198 1.6
endloop
endfacet
facet normal -0.577 -0.577 0.577
outer loop
vertex 3.591 1.217 1.425
vertex 3.936 1.085 1.638
vertex 3.723 1.43 1.77
endloop
endfacet
facet normal 0 -0.357 0.934
outer loop
vertex 3.936 1.085 1.638
vertex 4.149 1.43 1.77
vertex 3.723 1.43 1.77
endloop
endfacet
facet normal 0 0.357 0.934
outer loop
vertex 4.149 1.43 1.77
vertex 3.936 1.775 1.638
vertex 3.723 1.43 1.77
endloop
endfacet
facet normal -0.577 0.577 0.577
outer loop
vertex 3.936 1.775 1.638
vertex 3.591 1.643 1.425
vertex 3.723 1.43 1.77
endloop
endfacet
facet normal -0.934 0 0.357
outer loop
vertex 3.591 1.643 1.425
vertex 3.591 1.217 1.425
vertex 3.723 1.43 1.77
endloop
endfacet
facet normal 0.577 -0.577 0.577
outer loop
vertex 3.936 1.085 1.638
vertex 4.281 1.217 1.425
vertex 4.149 1.43 1.77
endloop
endfacet
facet normal -0.357 -0.934 0
outer loop
vertex 3.591 1.217 1.425
vertex 3.936 1.085 1.212
vertex 3.936 1.085 1.638
endloop
endfacet
facet normal -0.934 0 -0.357
outer loop
vertex 3.591 1.643 1.425
vertex 3.723 1.43 1.08
vertex 3.591 1.217 1.425
endloop
endfacet
facet normal -0.357 0.934 0
outer loop
vertex 3.936 1.775 1.638
vertex 3.936 1.775 1.212
vertex 3.591 1.643 1.425
endloop
endfacet
facet normal 0.577 0.577 0.577
outer loop
vertex 4.149 1.43 1.77
vertex 4.281 1.643 1.425
vertex 3.936 1.775 1.638
endloop
endfacet
facet normal 0.577 -0.577 -0.577
outer loop
vertex 4.281 1.217 1.425
vertex 3.936 1.085 1.212
vertex 4.149 1.43 1.08
endloop
endfacet
facet normal 0 -0.357 -0.934
outer loop
vertex 3.936 1.085 1.212
vertex 3.723 1.43 1.08
vertex 4.149 1.43 1.08
endloop
endfacet
facet normal 0 0.357 -0.934
outer loop
vertex 3.723 1.43 1.08
vertex 3.936 1.775 1.212
vertex 4.149 1.43 1.08
endloop
endfacet
facet normal 0.577 0.577 -0.577
outer loop
vertex 3.936 1.775 1.212
vertex 4.281 1.643 1.425
vertex 4.149 1.43 1.08
endloop
endfacet
facet normal 0.934 0 -0.357
outer loop
vertex 4.281 1.643 1.425
vertex 4.281 1.217 1.425
vertex 4.149 1.43 1.08
endloop
endfacet
facet normal 0.357 -0.934 0
outer loop
vertex 4.281 1.217 1.425
vertex 3.936 1.085 1.638
vertex 3.936 1.085 1.212
endloop
endfacet
facet normal -0.577 -0.577 -0.577
outer loop
vertex 3.936 1.085 1.212
vertex 3.591 1.217 1.425
vertex 3.723 1.43 1.08
endloop
endfacet
facet normal -0.577 0.577 -0.577
outer loop
vertex 3.723 1.43 1.08
vertex 3.591 1.643 1.425
vertex 3.936 1.775 1.212
endloop
endfacet
facet normal 0.357 0.934 0
outer loop
vertex 3.936 1.775 1.212
vertex 3.936 1.775 1.638
vertex 4.281 1.643 1.425
endloop
endfacet
facet normal 0.934 0 0.357
outer loop
vertex 4.281 1.643 1.425
vertex 4.149 1.43 1.77
vertex 4.281 1.217 1.425
endloop
endfacet
facet normal -0.577 -0.577 0.577
outer loop
vertex 2.987 1.399 1.32
vertex 3.32 1.272 1.526
vertex 3.114 1.605 1.653
endloop
endfacet
facet normal 0 -0.357 0.934
outer loop
vertex 3.32 1.272 1.526
vertex 3.526 1.605 1.653
vertex 3.114 1.605 1.653
endloop
endfacet
facet normal 0 0.357 0.934
outer loop
vertex 3.526 1.605 1.653
vertex 3.32 1.938 1.526
vertex 3.114 1.605 1.653
endloop
endfacet
facet normal -0.577 0.577 0.577
outer loop
vertex 3.32 1.938 1.526
vertex 2.987 1.811 1.32
vertex 3.114 1.605 1.653
endloop
endfacet
facet normal -0.934 0 0.357
outer loop
vertex 2.987 1.811 1.32
vertex 2.987 1.399 1.32
vertex 3.114 1.605 1.653
endloop
endfacet
facet normal 0.577 -0.577 0.577
outer loop
vertex 3.32 1.272 1.526
vertex 3.653 1.399 1.32
vertex 3.526 1.605 1.653
endloop
endfacet
facet normal -0.357 -0.934 0
outer loop
vertex 2.987 1.399 1.32
vertex 3.32 1.272 1.114
vertex 3.32 1.272 1.526
endloop
endfacet
facet normal -0.934 0 -0.357
outer loop
vertex 2.987 1.811 1.32
vertex 3.114 1.605 0.987
vertex 2.987 1.399 1.32
endloop
endfacet
facet normal -0.357 0.934 0
outer loop
vertex 3.32 1.938 1.526
vertex 3.32 1.938 1.114
vertex 2.987 1.811 1.32
endloop
endfacet
facet normal 0.577 0.577 0.577
outer loop
vertex 3.526 1.605 1.653
vertex 3.653 1.811 1.32
vertex 3.32 1.938 1.526
endloop
endfacet
facet normal 0.577 -0.577 -0.577
outer loop
vertex 3.653 1.399 1.32
vertex 3.32 1.272 1.114
vertex 3.526 1.605 0.987
endloop
endfacet
facet normal 0 -0.357 -0.934
outer loop
vertex 3.32 1.272 1.114
vertex 3.114 1.605 0.987
vertex 3.526 1.605 0.987
endloop
endfacet
facet normal 0 0.357 -0.934
outer loop
vertex 3.114 1.605 0.987
vertex 3.32 1.938 1.114
vertex 3.526 1.605 0.987
endloop
endfacet
facet normal 0.577 0.577 -0.577
outer loop
vertex 3.32 1.938 1.114
vertex 3.653 1.811 1.32
vertex 3.526 1.605 0.987
endloop
endfacet
facet normal 0.934 0 -0.357
outer loop
vertex 3.653 1.811 1.32
vertex 3.653 1.399 1.32
vertex 3.526 1.605 0.987
endloop
endfacet
facet normal 0.357 -0.934 0
outer loop
vertex 3.653 1.399 1.32
vertex 3.32 1.272 1.526
vertex 3.32 1.272 1.114
endloop
endfacet
facet normal -0.577 -0.577 -0.577
outer loop
vertex 3.32 1.272 1.114
vertex 2.987 1.399 1.32
vertex 3.114 1.605 0.987
endloop
endfacet
facet normal -0.577 0.577 -0.577
outer loop
vertex 3.114 1.605 0.987
vertex 2.987 1.811 1.32
vertex 3.32 1.938 1.114
endloop
endfacet
facet normal 0.357 0.934 0
outer loop
vertex 3.32 1.938 1.114
vertex 3.32 1.938 1.526
vertex 3.653 1.811 1.32
endloop
endfacet
facet normal 0.934 0 0.357
outer loop
vertex 3.653 1.811 1.32
vertex 3.526 1.605 1.653
vertex 3.653 1.399 1.32
endloop
endfacet
facet normal -0.479 -0.479 0.736
outer loop
vertex 2.998 -0.063 0.28
vertex 3.1 -0.102 0.321
vertex 3.037 0 0.346
endloop
endfacet
facet normal 0 -0.241 0.971
outer loop
vertex 3.1 -0.102 0.321
vertex 3.163 0 0.346
vertex 3.037 0 0.346
endloop
endfacet
facet normal 0 0.241 0.971
outer loop
vertex 3.163 0 0.346
vertex 3.1 0.102 0.321
vertex 3.037 0 0.346
endloop
endfacet
facet normal -0.479 0.479 0.736
outer loop
vertex 3.1 0.102 0.321
vertex 2.998 0.063 0.28
vertex 3.037 0 0.346
endloop
endfacet
facet normal -0.862 0 0.507
outer loop
vertex 2.998 0.063 0.28
vertex 2.998 -0.063 0.28
vertex 3.037 0 0.346
endloop
endfacet
facet normal 0.479 -0.479 0.736
outer loop
vertex 3.1 -0.102 0.321
vertex 3.202 -0.063 0.28
vertex 3.163 0 0.346
endloop
endfacet
facet normal -0.357 -0.934 0
outer loop
vertex 2.998 -0.063 0.28
vertex 3.1 -0.102 0.239
vertex 3.1 -0.102 0.321
endloop
endfacet
facet normal -0.862 0 -0.507
outer loop
vertex 2.998 0.063 0.28
vertex 3.037 0 0.214
vertex 2.998 -0.063 0.28
endloop
endfacet
facet normal -0.357 0.934 0
outer loop
vertex 3.1 0.102 0.321
vertex 3.1 0.102 0.239
vertex 2.998 0.063 0.28
endloop
endfacet
facet normal 0.479 0.479 0.736
outer loop
vertex 3.163 0 0.346
vertex 3.202 0.063 0.28
vertex 3.1 0.102 0.321
endloop
endfacet
facet normal 0.479 -0.479 -0.736
outer loop
vertex 3.202 -0.063 0.28
vertex 3.1 -0.102 0.239
vertex 3.163 0 0.214
endloop
endfacet
facet normal 0 -0.241 -0.971
outer loop
vertex 3.1 -0.102 0.239
vertex 3.037 0 0.214
vertex 3.163 0 0.214
endloop
endfacet
facet normal 0 0.241 -0.971
outer loop
vertex 3.037 0 0.214
vertex 3.1 0.102 0.239
vertex 3.163 0 0.214
endloop
endfacet
facet normal 0.479 0.479 -0.736
outer loop
vertex 3.1 0.102 0.239
vertex 3.202 0.063 0.28
vertex 3.163 0 0.214
endloop
endfacet
facet normal 0.862 0 -0.507
outer loop
vertex 3.202 0.063 0.28
vertex 3.202 -0.063 0.28
vertex 3.163 0 0.214
endloop
endfacet
facet normal 0.357 -0.934 0
outer loop
vertex 3.202 -0.063 0.28
vertex 3.1 -0.102 0.321
vertex 3.1 -0.102 0.239
endloop
endfacet
facet normal -0.479 -0.479 -0.736
outer loop
vertex 3.1 -0.102 0.239
vertex 2.998 -0.063 0.28
vertex 3.037 0 0.214
endloop
endfacet
facet normal -0.479 0.479 -0.736
outer loop
vertex 3.037 0 0.214
vertex 2.998 0.063 0.28
vertex 3.1 0.102 0.239
endloop
endfacet
facet normal 0.357 0.934 0
outer loop
vertex 3.1 0.102 0.239
vertex 3.1 0.102 0.321
vertex 3.202 0.063 0.28
endloop
endfacet
facet normal 0.862 0 0.507
outer loop
vertex 3.202 0.063 0.28
vertex 3.163 0 0.346
vertex 3.202 -0.063 0.28
endloop
endfacet
facet normal -0.479 -0.479 0.736
outer loop
vertex 0.15 3.395 0.28
vertex 0.299 3.338 0.34
vertex 0.207 3.487 0.377
endloop
endfacet
facet normal 0 -0.241 0.971
outer loop
vertex 0.299 3.338 0.34
vertex 0.391 3.487 0.377
vertex 0.207 3.487 0.377
endloop
endfacet
facet normal 0 0.241 0.971
outer loop
vertex 0.391 3.487 0.377
vertex 0.299 3.636 0.34
vertex 0.207 3.487 0.377
endloop
endfacet
facet normal -0.479 0.479 0.736
outer loop
vertex 0.299 3.636 0.34
vertex 0.15 3.579 0.28
vertex 0.207 3.487 0.377
endloop
endfacet
facet normal -0.862 0 0.507
outer loop
vertex 0.15 3.579 0.28
vertex 0.15 3.395 0.28
vertex 0.207 3.487 0.377
endloop
endfacet
facet normal 0.479 -0.479 0.736
outer loop
vertex 0.299 3.338 0.34
vertex 0.448 3.395 0.28
vertex 0.391 3.487 0.377
endloop
endfacet
facet normal -0.357 -0.934 0
outer loop
vertex 0.15 3.395 0.28
vertex 0.299 3.338 0.22
vertex 0.299 3.338 0.34
endloop
endfacet
facet normal -0.862 0 -0.507
outer loop
vertex 0.15 3.579 0.28
vertex 0.207 3.487 0.183
vertex 0.15 3.395 0.28
endloop
endfacet
facet normal -0.357 0.934 0
outer loop
vertex 0.299 3.636 0.34
vertex 0.299 3.636 0.22
vertex 0.15 3.579 0.28
endloop
endfacet
facet normal 0.479 0.479 0.736
outer loop
vertex 0.391 3.487 0.377
vertex 0.448 3.579 0.28
vertex 0.299 3.636 0.34
endloop
endfacet
facet normal 0.479 -0.479 -0.736
outer loop
vertex 0.448 3.395 0.28
vertex 0.299 3.338 0.22
vertex 0.391 3.487 0.183
endloop
endfacet
facet normal 0 -0.241 -0.971
outer loop
vertex 0.299 3.338 0.22
vertex 0.207 3.487 0.183
vertex 0.391 3.487 0.183
endloop
endfacet
facet normal 0 0.241 -0.971
outer loop
vertex 0.207 3.487 0.183
vertex 0.299 3.636 0.22
vertex 0.391 3.487 0.183
endloop
endfacet
facet normal 0.479 0.479 -0.736
outer loop
vertex 0.299 3.636 0.22
vertex 0.448 3.579 0.28
vertex 0.391 3.487 0.183
endloop
endfacet
facet normal 0.862 0 -0.507
outer loop
vertex 0.448 3.579 0.28
vertex 0.448 3.395 0.28
vertex 0.391 3.487 0.183
endloop
endfacet
facet normal 0.357 -0.934 0
outer loop
vertex 0.448 3.395 0.28
vertex 0.299 3.338 0.34
vertex 0.299 3.338 0.22
endloop
endfacet
facet normal -0.479 -0.479 -0.736
outer loop
vertex 0.299 3.338 0.22
vertex 0.15 3.395 0.28
vertex 0.207 3.487 0.183
endloop
endfacet
facet normal -0.479 0.479 -0.736
outer loop
vertex 0.207 3.487 0.183
vertex 0.15 3.579 0.28
vertex 0.299 3.636 0.22
endloop
endfacet
facet normal 0.357 0.934 0
outer loop
vertex 0.299 3.636 0.22
vertex 0.299 3.636 0.34
vertex 0.448 3.579 0.28
endloop
endfacet
facet normal 0.862 0 0.507
outer loop
vertex 0.448 3.579 0.28
vertex 0.391 3.487 0.377
vertex 0.448 3.395 0.28
endloop
endfacet
facet normal -0.479 -0.479 0.736
outer loop
vertex -4.039 0.544 0.28
vertex -3.843 0.469 0.359
vertex -3.964 0.665 0.407
endloop
endfacet
facet normal 0 -0.241 0.971
outer loop
vertex -3.843 0.469 0.359
vertex -3.722 0.665 0.407
vertex -3.964 0.665 0.407
endloop
endfacet
facet normal 0 0.241 0.971
outer loop
vertex -3.722 0.665 0.407
vertex -3.843 0.86 0.359
vertex -3.964 0.665 0.407
endloop
endfacet
facet normal -0.479 0.479 0.736
outer loop
vertex -3.843 0.86 0.359
vertex -4.039 0.785 0.28
vertex -3.964 0.665 0.407
endloop
endfacet
facet normal -0.862 0 0.507
outer loop
vertex -4.039 0.785 0.28
vertex -4.039 0.544 0.28
vertex -3.964 0.665 0.407
endloop
endfacet
facet normal 0.479 -0.479 0.736
outer loop
vertex -3.843 0.469 0.359
vertex -3.647 0.544 0.28
vertex -3.722 0.665 0.407
endloop
endfacet
facet normal -0.357 -0.934 0
outer loop
vertex -4.039 0.544 0.28
vertex -3.843 0.469 0.201
vertex -3.843 0.469 0.359
endloop
endfacet
facet normal -0.862 0 -0.507
outer loop
vertex -4.039 0.785 0.28
vertex -3.964 0.665 0.153
vertex -4.039 0.544 0.28
endloop
endfacet
facet normal -0.357 0.934 0
outer loop
vertex -3.843 0.86 0.359
vertex -3.843 0.86 0.201
vertex -4.039 0.785 0.28
endloop
endfacet
facet normal 0.479 0.479 0.736
outer loop
vertex -3.722 0.665 0.407
vertex -3.647 0.785 0.28
vertex -3.843 0.86 0.359
endloop
endfacet
facet normal 0.479 -0.479 -0.736
outer loop
vertex -3.647 0.544 0.28
vertex -3.843 0.469 0.201
vertex -3.722 0.665 0.153
endloop
endfacet
facet normal 0 -0.241 -0.971
outer loop
vertex -3.843 0.469 0.201
vertex -3.964 0.665 0.153
vertex -3.722 0.665 0.153
endloop
endfacet
facet normal 0 0.241 -0.971
outer loop
vertex -3.964 0.665 0.153
vertex -3.843 0.86 0.201
vertex -3.722 0.665 0.153
endloop
endfacet
facet normal 0.479 0.479 -0.736
outer loop
vertex -3.843 0.86 0.201
vertex -3.647 0.785 0.28
vertex -3.722 0.665 0.153
endloop
endfacet
facet normal 0.862 0 -0.507
outer loop
vertex -3.647 0.785 0.28
vertex -3.647 0.544 0.28
vertex -3.722 0.665 0.153
endloop
endfacet
facet normal 0.357 -0.934 0
outer loop
vertex -3.647 0.544 0.28
vertex -3.843 0.469 0.359
vertex -3.843 0.469 0.201
endloop
endfacet
facet normal -0.479 -0.479 -0.736
outer loop
vertex -3.843 0.469 0.201
vertex -4.039 0.544 0.28
vertex -3.964 0.665 0.153
endloop
endfacet
facet normal -0.479 0.479 -0.736
outer loop
vertex -3.964 0.665 0.153
vertex -4.039 0.785 0.28
vertex -3.843 0.86 0.201
endloop
endfacet
facet normal 0.357 0.934 0
outer loop
vertex -3.843 0.86 0.201
vertex -3.843 0.86 0.359
vertex -3.647 0.785 0.28
endloop
endfacet
facet normal 0.862 0 0.507
outer loop
vertex -3.647 0.785 0.28
vertex -3.722 0.665 0.407
vertex -3.647 0.544 0.28
endloop
endfacet
facet normal -0.479 -0.479 0.736
outer loop
vertex -1.194 -4.222 0.28
vertex -1.092 -4.261 0.321
vertex -1.155 -4.159 0.346
endloop
endfacet
facet normal 0 -0.241 0.971
outer loop
vertex -1.092 -4.261 0.321
vertex -1.029 -4.159 0.346
vertex -1.155 -4.159 0.346
endloop
endfacet
facet normal 0 0.241 0.971
outer loop
vertex -1.029 -4.159 0.346
vertex -1.092 -4.057 0.321
vertex -1.155 -4.159 0.346
endloop
endfacet
facet normal -0.479 0.479 0.736
outer loop
vertex -1.092 -4.057 0.321
vertex -1.194 -4.096 0.28
vertex -1.155 -4.159 0.346
endloop
endfacet
facet normal -0.862 0 0.507
outer loop
vertex -1.194 -4.096 0.28
vertex -1.194 -4.222 0.28
vertex -1.155 -4.159 0.346
endloop
endfacet
facet normal 0.479 -0.479 0.736
outer loop
vertex -1.092 -4.261 0.321
vertex -0.99 -4.222 0.28
vertex -1.029 -4.159 0.346
endloop
endfacet
facet normal -0.357 -0.934 0
outer loop
vertex -1.194 -4.222 0.28
vertex -1.092 -4.261 0.239
vertex -1.092 -4.261 0.321
endloop
endfacet
facet normal -0.862 0 -0.507
outer loop
vertex -1.194 -4.096 0.28
vertex -1.155 -4.159 0.214
vertex -1.194 -4.222 0.28
endloop
endfacet
facet normal -0.357 0.934 0
outer loop
vertex -1.092 -4.057 0.321
vertex -1.092 -4.057 0.239
vertex -1.194 -4.096 0.28
endloop
endfacet
facet normal 0.479 0.479 0.736
outer loop
vertex -1.029 -4.159 0.346
vertex -0.99 -4.096 0.28
vertex -1.092 -4.057 0.321
endloop
endfacet
facet normal 0.479 -0.479 -0.736
outer loop
vertex -0.99 -4.222 0.28
vertex -1.092 -4.261 0.239
vertex -1.029 -4.159 0.214
endloop
endfacet
facet normal 0 -0.241 -0.971
outer loop
vertex -1.092 -4.261 0.239
vertex -1.155 -4.159 0.214
vertex -1.029 -4.159 0.214
endloop
endfacet
facet normal 0 0.241 -0.971
outer loop
vertex -1.155 -4.159 0.214
vertex -1.092 -4.057 0.239
vertex -1.029 -4.159 0.214
endloop
endfacet
facet normal 0.479 0.479 -0.736
outer loop
vertex -1.092 -4.057 0.239
vertex -0.99 -4.096 0.28
vertex -1.029 -4.159 0.214
endloop
endfacet
facet normal 0.862 0 -0.507
outer loop
vertex -0.99 -4.096 0.28
vertex -0.99 -4.222 0.28
vertex -1.029 -4.159 0.214
endloop
endfacet
facet normal 0.357 -0.934 0
outer loop
vertex -0.99 -4.222 0.28
vertex -1.092 -4.261 0.321
vertex -1.092 -4.261 0.239
endloop
endfacet
facet normal -0.479 -0.479 -0.736
outer loop
vertex -1.092 -4.261 0.239
vertex -1.194 -4.222 0.28
vertex -1.155 -4.159 0.214
endloop
endfacet
facet normal -0.479 0.479 -0.736
outer loop
vertex -1.155 -4.159 0.214
vertex -1.194 -4.096 0.28
vertex -1.092 -4.057 0.239
endloop
endfacet
facet normal 0.357 0.934 0
outer loop
vertex -1.092 -4.057 0.239
vertex -1.092 -4.057 0.321
vertex -0.99 -4.096 0.28
endloop
endfacet
facet normal 0.862 0 0.507
outer loop
vertex -0.99 -4.096 0.28
vertex -1.029 -4.159 0.346
vertex -0.99 -4.222 0.28
endloop
endfacet
facet normal -0.479 -0.479 0.736
outer loop
vertex 2.771 -1.133 0.28
vertex 2.92 -1.19 0.34
vertex 2.828 -1.041 0.377
endloop
endfacet
facet normal 0 -0.241 0.971
outer loop
vertex 2.92 -1.19 0.34
vertex 3.012 -1.041 0.377
vertex 2.828 -1.041 0.377
endloop
endfacet
facet normal 0 0.241 0.971
outer loop
vertex 3.012 -1.041 0.377
vertex 2.92 -0.892 0.34
vertex 2.828 -1.041 0.377
endloop
endfacet
facet normal -0.479 0.479 0.736
outer loop
vertex 2.92 -0.892 0.34
vertex 2.771 -0.949 0.28
vertex 2.828 -1.041 0.377
endloop
endfacet
facet normal -0.862 0 0.507
outer loop
vertex 2.771 -0.949 0.28
vertex 2.771 -1.133 0.28
vertex 2.828 -1.041 0.377
endloop
endfacet
facet normal 0.479 -0.479 0.736
outer loop
vertex 2.92 -1.19 0.34
vertex 3.069 -1.133 0.28
vertex 3.012 -1.041 0.377
endloop
endfacet
facet normal -0.357 -0.934 0
outer loop
vertex 2.771 -1.133 0.28
vertex 2.92 -1.19 0.22
vertex 2.92 -1.19 0.34
endloop
endfacet
facet normal -0.862 0 -0.507
outer loop
vertex 2.771 -0.949 0.28
vertex 2.828 -1.041 0.183
vertex 2.771 -1.133 0.28
endloop
endfacet
facet normal -0.357 0.934 0
outer loop
vertex 2.92 -0.892 0.34
vertex 2.92 -0.892 0.22
vertex 2.771 -0.949 0.28
endloop
endfacet
facet normal 0.479 0.479 0.736
outer loop
vertex 3.012 -1.041 0.377
vertex 3.069 -0.949 0.28
vertex 2.92 -0.892 0.34
endloop
endfacet
facet normal 0.479 -0.479 -0.736
outer loop
vertex 3.069 -1.133 0.28
vertex 2.92 -1.19 0.22
vertex 3.012 -1.041 0.183
endloop
endfacet
facet normal 0 -0.241 -0.971
outer loop
vertex 2.92 -1.19 0.22
vertex 2.828 -1.041 0.183
vertex 3.012 -1.041 0.183
endloop
endfacet
facet normal 0 0.241 -0.971
outer loop
vertex 2.828 -1.041 0.183
vertex 2.92 -0.892 0.22
vertex 3.012 -1.041 0.183
endloop
endfacet
facet normal 0.479 0.479 -0.736
outer loop
vertex 2.92 -0.892 0.22
vertex 3.069 -0.949 0.28
vertex 3.012 -1.041 0.183
endloop
endfacet
facet normal 0.862 0 -0.507
outer loop
vertex 3.069 -0.949 0.28
vertex 3.069 -1.133 0.28
vertex 3.012 -1.041 0.183
endloop
endfacet
facet normal 0.357 -0.934 0
outer loop
vertex 3.069 -1.133 0.28
vertex 2.92 -1.19 0.34
vertex 2.92 -1.19 0.22
endloop
endfacet
facet normal -0.479 -0.479 -0.736
outer loop
vertex 2.92 -1.19 0.22
vertex 2.771 -1.133 0.28
vertex 2.828 -1.041 0.183
endloop
endfacet
facet normal -0.479 0.479 -0.736
outer loop
vertex 2.828 -1.041 0.183
vertex 2.771 -0.949 0.28
vertex 2.92 -0.892 0.22
endloop
endfacet
facet normal 0.357 0.934 0
outer loop
vertex 2.92 -0.892 0.22
vertex 2.92 -0.892 0.34
vertex 3.069 -0.949 0.28
endloop
endfacet
facet normal 0.862 0 0.507
outer loop
vertex 3.069 -0.949 0.28
vertex 3.012 -1.041 0.377
vertex 3.069 -1.133 0.28
endloop
endfacet
facet normal -0.479 -0.479 0.736
outer loop
vertex 1.257 3.063 0.28
vertex 1.453 2.989 0.359
vertex 1.332 3.184 0.407
endloop
endfacet
facet normal 0 -0.241 0.971
outer loop
vertex 1.453 2.989 0.359
vertex 1.574 3.184 0.407
vertex 1.332 3.184 0.407
endloop
endfacet
facet normal 0 0.241 0.971
outer loop
vertex 1.574 3.184 0.407
vertex 1.453 3.38 0.359
vertex 1.332 3.184 0.407
endloop
endfacet
facet normal -0.479 0.479 0.736
outer loop
vertex 1.453 3.38 0.359
vertex 1.257 3.305 0.28
vertex 1.332 3.184 0.407
endloop
endfacet
facet normal -0.862 0 0.507
outer loop
vertex 1.257 3.305 0.28
vertex 1.257 3.063 0.28
vertex 1.332 3.184 0.407
endloop
endfacet
facet normal 0.479 -0.479 0.736
outer loop
vertex 1.453 2.989 0.359
vertex 1.649 3.063 0.28
vertex 1.574 3.184 0.407
endloop
endfacet
facet normal -0.357 -0.934 0
outer loop
vertex 1.257 3.063 0.28
vertex 1.453 2.989 0.201
vertex 1.453 2.989 0.359
endloop
endfacet
facet normal -0.862 0 -0.507
outer loop
vertex 1.257 3.305 0.28
vertex 1.332 3.184 0.153
vertex 1.257 3.063 0.28
endloop
endfacet
facet normal -0.357 0.934 0
outer loop
vertex 1.453 3.38 0.359
vertex 1.453 3.38 0.201
vertex 1.257 3.305 0.28
endloop
endfacet
facet normal 0.479 0.479 0.736
outer loop
vertex 1.574 3.184 0.407
vertex 1.649 3.305 0.28
vertex 1.453 3.38 0.359
endloop
endfacet
facet normal 0.479 -0.479 -0.736
outer loop
vertex 1.649 3.063 0.28
vertex 1.453 2.989 0.201
vertex 1.574 3.184 0.153
endloop
endfacet
facet normal 0 -0.241 -0.971
outer loop
vertex 1.453 2.989 0.201
vertex 1.332 3.184 0.153
vertex 1.574 3.184 0.153
endloop
endfacet
facet normal 0 0.241 -0.971
outer loop
vertex 1.332 3.184 0.153
vertex 1.453 3.38 0.201
vertex 1.574 3.184 0.153
endloop
endfacet
facet normal 0.479 0.479 -0.736
outer loop
vertex 1.453 3.38 0.201
vertex 1.649 3.305 0.28
vertex 1.574 3.184 0.153
endloop
endfacet
facet normal 0.862 0 -0.507
outer loop
vertex 1.649 3.305 0.28
vertex 1.649 3.063 0.28
vertex 1.574 3.184 0.153
endloop
endfacet
facet normal 0.357 -0.934 0
outer loop
vertex 1.649 3.063 0.28
vertex 1.453 2.989 0.359
vertex 1.453 2.989 0.201
endloop
endfacet
facet normal -0.479 -0.479 -0.736
outer loop
vertex 1.453 2.989 0.201
vertex 1.257 3.063 0.28
vertex 1.332 3.184 0.153
endloop
endfacet
facet normal -0.479 0.479 -0.736
outer loop
vertex 1.332 3.184 0.153
vertex 1.257 3.305 0.28
vertex 1.453 3.38 0.201
endloop
endfacet
facet normal 0.357 0.934 0
outer loop
vertex 1.453 3.38 0.201
vertex 1.453 3.38 0.359
vertex 1.649 3.305 0.28
endloop
endfacet
facet normal 0.862 0 0.507
outer loop
vertex 1.649 3.305 0.28
vertex 1.574 3.184 0.407
vertex 1.649 3.063 0.28
endloop
endfacet
facet normal -0.479 -0.479 0.736
outer loop
vertex -3.499 1.853 0.28
vertex -3.397 1.814 0.321
vertex -3.46 1.916 0.346
endloop
endfacet
facet normal 0 -0.241 0.971
outer loop
vertex -3.397 1.814 0.321
vertex -3.334 1.916 0.346
vertex -3.46 1.916 0.346
endloop
endfacet
facet normal 0 0.241 0.971
outer loop
vertex -3.334 1.916 0.346
vertex -3.397 2.018 0.321
vertex -3.46 1.916 0.346
endloop
endfacet
facet normal -0.479 0.479 0.736
outer loop
vertex -3.397 2.018 0.321
vertex -3.499 1.979 0.28
vertex -3.46 1.916 0.346
endloop
endfacet
facet normal -0.862 0 0.507
outer loop
vertex -3.499 1.979 0.28
vertex -3.499 1.853 0.28
vertex -3.46 1.916 0.346
endloop
endfacet
facet normal 0.479 -0.479 0.736
outer loop
vertex -3.397 1.814 0.321
vertex -3.295 1.853 0.28
vertex -3.334 1.916 0.346
endloop
endfacet
facet normal -0.357 -0.934 0
outer loop
vertex -3.499 1.853 0.28
vertex -3.397 1.814 0.239
vertex -3.397 1.814 0.321
endloop
endfacet
facet normal -0.862 0 -0.507
outer loop
vertex -3.499 1.979 0.28
vertex -3.46 1.916 0.214
vertex -3.499 1.853 0.28
endloop
endfacet
facet normal -0.357 0.934 0
outer loop
vertex -3.397 2.018 0.321
vertex -3.397 2.018 0.239
vertex -3.499 1.979 0.28
endloop
endfacet
facet normal 0.479 0.479 0.736
outer loop
vertex -3.334 1.916 0.346
vertex -3.295 1.979 0.28
vertex -3.397 2.018 0.321
endloop
endfacet
facet normal 0.479 -0.479 -0.736
outer loop
vertex -3.295 1.853 0.28
vertex -3.397 1.814 0.239
vertex -3.334 1.916 0.214
endloop
endfacet
facet normal 0 -0.241 -0.971
outer loop
vertex -3.397 1.814 0.239
vertex -3.46 1.916 0.214
vertex -3.334 1.916 0.214
endloop
endfacet
facet normal 0 0.241 -0.971
outer loop
vertex -3.46 1.916 0.214
vertex -3.397 2.018 0.239
vertex -3.334 1.916 0.214
endloop
endfacet
facet normal 0.479 0.479 -0.736
outer loop
vertex -3.397 2.018 0.239
vertex -3.295 1.979 0.28
vertex -3.334 1.916 0.214
endloop
endfacet
facet normal 0.862 0 -0.507
outer loop
vertex -3.295 1.979 0.28
vertex -3.295 1.853 0.28
vertex -3.334 1.916 0.214
endloop
endfacet
facet normal 0.357 -0.934 0
outer loop
vertex -3.295 1.853 0.28
vertex -3.397 1.814 0.321
vertex -3.397 1.814 0.239
endloop
endfacet
facet normal -0.479 -0.479 -0.736
outer loop
vertex -3.397 1.814 0.239
vertex -3.499 1.853 0.28
vertex -3.46 1.916 0.214
endloop
endfacet
facet normal -0.479 0.479 -0.736
outer loop
vertex -3.46 1.916 0.214
vertex -3.499 1.979 0.28
vertex -3.397 2.018 0.239
endloop
endfacet
facet normal 0.357 0.934 0
outer loop
vertex -3.397 2.018 0.239
vertex -3.397 2.018 0.321
vertex -3.295 1.979 0.28
endloop
endfacet
facet normal 0.862 0 0.507
outer loop
vertex -3.295 1.979 0.28
vertex -3.334 1.916 0.346
vertex -3.295 1.853 0.28
endloop
endfacet
facet normal -0.479 -0.479 0.736
outer loop
vertex -2.574 -3.643 0.28
vertex -2.425 -3.7 0.34
vertex -2.517 -3.551 0.377
endloop
endfacet
facet normal 0 -0.241 0.971
outer loop
vertex -2.425 -3.7 0.34
vertex -2.333 -3.551 0.377
vertex -2.517 -3.551 0.377
endloop
endfacet
facet normal 0 0.241 0.971
outer loop
vertex -2.333 -3.551 0.377
vertex -2.425 -3.402 0.34
vertex -2.517 -3.551 0.377
endloop
endfacet
facet normal -0.479 0.479 0.736
outer loop
vertex -2.425 -3.402 0.34
vertex -2.574 -3.459 0.28
vertex -2.517 -3.551 0.377
endloop
endfacet
facet normal -0.862 0 0.507
outer loop
vertex -2.574 -3.459 0.28
vertex -2.574 -3.643 0.28
vertex -2.517 -3.551 0.377
endloop
endfacet
facet normal 0.479 -0.479 0.736
outer loop
vertex -2.425 -3.7 0.34
vertex -2.277 -3.643 0.28
vertex -2.333 -3.551 0.377
endloop
endfacet
facet normal -0.357 -0.934 0
outer loop
vertex -2.574 -3.643 0.28
vertex -2.425 -3.7 0.22
vertex -2.425 -3.7 0.34
endloop
endfacet
facet normal -0.862 0 -0.507
outer loop
vertex -2.574 -3.459 0.28
vertex -2.517 -3.551 0.183
vertex -2.574 -3.643 0.28
endloop
endfacet
facet normal -0.357 0.934 0
outer loop
vertex -2.425 -3.402 0.34
vertex -2.425 -3.402 0.22
vertex -2.574 -3.459 0.28
endloop
endfacet
facet normal 0.479 0.479 0.736
outer loop
vertex -2.333 -3.551 0.377
vertex -2.277 -3.459 0.28
vertex -2.425 -3.402 0.34
endloop
endfacet
facet normal 0.479 -0.479 -0.736
outer loop
vertex -2.277 -3.643 0.28
vertex -2.425 -3.7 0.22
vertex -2.333 -3.551 0.183
endloop
endfacet
facet normal 0 -0.241 -0.971
outer loop
vertex -2.425 -3.7 0.22
vertex -2.517 -3.551 0.183
vertex -2.333 -3.551 0.183
endloop
endfacet
facet normal 0 0.241 -0.971
outer loop
vertex -2.517 -3.551 0.183
vertex -2.425 -3.402 0.22
vertex -2.333 -3.551 0.183
endloop
endfacet
facet normal 0.479 0.479 -0.736
outer loop
vertex -2.425 -3.402 0.22
vertex -2.277 -3.459 0.28
vertex -2.333 -3.551 0.183
endloop
endfacet
facet normal 0.862 0 -0.507
outer loop
vertex -2.277 -3.459 0.28
vertex -2.277 -3.643 0.28
vertex -2.333 -3.551 0.183
endloop
endfacet
facet normal 0.357 -0.934 0
outer loop
vertex -2.277 -3.643 0.28
vertex -2.425 -3.7 0.34
vertex -2.425 -3.7 0.22
endloop
endfacet
facet normal -0.479 -0.479 -0.736
outer loop
vertex -2.425 -3.7 0.22
vertex -2.574 -3.643 0.28
vertex -2.517 -3.551 0.183
endloop
endfacet
facet normal -0.479 0.479 -0.736
outer loop
vertex -2.517 -3.551 0.183
vertex -2.574 -3.459 0.28
vertex -2.425 -3.402 0.22
endloop
endfacet
facet normal 0.357 0.934 0
outer loop
vertex -2.425 -3.402 0.22
vertex -2.425 -3.402 0.34
vertex -2.277 -3.459 0.28
endloop
endfacet
facet normal 0.862 0 0.507
outer loop
vertex -2.277 -3.459 0.28
vertex -2.333 -3.551 0.377
vertex -2.277 -3.643 0.28
endloop
endfacet
facet normal -0.479 -0.479 0.736
outer loop
vertex 2.205 -2.082 0.28
vertex 2.401 -2.157 0.359
vertex 2.28 -1.961 0.407
endloop
endfacet
facet normal 0 -0.241 0.971
outer loop
vertex 2.401 -2.157 0.359
vertex 2.522 -1.961 0.407
vertex 2.28 -1.961 0.407
endloop
endfacet
facet normal 0 0.241 0.971
outer loop
vertex 2.522 -1.961 0.407
vertex 2.401 -1.765 0.359
vertex 2.28 -1.961 0.407
endloop
endfacet
facet normal -0.479 0.479 0.736
outer loop
vertex 2.401 -1.765 0.359
vertex 2.205 -1.84 0.28
vertex 2.28 -1.961 0.407
endloop
endfacet
facet normal -0.862 0 0.507
outer loop
vertex 2.205 -1.84 0.28
vertex 2.205 -2.082 0.28
vertex 2.28 -1.961 0.407
endloop
endfacet
facet normal 0.479 -0.479 0.736
outer loop
vertex 2.401 -2.157 0.359
vertex 2.597 -2.082 0.28
vertex 2.522 -1.961 0.407
endloop
endfacet
facet normal -0.357 -0.934 0
outer loop
vertex 2.205 -2.082 0.28
vertex 2.401 -2.157 0.201
vertex 2.401 -2.157 0.359
endloop
endfacet
facet normal -0.862 0 -0.507
outer loop
vertex 2.205 -1.84 0.28
vertex 2.28 -1.961 0.153
vertex 2.205 -2.082 0.28
endloop
endfacet
facet normal -0.357 0.934 0
outer loop
vertex 2.401 -1.765 0.359
vertex 2.401 -1.765 0.201
vertex 2.205 -1.84 0.28
endloop
endfacet
facet normal 0.479 0.479 0.736
outer loop
vertex 2.522 -1.961 0.407
vertex 2.597 -1.84 0.28
vertex 2.401 -1.765 0.359
endloop
endfacet
facet normal 0.479 -0.479 -0.736
outer loop
vertex 2.597 -2.082 0.28
vertex 2.401 -2.157 0.201
vertex 2.522 -1.961 0.153
endloop
endfacet
facet normal 0 -0.241 -0.971
outer loop
vertex 2.401 -2.157 0.201
vertex 2.28 -1.961 0.153
vertex 2.522 -1.961 0.153
endloop
endfacet
facet normal 0 0.241 -0.971
outer loop
vertex 2.28 -1.961 0.153
vertex 2.401 -1.765 0.201
vertex 2.522 -1.961 0.153
endloop
endfacet
facet normal 0.479 0.479 -0.736
outer loop
vertex 2.401 -1.765 0.201
vertex 2.597 -1.84 0.28
vertex 2.522 -1.961 0.153
endloop
endfacet
facet normal 0.862 0 -0.507
outer loop
vertex 2.597 -1.84 0.28
vertex 2.597 -2.082 0.28
vertex 2.522 -1.961 0.153
endloop
endfacet
facet normal 0.357 -0.934 0
outer loop
vertex 2.597 -2.082 0.28
vertex 2.401 -2.157 0.359
vertex 2.401 -2.157 0.201
endloop
endfacet
facet normal -0.479 -0.479 -0.736
outer loop
vertex 2.401 -2.157 0.201
vertex 2.205 -2.082 0.28
vertex 2.28 -1.961 0.153
endloop
endfacet
facet normal -0.479 0.479 -0.736
outer loop
vertex 2.28 -1.961 0.153
vertex 2.205 -1.84 0.28
vertex 2.401 -1.765 0.201
endloop
endfacet
facet normal 0.357 0.934 0
outer loop
vertex 2.401 -1.765 0.201
vertex 2.401 -1.765 0.359
vertex 2.597 -1.84 0.28
endloop
endfacet
facet normal 0.862 0 0.507
outer loop
vertex 2.597 -1.84 0.28
vertex 2.522 -1.961 0.407
vertex 2.597 -2.082 0.28
endloop
endfacet
facet normal -0.479 -0.479 0.736
outer loop
vertex 2.336 2.448 0.28
vertex 2.438 2.409 0.321
vertex 2.375 2.511 0.346
endloop
endfacet
facet normal 0 -0.241 0.971
outer loop
vertex 2.438 2.409 0.321
vertex 2.501 2.511 0.346
vertex 2.375 2.511 0.346
endloop
endfacet
facet normal 0 0.241 0.971
outer loop
vertex 2.501 2.511 0.346
vertex 2.438 2.614 0.321
vertex 2.375 2.511 0.346
endloop
endfacet
facet normal -0.479 0.479 0.736
outer loop
vertex 2.438 2.614 0.321
vertex 2.336 2.575 0.28
vertex 2.375 2.511 0.346
endloop
endfacet
facet normal -0.862 0 0.507
outer loop
vertex 2.336 2.575 0.28
vertex 2.336 2.448 0.28
vertex 2.375 2.511 0.346
endloop
endfacet
facet normal 0.479 -0.479 0.736
outer loop
vertex 2.438 2.409 0.321
vertex 2.54 2.448 0.28
vertex 2.501 2.511 0.346
endloop
endfacet
facet normal -0.357 -0.934 0
outer loop
vertex 2.336 2.448 0.28
vertex 2.438 2.409 0.239
vertex 2.438 2.409 0.321
endloop
endfacet
facet normal -0.862 0 -0.507
outer loop
vertex 2.336 2.575 0.28
vertex 2.375 2.511 0.214
vertex 2.336 2.448 0.28
endloop
endfacet
facet normal -0.357 0.934 0
outer loop
vertex 2.438 2.614 0.321
vertex 2.438 2.614 0.239
vertex 2.336 2.575 0.28
endloop
endfacet
facet normal 0.479 0.479 0.736
outer loop
vertex 2.501 2.511 0.346
vertex 2.54 2.575 0.28
vertex 2.438 2.614 0.321
endloop
endfacet
facet normal 0.479 -0.479 -0.736
outer loop
vertex 2.54 2.448 0.28
vertex 2.438 2.409 0.239
vertex 2.501 2.511 0.214
endloop
endfacet
facet normal 0 -0.241 -0.971
outer loop
vertex 2.438 2.409 0.239
vertex 2.375 2.511 0.214
vertex 2.501 2.511 0.214
endloop
endfacet
facet normal 0 0.241 -0.971
outer loop
vertex 2.375 2.511 0.214
vertex 2.438 2.614 0.239
vertex 2.501 2.511 0.214
endloop
endfacet
facet normal 0.479 0.479 -0.736
outer loop
vertex 2.438 2.614 0.239
vertex 2.54 2.575 0.28
vertex 2.501 2.511 0.214
endloop
endfacet
facet normal 0.862 0 -0.507
outer loop
vertex 2.54 2.575 0.28
vertex 2.54 2.448 0.28
vertex 2.501 2.511 0.214
endloop
endfacet
facet normal 0.357 -0.934 0
outer loop
vertex 2.54 2.448 0.28
vertex 2.438 2.409 0.321
vertex 2.438 2.409 0.239
endloop
endfacet
facet normal -0.479 -0.479 -0.736
outer loop
vertex 2.438 2.409 0.239
vertex 2.336 2.448 0.28
vertex 2.375 2.511 0.214
endloop
endfacet
facet normal -0.479 0.479 -0.736
outer loop
vertex 2.375 2.511 0.214
vertex 2.336 2.575 0.28
vertex 2.438 2.614 0.239
endloop
endfacet
facet normal 0.357 0.934 0
outer loop
vertex 2.438 2.614 0.239
vertex 2.438 2.614 0.321
vertex 2.54 2.575 0.28
endloop
endfacet
facet normal 0.862 0 0.507
outer loop
vertex 2.54 2.575 0.28
vertex 2.501 2.511 0.346
vertex 2.54 2.448 0.28
endloop
endfacet
facet normal -0.479 -0.479 0.736
outer loop
vertex -2.705 2.854 0.28
vertex -2.556 2.797 0.34
vertex -2.648 2.946 0.377
endloop
endfacet
facet normal 0 -0.241 0.971
outer loop
vertex -2.556 2.797 0.34
vertex -2.464 2.946 0.377
vertex -2.648 2.946 0.377
endloop
endfacet
facet normal 0 0.241 0.971
outer loop
vertex -2.464 2.946 0.377
vertex -2.556 3.095 0.34
vertex -2.648 2.946 0.377
endloop
endfacet
facet normal -0.479 0.479 0.736
outer loop
vertex -2.556 3.095 0.34
vertex -2.705 3.038 0.28
vertex -2.648 2.946 0.377
endloop
endfacet
facet normal -0.862 0 0.507
outer loop
vertex -2.705 3.038 0.28
vertex -2.705 2.854 0.28
vertex -2.648 2.946 0.377
endloop
endfacet
facet normal 0.479 -0.479 0.736
outer loop
vertex -2.556 2.797 0.34
vertex -2.407 2.854 0.28
vertex -2.464 2.946 0.377
endloop
endfacet
facet normal -0.357 -0.934 0
outer loop
vertex -2.705 2.854 0.28
vertex -2.556 2.797 0.22
vertex -2.556 2.797 0.34
endloop
endfacet
facet normal -0.862 0 -0.507
outer loop
vertex -2.705 3.038 0.28
vertex -2.648 2.946 0.183
vertex -2.705 2.854 0.28
endloop
endfacet
facet normal -0.357 0.934 0
outer loop
vertex -2.556 3.095 0.34
vertex -2.556 3.095 0.22
vertex -2.705 3.038 0.28
endloop
endfacet
facet normal 0.479 0.479 0.736
outer loop
vertex -2.464 2.946 0.377
vertex -2.407 3.038 0.28
vertex -2.556 3.095 0.34
endloop
endfacet
facet normal 0.479 -0.479 -0.736
outer loop
vertex -2.407 2.854 0.28
vertex -2.556 2.797 0.22
vertex -2.464 2.946 0.183
endloop
endfacet
facet normal 0 -0.241 -0.971
outer loop
vertex -2.556 2.797 0.22
vertex -2.648 2.946 0.183
vertex -2.464 2.946 0.183
endloop
endfacet
facet normal 0 0.241 -0.971
outer loop
vertex -2.648 2.946 0.183
vertex -2.556 3.095 0.22
vertex -2.464 2.946 0.183
endloop
endfacet
facet normal 0.479 0.479 -0.736
outer loop
vertex -2.556 3.095 0.22
vertex -2.407 3.038 0.28
vertex -2.464 2.946 0.183
endloop
endfacet
facet normal 0.862 0 -0.507
outer loop
vertex -2.407 3.038 0.28
vertex -2.407 2.854 0.28
vertex -2.464 2.946 0.183
endloop
endfacet
facet normal 0.357 -0.934 0
outer loop
vertex -2.407 2.854 0.28
vertex -2.556 2.797 0.34
vertex -2.556 2.797 0.22
endloop
endfacet
facet normal -0.479 -0.479 -0.736
outer loop
vertex -2.556 2.797 0.22
vertex -2.705 2.854 0.28
vertex -2.648 2.946 0.183
endloop
endfacet
facet normal -0.479 0.479 -0.736
outer loop
vertex -2.648 2.946 0.183
vertex -2.705 3.038 0.28
vertex -2.556 3.095 0.22
endloop
endfacet
facet normal 0.357 0.934 0
outer loop
vertex -2.556 3.095 0.22
vertex -2.556 3.095 0.34
vertex -2.407 3.038 0.28
endloop
endfacet
facet normal 0.862 0 0.507
outer loop
vertex -2.407 3.038 0.28
vertex -2.464 2.946 0.377
vertex -2.407 2.854 0.28
endloop
endfacet
facet normal -0.479 -0.479 0.736
outer loop
vertex -3.673 -2.651 0.28
vertex -3.477 -2.726 0.359
vertex -3.598 -2.53 0.407
endloop
endfacet
facet normal 0 -0.241 0.971
outer loop
vertex -3.477 -2.726 0.359
vertex -3.356 -2.53 0.407
vertex -3.598 -2.53 0.407
endloop
endfacet
facet normal 0 0.241 0.971
outer loop
vertex -3.356 -2.53 0.407
vertex -3.477 -2.334 0.359
vertex -3.598 -2.53 0.407
endloop
endfacet
facet normal -0.479 0.479 0.736
outer loop
vertex -3.477 -2.334 0.359
vertex -3.673 -2.409 0.28
vertex -3.598 -2.53 0.407
endloop
endfacet
facet normal -0.862 0 0.507
outer loop
vertex -3.673 -2.409 0.28
vertex -3.673 -2.651 0.28
vertex -3.598 -2.53 0.407
endloop
endfacet
facet normal 0.479 -0.479 0.736
outer loop
vertex -3.477 -2.726 0.359
vertex -3.281 -2.651 0.28
vertex -3.356 -2.53 0.407
endloop
endfacet
facet normal -0.357 -0.934 0
outer loop
vertex -3.673 -2.651 0.28
vertex -3.477 -2.726 0.201
vertex -3.477 -2.726 0.359
endloop
endfacet
facet normal -0.862 0 -0.507
outer loop
vertex -3.673 -2.409 0.28
vertex -3.598 -2.53 0.153
vertex -3.673 -2.651 0.28
endloop
endfacet
facet normal -0.357 0.934 0
outer loop
vertex -3.477 -2.334 0.359
vertex -3.477 -2.334 0.201
vertex -3.673 -2.409 0.28
endloop
endfacet
facet normal 0.479 0.479 0.736
outer loop
vertex -3.356 -2.53 0.407
vertex -3.281 -2.409 0.28
vertex -3.477 -2.334 0.359
endloop
endfacet
facet normal 0.479 -0.479 -0.736
outer loop
vertex -3.281 -2.651 0.28
vertex -3.477 -2.726 0.201
vertex -3.356 -2.53 0.153
endloop
endfacet
facet normal 0 -0.241 -0.971
outer loop
vertex -3.477 -2.726 0.201
vertex -3.598 -2.53 0.153
vertex -3.356 -2.53 0.153
endloop
endfacet
facet normal 0 0.241 -0.971
outer loop
vertex -3.598 -2.53 0.153
vertex -3.477 -2.334 0.201
vertex -3.356 -2.53 0.153
endloop
endfacet
facet normal 0.479 0.479 -0.736
outer loop
vertex -3.477 -2.334 0.201
vertex -3.281 -2.409 0.28
vertex -3.356 -2.53 0.153
endloop
endfacet
facet normal 0.862 0 -0.507
outer loop
vertex -3.281 -2.409 0.28
vertex -3.281 -2.651 0.28
vertex -3.356 -2.53 0.153
endloop
endfacet
facet normal 0.357 -0.934 0
outer loop
vertex -3.281 -2.651 0.28
vertex -3.477 -2.726 0.359
vertex -3.477 -2.726 0.201
endloop
endfacet
facet normal -0.479 -0.479 -0.736
outer loop
vertex -3.477 -2.726 0.201
vertex -3.673 -2.651 0.28
vertex -3.598 -2.53 0.153
endloop
endfacet
facet normal -0.479 0.479 -0.736
outer loop
vertex -3.598 -2.53 0.153
vertex -3.673 -2.409 0.28
vertex -3.477 -2.334 0.201
endloop
endfacet
facet normal 0.357 0.934 0
outer loop
vertex -3.477 -2.334 0.201
vertex -3.477 -2.334 0.359
vertex -3.281 -2.409 0.28
endloop
endfacet
facet normal 0.862 0 0.507
outer loop
vertex -3.281 -2.409 0.28
vertex -3.356 -2.53 0.407
vertex -3.281 -2.651 0.28
endloop
endfacet
facet normal 0.431 -0.746 0.507
outer loop
vertex 2.8 -0.55 0.525
vertex 2.8 -0.72 0.275
vertex 3.623 -0.075 0.525
endloop
endfacet
facet normal 0.431 -0.746 0.507
outer loop
vertex 2.8 -0.72 0.275
vertex 3.77 -0.16 0.275
vertex 3.623 -0.075 0.525
endloop
endfacet
facet normal 0.862 0 0.507
outer loop
vertex 3.623 -0.075 0.525
vertex 3.77 -0.16 0.275
vertex 3.623 0.875 0.525
endloop
endfacet
facet normal 0.862 0 0.507
outer loop
vertex 3.77 -0.16 0.275
vertex 3.77 0.96 0.275
vertex 3.623 0.875 0.525
endloop
endfacet
facet normal 0.431 0.746 0.507
outer loop
vertex 3.623 0.875 0.525
vertex 3.77 0.96 0.275
vertex 2.8 1.35 0.525
endloop
endfacet
facet normal 0.431 0.746 0.507
outer loop
vertex 3.77 0.96 0.275
vertex 2.8 1.52 0.275
vertex 2.8 1.35 0.525
endloop
endfacet
facet normal -0.431 0.746 0.507
outer loop
vertex 2.8 1.35 0.525
vertex 2.8 1.52 0.275
vertex 1.977 0.875 0.525
endloop
endfacet
facet normal -0.431 0.746 0.507
outer loop
vertex 2.8 1.52 0.275
vertex 1.83 0.96 0.275
vertex 1.977 0.875 0.525
endloop
endfacet
facet normal -0.862 0 0.507
outer loop
vertex 1.977 0.875 0.525
vertex 1.83 0.96 0.275
vertex 1.977 -0.075 0.525
endloop
endfacet
facet normal -0.862 0 0.507
outer loop
vertex 1.83 0.96 0.275
vertex 1.83 -0.16 0.275
vertex 1.977 -0.075 0.525
endloop
endfacet
facet normal -0.431 -0.746 0.507
outer loop
vertex 1.977 -0.075 0.525
vertex 1.83 -0.16 0.275
vertex 2.8 -0.55 0.525
endloop
endfacet
facet normal -0.431 -0.746 0.507
outer loop
vertex 1.83 -0.16 0.275
vertex 2.8 -0.72 0.275
vertex 2.8 -0.55 0.525
endloop
endfacet
facet normal 0 0 1
outer loop
vertex 2.8 -0.55 0.525
vertex 3.623 -0.075 0.525
vertex 2.8 0.4 0.525
endloop
endfacet
facet normal 0 0 1
outer loop
vertex 3.623 -0.075 0.525
vertex 3.623 0.875 0.525
vertex 2.8 0.4 0.525
endloop
endfacet
facet normal 0 0 1
outer loop
vertex 3.623 0.875 0.525
vertex 2.8 1.35 0.525
vertex 2.8 0.4 0.525
endloop
endfacet
facet normal 0 0 1
outer loop
vertex 2.8 1.35 0.525
vertex 1.977 0.875 0.525
vertex 2.8 0.4 0.525
endloop
endfacet
facet normal 0 0 1
outer loop
vertex 1.977 0.875 0.525
vertex 1.977 -0.075 0.525
vertex 2.8 0.4 0.525
endloop
endfacet
facet normal 0 0 1
outer loop
vertex 1.977 -0.075 0.525
vertex 2.8 -0.55 0.525
vertex 2.8 0.4 0.525
endloop
endfacet
facet normal 0 0 -1
outer loop
vertex 3.77 -0.16 0.275
vertex 2.8 -0.72 0.275
vertex 2.8 0.4 0.275
endloop
endfacet
facet normal 0 0 -1
outer loop
vertex 3.77 0.96 0.275
vertex 3.77 -0.16 0.275
vertex 2.8 0.4 0.275
endloop
endfacet
facet normal 0 0 -1
outer loop
vertex 2.8 1.52 0.275
vertex 3.77 0.96 0.275
vertex 2.8 0.4 0.275
endloop
endfacet
facet normal 0 0 -1
outer loop
vertex 1.83 0.96 0.275
vertex 2.8 1.52 0.275
vertex 2.8 0.4 0.275
endloop
endfacet
facet normal 0 0 -1
outer loop
vertex 1.83 -0.16 0.275
vertex 1.83 0.96 0.275
vertex 2.8 0.4 0.275
endloop
endfacet
facet normal 0 0 -1
outer loop
vertex 2.8 -0.72 0.275
vertex 1.83 -0.16 0.275
vertex 2.8 0.4 0.275
endloop
endfacet
facet normal 0.389 -0.674 0.629
outer loop
vertex 2.8 -0.36 0.675
vertex 2.8 -0.5 0.525
vertex 3.458 0.02 0.675
endloop
endfacet
facet normal 0.389 -0.674 0.629
outer loop
vertex 2.8 -0.5 0.525
vertex 3.579 -0.05 0.525
vertex 3.458 0.02 0.675
endloop
endfacet
facet normal 0.778 0 0.629
outer loop
vertex 3.458 0.02 0.675
vertex 3.579 -0.05 0.525
vertex 3.458 0.78 0.675
endloop
endfacet
facet normal 0.778 0 0.629
outer loop
vertex 3.579 -0.05 0.525
vertex 3.579 0.85 0.525
vertex 3.458 0.78 0.675
endloop
endfacet
facet normal 0.389 0.674 0.629
outer loop
vertex 3.458 0.78 0.675
vertex 3.579 0.85 0.525
vertex 2.8 1.16 0.675
endloop
endfacet
facet normal 0.389 0.674 0.629
outer loop
vertex 3.579 0.85 0.525
vertex 2.8 1.3 0.525
vertex 2.8 1.16 0.675
endloop
endfacet
facet normal -0.389 0.674 0.629
outer loop
vertex 2.8 1.16 0.675
vertex 2.8 1.3 0.525
vertex 2.142 0.78 0.675
endloop
endfacet
facet normal -0.389 0.674 0.629
outer loop
vertex 2.8 1.3 0.525
vertex 2.021 0.85 0.525
vertex 2.142 0.78 0.675
endloop
endfacet
facet normal -0.778 0 0.629
outer loop
vertex 2.142 0.78 0.675
vertex 2.021 0.85 0.525
vertex 2.142 0.02 0.675
endloop
endfacet
facet normal -0.778 0 0.629
outer loop
vertex 2.021 0.85 0.525
vertex 2.021 -0.05 0.525
vertex 2.142 0.02 0.675
endloop
endfacet
facet normal -0.389 -0.674 0.629
outer loop
vertex 2.142 0.02 0.675
vertex 2.021 -0.05 0.525
vertex 2.8 -0.36 0.675
endloop
endfacet
facet normal -0.389 -0.674 0.629
outer loop
vertex 2.021 -0.05 0.525
vertex 2.8 -0.5 0.525
vertex 2.8 -0.36 0.675
endloop
endfacet
facet normal 0 0 1
outer loop
vertex 2.8 -0.36 0.675
vertex 3.458 0.02 0.675
vertex 2.8 0.4 0.675
endloop
endfacet
facet normal 0 0 1
outer loop
vertex 3.458 0.02 0.675
vertex 3.458 0.78 0.675
vertex 2.8 0.4 0.675
endloop
endfacet
facet normal 0 0 1
outer loop
vertex 3.458 0.78 0.675
vertex 2.8 1.16 0.675
vertex 2.8 0.4 0.675
endloop
endfacet
facet normal 0 0 1
outer loop
vertex 2.8 1.16 0.675
vertex 2.142 0.78 0.675
vertex 2.8 0.4 0.675
endloop
endfacet
facet normal 0 0 1
outer loop
vertex 2.142 0.78 0.675
vertex 2.142 0.02 0.675
vertex 2.8 0.4 0.675
endloop
endfacet
facet normal 0 0 1
outer loop
vertex 2.142 0.02 0.675
vertex 2.8 -0.36 0.675
vertex 2.8 0.4 0.675
endloop
endfacet
facet normal 0 0 -1
outer loop
vertex 3.579 -0.05 0.525
vertex 2.8 -0.5 0.525
vertex 2.8 0.4 0.525
endloop
endfacet
facet normal 0 0 -1
outer loop
vertex 3.579 0.85 0.525
vertex 3.579 -0.05 0.525
vertex 2.8 0.4 0.525
endloop
endfacet
facet normal 0 0 -1
outer loop
vertex 2.8 1.3 0.525
vertex 3.579 0.85 0.525
vertex 2.8 0.4 0.525
endloop
endfacet
facet normal 0 0 -1
outer loop
vertex 2.021 0.85 0.525
vertex 2.8 1.3 0.525
vertex 2.8 0.4 0.525
endloop
endfacet
facet normal 0 0 -1
outer loop
vertex 2.021 -0.05 0.525
vertex 2.021 0.85 0.525
vertex 2.8 0.4 0.525
endloop
endfacet
facet normal 0 0 -1
outer loop
vertex 2.8 -0.5 0.525
vertex 2.021 -0.05 0.525
vertex 2.8 0.4 0.525
endloop
endfacet
facet normal 0.7 -0.7 0.139
outer loop
vertex 3.73 0.3 1.9
vertex 3.83 0.4 1.9
vertex 3.659 0.3 2.256
endloop
endfacet
facet normal 0.7 -0.7 0.139
outer loop
vertex 3.83 0.4 1.9
vertex 3.752 0.4 2.294
vertex 3.659 0.3 2.256
endloop
endfacet
facet normal 0.594 -0.7 0.397
outer loop
vertex 3.659 0.3 2.256
vertex 3.752 0.4 2.294
vertex 3.458 0.3 2.558
endloop
endfacet
facet normal 0.594 -0.7 0.397
outer loop
vertex 3.752 0.4 2.294
vertex 3.528 0.4 2.628
vertex 3.458 0.3 2.558
endloop
endfacet
facet normal 0.397 -0.7 0.594
outer loop
vertex 3.458 0.3 2.558
vertex 3.528 0.4 2.628
vertex 3.156 0.3 2.759
endloop
endfacet
facet normal 0.397 -0.7 0.594
outer loop
vertex 3.528 0.4 2.628
vertex 3.194 0.4 2.852
vertex 3.156 0.3 2.759
endloop
endfacet
facet normal 0.139 -0.7 0.7
outer loop
vertex 3.156 0.3 2.759
vertex 3.194 0.4 2.852
vertex 2.8 0.3 2.83
endloop
endfacet
facet normal 0.139 -0.7 0.7
outer loop
vertex 3.194 0.4 2.852
vertex 2.8 0.4 2.93
vertex 2.8 0.3 2.83
endloop
endfacet
facet normal -0.139 -0.7 0.7
outer loop
vertex 2.8 0.3 2.83
vertex 2.8 0.4 2.93
vertex 2.444 0.3 2.759
endloop
endfacet
facet normal -0.139 -0.7 0.7
outer loop
vertex 2.8 0.4 2.93
vertex 2.406 0.4 2.852
vertex 2.444 0.3 2.759
endloop
endfacet
facet normal -0.397 -0.7 0.594
outer loop
vertex 2.444 0.3 2.759
vertex 2.406 0.4 2.852
vertex 2.142 0.3 2.558
endloop
endfacet
facet normal -0.397 -0.7 0.594
outer loop
vertex 2.406 0.4 2.852
vertex 2.072 0.4 2.628
vertex 2.142 0.3 2.558
endloop
endfacet
facet normal -0.594 -0.7 0.397
outer loop
vertex 2.142 0.3 2.558
vertex 2.072 0.4 2.628
vertex 1.941 0.3 2.256
endloop
endfacet
facet normal -0.594 -0.7 0.397
outer loop
vertex 2.072 0.4 2.628
vertex 1.848 0.4 2.294
vertex 1.941 0.3 2.256
endloop
endfacet
facet normal -0.7 -0.7 0.139
outer loop
vertex 1.941 0.3 2.256
vertex 1.848 0.4 2.294
vertex 1.87 0.3 1.9
endloop
endfacet
facet normal -0.7 -0.7 0.139
outer loop
vertex 1.848 0.4 2.294
vertex 1.77 0.4 1.9
vertex 1.87 0.3 1.9
endloop
endfacet
facet normal -0.7 -0.7 -0.139
outer loop
vertex 1.87 0.3 1.9
vertex 1.77 0.4 1.9
vertex 1.941 0.3 1.544
endloop
endfacet
facet normal -0.7 -0.7 -0.139
outer loop
vertex 1.77 0.4 1.9
vertex 1.848 0.4 1.506
vertex 1.941 0.3 1.544
endloop
endfacet
facet normal -0.594 -0.7 -0.397
outer loop
vertex 1.941 0.3 1.544
vertex 1.848 0.4 1.506
vertex 2.142 0.3 1.242
endloop
endfacet
facet normal -0.594 -0.7 -0.397
outer loop
vertex 1.848 0.4 1.506
vertex 2.072 0.4 1.172
vertex 2.142 0.3 1.242
endloop
endfacet
facet normal -0.397 -0.7 -0.594
outer loop
vertex 2.142 0.3 1.242
vertex 2.072 0.4 1.172
vertex 2.444 0.3 1.041
endloop
endfacet
facet normal -0.397 -0.7 -0.594
outer loop
vertex 2.072 0.4 1.172
vertex 2.406 0.4 0.948
vertex 2.444 0.3 1.041
endloop
endfacet
facet normal -0.139 -0.7 -0.7
outer loop
vertex 2.444 0.3 1.041
vertex 2.406 0.4 0.948
vertex 2.8 0.3 0.97
endloop
endfacet
facet normal -0.139 -0.7 -0.7
outer loop
vertex 2.406 0.4 0.948
vertex 2.8 0.4 0.87
vertex 2.8 0.3 0.97
endloop
endfacet
facet normal 0.139 -0.7 -0.7
outer loop
vertex 2.8 0.3 0.97
vertex 2.8 0.4 0.87
vertex 3.156 0.3 1.041
endloop
endfacet
facet normal 0.139 -0.7 -0.7
outer loop
vertex 2.8 0.4 0.87
vertex 3.194 0.4 0.948
vertex 3.156 0.3 1.041
endloop
endfacet
facet normal 0.397 -0.7 -0.594
outer loop
vertex 3.156 0.3 1.041
vertex 3.194 0.4 0.948
vertex 3.458 0.3 1.242
endloop
endfacet
facet normal 0.397 -0.7 -0.594
outer loop
vertex 3.194 0.4 0.948
vertex 3.528 0.4 1.172
vertex 3.458 0.3 1.242
endloop
endfacet
facet normal 0.594 -0.7 -0.397
outer loop
vertex 3.458 0.3 1.242
vertex 3.528 0.4 1.172
vertex 3.659 0.3 1.544
endloop
endfacet
facet normal 0.594 -0.7 -0.397
outer loop
vertex 3.528 0.4 1.172
vertex 3.752 0.4 1.506
vertex 3.659 0.3 1.544
endloop
endfacet
facet normal 0.7 -0.7 -0.139
outer loop
vertex 3.659 0.3 1.544
vertex 3.752 0.4 1.506
vertex 3.73 0.3 1.9
endloop
endfacet
facet normal 0.7 -0.7 -0.139
outer loop
vertex 3.752 0.4 1.506
vertex 3.83 0.4 1.9
vertex 3.73 0.3 1.9
endloop
endfacet
facet normal -0.7 -0.7 -0.139
outer loop
vertex 3.63 0.4 1.9
vertex 3.73 0.3 1.9
vertex 3.567 0.4 2.218
endloop
endfacet
facet normal -0.7 -0.7 -0.139
outer loop
vertex 3.73 0.3 1.9
vertex 3.659 0.3 2.256
vertex 3.567 0.4 2.218
endloop
endfacet
facet normal -0.594 -0.7 -0.397
outer loop
vertex 3.567 0.4 2.218
vertex 3.659 0.3 2.256
vertex 3.387 0.4 2.487
endloop
endfacet
facet normal -0.594 -0.7 -0.397
outer loop
vertex 3.659 0.3 2.256
vertex 3.458 0.3 2.558
vertex 3.387 0.4 2.487
endloop
endfacet
facet normal -0.397 -0.7 -0.594
outer loop
vertex 3.387 0.4 2.487
vertex 3.458 0.3 2.558
vertex 3.118 0.4 2.667
endloop
endfacet
facet normal -0.397 -0.7 -0.594
outer loop
vertex 3.458 0.3 2.558
vertex 3.156 0.3 2.759
vertex 3.118 0.4 2.667
endloop
endfacet
facet normal -0.139 -0.7 -0.7
outer loop
vertex 3.118 0.4 2.667
vertex 3.156 0.3 2.759
vertex 2.8 0.4 2.73
endloop
endfacet
facet normal -0.139 -0.7 -0.7
outer loop
vertex 3.156 0.3 2.759
vertex 2.8 0.3 2.83
vertex 2.8 0.4 2.73
endloop
endfacet
facet normal 0.139 -0.7 -0.7
outer loop
vertex 2.8 0.4 2.73
vertex 2.8 0.3 2.83
vertex 2.482 0.4 2.667
endloop
endfacet
facet normal 0.139 -0.7 -0.7
outer loop
vertex 2.8 0.3 2.83
vertex 2.444 0.3 2.759
vertex 2.482 0.4 2.667
endloop
endfacet
facet normal 0.397 -0.7 -0.594
outer loop
vertex 2.482 0.4 2.667
vertex 2.444 0.3 2.759
vertex 2.213 0.4 2.487
endloop
endfacet
facet normal 0.397 -0.7 -0.594
outer loop
vertex 2.444 0.3 2.759
vertex 2.142 0.3 2.558
vertex 2.213 0.4 2.487
endloop
endfacet
facet normal 0.594 -0.7 -0.397
outer loop
vertex 2.213 0.4 2.487
vertex 2.142 0.3 2.558
vertex 2.033 0.4 2.218
endloop
endfacet
facet normal 0.594 -0.7 -0.397
outer loop
vertex 2.142 0.3 2.558
vertex 1.941 0.3 2.256
vertex 2.033 0.4 2.218
endloop
endfacet
facet normal 0.7 -0.7 -0.139
outer loop
vertex 2.033 0.4 2.218
vertex 1.941 0.3 2.256
vertex 1.97 0.4 1.9
endloop
endfacet
facet normal 0.7 -0.7 -0.139
outer loop
vertex 1.941 0.3 2.256
vertex 1.87 0.3 1.9
vertex 1.97 0.4 1.9
endloop
endfacet
facet normal 0.7 -0.7 0.139
outer loop
vertex 1.97 0.4 1.9
vertex 1.87 0.3 1.9
vertex 2.033 0.4 1.582
endloop
endfacet
facet normal 0.7 -0.7 0.139
outer loop
vertex 1.87 0.3 1.9
vertex 1.941 0.3 1.544
vertex 2.033 0.4 1.582
endloop
endfacet
facet normal 0.594 -0.7 0.397
outer loop
vertex 2.033 0.4 1.582
vertex 1.941 0.3 1.544
vertex 2.213 0.4 1.313
endloop
endfacet
facet normal 0.594 -0.7 0.397
outer loop
vertex 1.941 0.3 1.544
vertex 2.142 0.3 1.242
vertex 2.213 0.4 1.313
endloop
endfacet
facet normal 0.397 -0.7 0.594
outer loop
vertex 2.213 0.4 1.313
vertex 2.142 0.3 1.242
vertex 2.482 0.4 1.133
endloop
endfacet
facet normal 0.397 -0.7 0.594
outer loop
vertex 2.142 0.3 1.242
vertex 2.444 0.3 1.041
vertex 2.482 0.4 1.133
endloop
endfacet
facet normal 0.139 -0.7 0.7
outer loop
vertex 2.482 0.4 1.133
vertex 2.444 0.3 1.041
vertex 2.8 0.4 1.07
endloop
endfacet
facet normal 0.139 -0.7 0.7
outer loop
vertex 2.444 0.3 1.041
vertex 2.8 0.3 0.97
vertex 2.8 0.4 1.07
endloop
endfacet
facet normal -0.139 -0.7 0.7
outer loop
vertex 2.8 0.4 1.07
vertex 2.8 0.3 0.97
vertex 3.118 0.4 1.133
endloop
endfacet
facet normal -0.139 -0.7 0.7
outer loop
vertex 2.8 0.3 0.97
vertex 3.156 0.3 1.041
vertex 3.118 0.4 1.133
endloop
endfacet
facet normal -0.397 -0.7 0.594
outer loop
vertex 3.118 0.4 1.133
vertex 3.156 0.3 1.041
vertex 3.387 0.4 1.313
endloop
endfacet
facet normal -0.397 -0.7 0.594
outer loop
vertex 3.156 0.3 1.041
vertex 3.458 0.3 1.242
vertex 3.387 0.4 1.313
endloop
endfacet
facet normal -0.594 -0.7 0.397
outer loop
vertex 3.387 0.4 1.313
vertex 3.458 0.3 1.242
vertex 3.567 0.4 1.582
endloop
endfacet
facet normal -0.594 -0.7 0.397
outer loop
vertex 3.458 0.3 1.242
vertex 3.659 0.3 1.544
vertex 3.567 0.4 1.582
endloop
endfacet
facet normal -0.7 -0.7 0.139
outer loop
vertex 3.567 0.4 1.582
vertex 3.659 0.3 1.544
vertex 3.63 0.4 1.9
endloop
endfacet
facet normal -0.7 -0.7 0.139
outer loop
vertex 3.659 0.3 1.544
vertex 3.73 0.3 1.9
vertex 3.63 0.4 1.9
endloop
endfacet
facet normal -0.7 0.7 -0.139
outer loop
vertex 3.73 0.5 1.9
vertex 3.63 0.4 1.9
vertex 3.659 0.5 2.256
endloop
endfacet
facet normal -0.7 0.7 -0.139
outer loop
vertex 3.63 0.4 1.9
vertex 3.567 0.4 2.218
vertex 3.659 0.5 2.256
endloop
endfacet
facet normal -0.594 0.7 -0.397
outer loop
vertex 3.659 0.5 2.256
vertex 3.567 0.4 2.218
vertex 3.458 0.5 2.558
endloop
endfacet
facet normal -0.594 0.7 -0.397
outer loop
vertex 3.567 0.4 2.218
vertex 3.387 0.4 2.487
vertex 3.458 0.5 2.558
endloop
endfacet
facet normal -0.397 0.7 -0.594
outer loop
vertex 3.458 0.5 2.558
vertex 3.387 0.4 2.487
vertex 3.156 0.5 2.759
endloop
endfacet
facet normal -0.397 0.7 -0.594
outer loop
vertex 3.387 0.4 2.487
vertex 3.118 0.4 2.667
vertex 3.156 0.5 2.759
endloop
endfacet
facet normal -0.139 0.7 -0.7
outer loop
vertex 3.156 0.5 2.759
vertex 3.118 0.4 2.667
vertex 2.8 0.5 2.83
endloop
endfacet
facet normal -0.139 0.7 -0.7
outer loop
vertex 3.118 0.4 2.667
vertex 2.8 0.4 2.73
vertex 2.8 0.5 2.83
endloop
endfacet
facet normal 0.139 0.7 -0.7
outer loop
vertex 2.8 0.5 2.83
vertex 2.8 0.4 2.73
vertex 2.444 0.5 2.759
endloop
endfacet
facet normal 0.139 0.7 -0.7
outer loop
vertex 2.8 0.4 2.73
vertex 2.482 0.4 2.667
vertex 2.444 0.5 2.759
endloop
endfacet
facet normal 0.397 0.7 -0.594
outer loop
vertex 2.444 0.5 2.759
vertex 2.482 0.4 2.667
vertex 2.142 0.5 2.558
endloop
endfacet
facet normal 0.397 0.7 -0.594
outer loop
vertex 2.482 0.4 2.667
vertex 2.213 0.4 2.487
vertex 2.142 0.5 2.558
endloop
endfacet
facet normal 0.594 0.7 -0.397
outer loop
vertex 2.142 0.5 2.558
vertex 2.213 0.4 2.487
vertex 1.941 0.5 2.256
endloop
endfacet
facet normal 0.594 0.7 -0.397
outer loop
vertex 2.213 0.4 2.487
vertex 2.033 0.4 2.218
vertex 1.941 0.5 2.256
endloop
endfacet
facet normal 0.7 0.7 -0.139
outer loop
vertex 1.941 0.5 2.256
vertex 2.033 0.4 2.218
vertex 1.87 0.5 1.9
endloop
endfacet
facet normal 0.7 0.7 -0.139
outer loop
vertex 2.033 0.4 2.218
vertex 1.97 0.4 1.9
vertex 1.87 0.5 1.9
endloop
endfacet
facet normal 0.7 0.7 0.139
outer loop
vertex 1.87 0.5 1.9
vertex 1.97 0.4 1.9
vertex 1.941 0.5 1.544
endloop
endfacet
facet normal 0.7 0.7 0.139
outer loop
vertex 1.97 0.4 1.9
vertex 2.033 0.4 1.582
vertex 1.941 0.5 1.544
endloop
endfacet
facet normal 0.594 0.7 0.397
outer loop
vertex 1.941 0.5 1.544
vertex 2.033 0.4 1.582
vertex 2.142 0.5 1.242
endloop
endfacet
facet normal 0.594 0.7 0.397
outer loop
vertex 2.033 0.4 1.582
vertex 2.213 0.4 1.313
vertex 2.142 0.5 1.242
endloop
endfacet
facet normal 0.397 0.7 0.594
outer loop
vertex 2.142 0.5 1.242
vertex 2.213 0.4 1.313
vertex 2.444 0.5 1.041
endloop
endfacet
facet normal 0.397 0.7 0.594
outer loop
vertex 2.213 0.4 1.313
vertex 2.482 0.4 1.133
vertex 2.444 0.5 1.041
endloop
endfacet
facet normal 0.139 0.7 0.7
outer loop
vertex 2.444 0.5 1.041
vertex 2.482 0.4 1.133
vertex 2.8 0.5 0.97
endloop
endfacet
facet normal 0.139 0.7 0.7
outer loop
vertex 2.482 0.4 1.133
vertex 2.8 0.4 1.07
vertex 2.8 0.5 0.97
endloop
endfacet
facet normal -0.139 0.7 0.7
outer loop
vertex 2.8 0.5 0.97
vertex 2.8 0.4 1.07
vertex 3.156 0.5 1.041
endloop
endfacet
facet normal -0.139 0.7 0.7
outer loop
vertex 2.8 0.4 1.07
vertex 3.118 0.4 1.133
vertex 3.156 0.5 1.041
endloop
endfacet
facet normal -0.397 0.7 0.594
outer loop
vertex 3.156 0.5 1.041
vertex 3.118 0.4 1.133
vertex 3.458 0.5 1.242
endloop
endfacet
facet normal -0.397 0.7 0.594
outer loop
vertex 3.118 0.4 1.133
vertex 3.387 0.4 1.313
vertex 3.458 0.5 1.242
endloop
endfacet
facet normal -0.594 0.7 0.397
outer loop
vertex 3.458 0.5 1.242
vertex 3.387 0.4 1.313
vertex 3.659 0.5 1.544
endloop
endfacet
facet normal -0.594 0.7 0.397
outer loop
vertex 3.387 0.4 1.313
vertex 3.567 0.4 1.582
vertex 3.659 0.5 1.544
endloop
endfacet
facet normal -0.7 0.7 0.139
outer loop
vertex 3.659 0.5 1.544
vertex 3.567 0.4 1.582
vertex 3.73 0.5 1.9
endloop
endfacet
facet normal -0.7 0.7 0.139
outer loop
vertex 3.567 0.4 1.582
vertex 3.63 0.4 1.9
vertex 3.73 0.5 1.9
endloop
endfacet
facet normal 0.7 0.7 0.139
outer loop
vertex 3.83 0.4 1.9
vertex 3.73 0.5 1.9
vertex 3.752 0.4 2.294
endloop
endfacet
facet normal 0.7 0.7 0.139
outer loop
vertex 3.73 0.5 1.9
vertex 3.659 0.5 2.256
vertex 3.752 0.4 2.294
endloop
endfacet
facet normal 0.594 0.7 0.397
outer loop
vertex 3.752 0.4 2.294
vertex 3.659 0.5 2.256
vertex 3.528 0.4 2.628
endloop
endfacet
facet normal 0.594 0.7 0.397
outer loop
vertex 3.659 0.5 2.256
vertex 3.458 0.5 2.558
vertex 3.528 0.4 2.628
endloop
endfacet
facet normal 0.397 0.7 0.594
outer loop
vertex 3.528 0.4 2.628
vertex 3.458 0.5 2.558
vertex 3.194 0.4 2.852
endloop
endfacet
facet normal 0.397 0.7 0.594
outer loop
vertex 3.458 0.5 2.558
vertex 3.156 0.5 2.759
vertex 3.194 0.4 2.852
endloop
endfacet
facet normal 0.139 0.7 0.7
outer loop
vertex 3.194 0.4 2.852
vertex 3.156 0.5 2.759
vertex 2.8 0.4 2.93
endloop
endfacet
facet normal 0.139 0.7 0.7
outer loop
vertex 3.156 0.5 2.759
vertex 2.8 0.5 2.83
vertex 2.8 0.4 2.93
endloop
endfacet
facet normal -0.139 0.7 0.7
outer loop
vertex 2.8 0.4 2.93
vertex 2.8 0.5 2.83
vertex 2.406 0.4 2.852
endloop
endfacet
facet normal -0.139 0.7 0.7
outer loop
vertex 2.8 0.5 2.83
vertex 2.444 0.5 2.759
vertex 2.406 0.4 2.852
endloop
endfacet
facet normal -0.397 0.7 0.594
outer loop
vertex 2.406 0.4 2.852
vertex 2.444 0.5 2.759
vertex 2.072 0.4 2.628
endloop
endfacet
facet normal -0.397 0.7 0.594
outer loop
vertex 2.444 0.5 2.759
vertex 2.142 0.5 2.558
vertex 2.072 0.4 2.628
endloop
endfacet
facet normal -0.594 0.7 0.397
outer loop
vertex 2.072 0.4 2.628
vertex 2.142 0.5 2.558
vertex 1.848 0.4 2.294
endloop
endfacet
facet normal -0.594 0.7 0.397
outer loop
vertex 2.142 0.5 2.558
vertex 1.941 0.5 2.256
vertex 1.848 0.4 2.294
endloop
endfacet
facet normal -0.7 0.7 0.139
outer loop
vertex 1.848 0.4 2.294
vertex 1.941 0.5 2.256
vertex 1.77 0.4 1.9
endloop
endfacet
facet normal -0.7 0.7 0.139
outer loop
vertex 1.941 0.5 2.256
vertex 1.87 0.5 1.9
vertex 1.77 0.4 1.9
endloop
endfacet
facet normal -0.7 0.7 -0.139
outer loop
vertex 1.77 0.4 1.9
vertex 1.87 0.5 1.9
vertex 1.848 0.4 1.506
endloop
endfacet
facet normal -0.7 0.7 -0.139
outer loop
vertex 1.87 0.5 1.9
vertex 1.941 0.5 1.544
vertex 1.848 0.4 1.506
endloop
endfacet
facet normal -0.594 0.7 -0.397
outer loop
vertex 1.848 0.4 1.506
vertex 1.941 0.5 1.544
vertex 2.072 0.4 1.172
endloop
endfacet
facet normal -0.594 0.7 -0.397
outer loop
vertex 1.941 0.5 1.544
vertex 2.142 0.5 1.242
vertex 2.072 0.4 1.172
endloop
endfacet
facet normal -0.397 0.7 -0.594
outer loop
vertex 2.072 0.4 1.172
vertex 2.142 0.5 1.242
vertex 2.406 0.4 0.948
endloop
endfacet
facet normal -0.397 0.7 -0.594
outer loop
vertex 2.142 0.5 1.242
vertex 2.444 0.5 1.041
vertex 2.406 0.4 0.948
endloop
endfacet
facet normal -0.139 0.7 -0.7
outer loop
vertex 2.406 0.4 0.948
vertex 2.444 0.5 1.041
vertex 2.8 0.4 0.87
endloop
endfacet
facet normal -0.139 0.7 -0.7
outer loop
vertex 2.444 0.5 1.041
vertex 2.8 0.5 0.97
vertex 2.8 0.4 0.87
endloop
endfacet
facet normal 0.139 0.7 -0.7
outer loop
vertex 2.8 0.4 0.87
vertex 2.8 0.5 0.97
vertex 3.194 0.4 0.948
endloop
endfacet
facet normal 0.139 0.7 -0.7
outer loop
vertex 2.8 0.5 0.97
vertex 3.156 0.5 1.041
vertex 3.194 0.4 0.948
endloop
endfacet
facet normal 0.397 0.7 -0.594
outer loop
vertex 3.194 0.4 0.948
vertex 3.156 0.5 1.041
vertex 3.528 0.4 1.172
endloop
endfacet
facet normal 0.397 0.7 -0.594
outer loop
vertex 3.156 0.5 1.041
vertex 3.458 0.5 1.242
vertex 3.528 0.4 1.172
endloop
endfacet
facet normal 0.594 0.7 -0.397
outer loop
vertex 3.528 0.4 1.172
vertex 3.458 0.5 1.242
vertex 3.752 0.4 1.506
endloop
endfacet
facet normal 0.594 0.7 -0.397
outer loop
vertex 3.458 0.5 1.242
vertex 3.659 0.5 1.544
vertex 3.752 0.4 1.506
endloop
endfacet
facet normal 0.7 0.7 -0.139
outer loop
vertex 3.752 0.4 1.506
vertex 3.659 0.5 1.544
vertex 3.83 0.4 1.9
endloop
endfacet
facet normal 0.7 0.7 -0.139
outer loop
vertex 3.659 0.5 1.544
vertex 3.73 0.5 1.9
vertex 3.83 0.4 1.9
endloop
endfacet
facet normal 0 -1 0
outer loop
vertex 3.63 0.4 1.9
vertex 3.519 0.4 2.315
vertex 2.8 0.4 1.9
endloop
endfacet
facet normal 0 -1 0
outer loop
vertex 3.519 0.4 2.315
vertex 3.215 0.4 2.619
vertex 2.8 0.4 1.9
endloop
endfacet
facet normal 0 -1 0
outer loop
vertex 3.215 0.4 2.619
vertex 2.8 0.4 2.73
vertex 2.8 0.4 1.9
endloop
endfacet
facet normal 0 -1 0
outer loop
vertex 2.8 0.4 2.73
vertex 2.385 0.4 2.619
vertex 2.8 0.4 1.9
endloop
endfacet
facet normal 0 -1 0
outer loop
vertex 2.385 0.4 2.619
vertex 2.081 0.4 2.315
vertex 2.8 0.4 1.9
endloop
endfacet
facet normal 0 -1 0
outer loop
vertex 2.081 0.4 2.315
vertex 1.97 0.4 1.9
vertex 2.8 0.4 1.9
endloop
endfacet
facet normal 0 -1 0
outer loop
vertex 1.97 0.4 1.9
vertex 2.081 0.4 1.485
vertex 2.8 0.4 1.9
endloop
endfacet
facet normal 0 -1 0
outer loop
vertex 2.081 0.4 1.485
vertex 2.385 0.4 1.181
vertex 2.8 0.4 1.9
endloop
endfacet
facet normal 0 -1 0
outer loop
vertex 2.385 0.4 1.181
vertex 2.8 0.4 1.07
vertex 2.8 0.4 1.9
endloop
endfacet
facet normal 0 -1 0
outer loop
vertex 2.8 0.4 1.07
vertex 3.215 0.4 1.181
vertex 2.8 0.4 1.9
endloop
endfacet
facet normal 0 -1 0
outer loop
vertex 3.215 0.4 1.181
vertex 3.519 0.4 1.485
vertex 2.8 0.4 1.9
endloop
endfacet
facet normal 0 -1 0
outer loop
vertex 3.519 0.4 1.485
vertex 3.63 0.4 1.9
vertex 2.8 0.4 1.9
endloop
endfacet
facet normal -0.577 -0.577 0.577
outer loop
vertex 2.477 0.1 1.9
vertex 2.8 -0.023 2.1
vertex 2.6 0.3 2.223
endloop
endfacet
facet normal 0 -0.357 0.934
outer loop
vertex 2.8 -0.023 2.1
vertex 3 0.3 2.223
vertex 2.6 0.3 2.223
endloop
endfacet
facet normal 0 0.357 0.934
outer loop
vertex 3 0.3 2.223
vertex 2.8 0.623 2.1
vertex 2.6 0.3 2.223
endloop
endfacet
facet normal -0.577 0.577 0.577
outer loop
vertex 2.8 0.623 2.1
vertex 2.477 0.5 1.9
vertex 2.6 0.3 2.223
endloop
endfacet
facet normal -0.934 0 0.357
outer loop
vertex 2.477 0.5 1.9
vertex 2.477 0.1 1.9
vertex 2.6 0.3 2.223
endloop
endfacet
facet normal 0.577 -0.577 0.577
outer loop
vertex 2.8 -0.023 2.1
vertex 3.123 0.1 1.9
vertex 3 0.3 2.223
endloop
endfacet
facet normal -0.357 -0.934 0
outer loop
vertex 2.477 0.1 1.9
vertex 2.8 -0.023 1.7
vertex 2.8 -0.023 2.1
endloop
endfacet
facet normal -0.934 0 -0.357
outer loop
vertex 2.477 0.5 1.9
vertex 2.6 0.3 1.577
vertex 2.477 0.1 1.9
endloop
endfacet
facet normal -0.357 0.934 0
outer loop
vertex 2.8 0.623 2.1
vertex 2.8 0.623 1.7
vertex 2.477 0.5 1.9
endloop
endfacet
facet normal 0.577 0.577 0.577
outer loop
vertex 3 0.3 2.223
vertex 3.123 0.5 1.9
vertex 2.8 0.623 2.1
endloop
endfacet
facet normal 0.577 -0.577 -0.577
outer loop
vertex 3.123 0.1 1.9
vertex 2.8 -0.023 1.7
vertex 3 0.3 1.577
endloop
endfacet
facet normal 0 -0.357 -0.934
outer loop
vertex 2.8 -0.023 1.7
vertex 2.6 0.3 1.577
vertex 3 0.3 1.577
endloop
endfacet
facet normal 0 0.357 -0.934
outer loop
vertex 2.6 0.3 1.577
vertex 2.8 0.623 1.7
vertex 3 0.3 1.577
endloop
endfacet
facet normal 0.577 0.577 -0.577
outer loop
vertex 2.8 0.623 1.7
vertex 3.123 0.5 1.9
vertex 3 0.3 1.577
endloop
endfacet
facet normal 0.934 0 -0.357
outer loop
vertex 3.123 0.5 1.9
vertex 3.123 0.1 1.9
vertex 3 0.3 1.577
endloop
endfacet
facet normal 0.357 -0.934 0
outer loop
vertex 3.123 0.1 1.9
vertex 2.8 -0.023 2.1
vertex 2.8 -0.023 1.7
endloop
endfacet
facet normal -0.577 -0.577 -0.577
outer loop
vertex 2.8 -0.023 1.7
vertex 2.477 0.1 1.9
vertex 2.6 0.3 1.577
endloop
endfacet
facet normal -0.577 0.577 -0.577
outer loop
vertex 2.6 0.3 1.577
vertex 2.477 0.5 1.9
vertex 2.8 0.623 1.7
endloop
endfacet
facet normal 0.357 0.934 0
outer loop
vertex 2.8 0.623 1.7
vertex 2.8 0.623 2.1
vertex 3.123 0.5 1.9
endloop
endfacet
facet normal 0.934 0 0.357
outer loop
vertex 3.123 0.5 1.9
vertex 3 0.3 2.223
vertex 3.123 0.1 1.9
endloop
endfacet
facet normal 0.49 -0.814 -0.311
outer loop
vertex 3.361 0.247 1.891
vertex 3.388 0.26 1.9
vertex 3.197 0.023 2.219
endloop
endfacet
facet normal 0.49 -0.814 -0.311
outer loop
vertex 3.388 0.26 1.9
vertex 3.216 0.025 2.243
vertex 3.197 0.023 2.219
endloop
endfacet
facet normal 0.203 -0.976 -0.075
outer loop
vertex 3.197 0.023 2.219
vertex 3.216 0.025 2.243
vertex 2.8 -0.07 2.354
endloop
endfacet
facet normal 0.203 -0.976 -0.075
outer loop
vertex 3.216 0.025 2.243
vertex 2.8 -0.072 2.385
vertex 2.8 -0.07 2.354
endloop
endfacet
facet normal -0.203 -0.976 -0.075
outer loop
vertex 2.8 -0.07 2.354
vertex 2.8 -0.072 2.385
vertex 2.403 0.023 2.219
endloop
endfacet
facet normal -0.203 -0.976 -0.075
outer loop
vertex 2.8 -0.072 2.385
vertex 2.384 0.025 2.243
vertex 2.403 0.023 2.219
endloop
endfacet
facet normal -0.49 -0.814 -0.311
outer loop
vertex 2.403 0.023 2.219
vertex 2.384 0.025 2.243
vertex 2.239 0.247 1.891
endloop
endfacet
facet normal -0.49 -0.814 -0.311
outer loop
vertex 2.384 0.025 2.243
vertex 2.212 0.26 1.9
vertex 2.239 0.247 1.891
endloop
endfacet
facet normal -0.49 -0.585 -0.646
outer loop
vertex 2.239 0.247 1.891
vertex 2.212 0.26 1.9
vertex 2.403 0.471 1.564
endloop
endfacet
facet normal -0.49 -0.585 -0.646
outer loop
vertex 2.212 0.26 1.9
vertex 2.384 0.495 1.557
vertex 2.403 0.471 1.564
endloop
endfacet
facet normal -0.203 -0.423 -0.883
outer loop
vertex 2.403 0.471 1.564
vertex 2.384 0.495 1.557
vertex 2.8 0.564 1.428
endloop
endfacet
facet normal -0.203 -0.423 -0.883
outer loop
vertex 2.384 0.495 1.557
vertex 2.8 0.592 1.415
vertex 2.8 0.564 1.428
endloop
endfacet
facet normal 0.203 -0.423 -0.883
outer loop
vertex 2.8 0.564 1.428
vertex 2.8 0.592 1.415
vertex 3.197 0.471 1.564
endloop
endfacet
facet normal 0.203 -0.423 -0.883
outer loop
vertex 2.8 0.592 1.415
vertex 3.216 0.495 1.557
vertex 3.197 0.471 1.564
endloop
endfacet
facet normal 0.49 -0.585 -0.646
outer loop
vertex 3.197 0.471 1.564
vertex 3.216 0.495 1.557
vertex 3.361 0.247 1.891
endloop
endfacet
facet normal 0.49 -0.585 -0.646
outer loop
vertex 3.216 0.495 1.557
vertex 3.388 0.26 1.9
vertex 3.361 0.247 1.891
endloop
endfacet
facet normal -0.924 0.216 -0.316
outer loop
vertex 3.361 0.273 1.909
vertex 3.361 0.247 1.891
vertex 3.197 0.049 2.236
endloop
endfacet
facet normal -0.924 0.216 -0.316
outer loop
vertex 3.361 0.247 1.891
vertex 3.197 0.023 2.219
vertex 3.197 0.049 2.236
endloop
endfacet
facet normal -0.383 0.522 -0.763
outer loop
vertex 3.197 0.049 2.236
vertex 3.197 0.023 2.219
vertex 2.8 -0.044 2.372
endloop
endfacet
facet normal -0.383 0.522 -0.763
outer loop
vertex 3.197 0.023 2.219
vertex 2.8 -0.07 2.354
vertex 2.8 -0.044 2.372
endloop
endfacet
facet normal 0.383 0.522 -0.763
outer loop
vertex 2.8 -0.044 2.372
vertex 2.8 -0.07 2.354
vertex 2.403 0.049 2.236
endloop
endfacet
facet normal 0.383 0.522 -0.763
outer loop
vertex 2.8 -0.07 2.354
vertex 2.403 0.023 2.219
vertex 2.403 0.049 2.236
endloop
endfacet
facet normal 0.924 0.216 -0.316
outer loop
vertex 2.403 0.049 2.236
vertex 2.403 0.023 2.219
vertex 2.239 0.273 1.909
endloop
endfacet
facet normal 0.924 0.216 -0.316
outer loop
vertex 2.403 0.023 2.219
vertex 2.239 0.247 1.891
vertex 2.239 0.273 1.909
endloop
endfacet
facet normal 0.924 -0.216 0.316
outer loop
vertex 2.239 0.273 1.909
vertex 2.239 0.247 1.891
vertex 2.403 0.497 1.581
endloop
endfacet
facet normal 0.924 -0.216 0.316
outer loop
vertex 2.239 0.247 1.891
vertex 2.403 0.471 1.564
vertex 2.403 0.497 1.581
endloop
endfacet
facet normal 0.383 -0.522 0.763
outer loop
vertex 2.403 0.497 1.581
vertex 2.403 0.471 1.564
vertex 2.8 0.59 1.446
endloop
endfacet
facet normal 0.383 -0.522 0.763
outer loop
vertex 2.403 0.471 1.564
vertex 2.8 0.564 1.428
vertex 2.8 0.59 1.446
endloop
endfacet
facet normal -0.383 -0.522 0.763
outer loop
vertex 2.8 0.59 1.446
vertex 2.8 0.564 1.428
vertex 3.197 0.497 1.581
endloop
endfacet
facet normal -0.383 -0.522 0.763
outer loop
vertex 2.8 0.564 1.428
vertex 3.197 0.471 1.564
vertex 3.197 0.497 1.581
endloop
endfacet
facet normal -0.924 -0.216 0.316
outer loop
vertex 3.197 0.497 1.581
vertex 3.197 0.471 1.564
vertex 3.361 0.273 1.909
endloop
endfacet
facet normal -0.924 -0.216 0.316
outer loop
vertex 3.197 0.471 1.564
vertex 3.361 0.247 1.891
vertex 3.361 0.273 1.909
endloop
endfacet
facet normal 0.49 0.585 0.646
outer loop
vertex 3.388 0.26 1.9
vertex 3.361 0.273 1.909
vertex 3.216 0.025 2.243
endloop
endfacet
facet normal 0.49 0.585 0.646
outer loop
vertex 3.361 0.273 1.909
vertex 3.197 0.049 2.236
vertex 3.216 0.025 2.243
endloop
endfacet
facet normal 0.203 0.423 0.883
outer loop
vertex 3.216 0.025 2.243
vertex 3.197 0.049 2.236
vertex 2.8 -0.072 2.385
endloop
endfacet
facet normal 0.203 0.423 0.883
outer loop
vertex 3.197 0.049 2.236
vertex 2.8 -0.044 2.372
vertex 2.8 -0.072 2.385
endloop
endfacet
facet normal -0.203 0.423 0.883
outer loop
vertex 2.8 -0.072 2.385
vertex 2.8 -0.044 2.372
vertex 2.384 0.025 2.243
endloop
endfacet
facet normal -0.203 0.423 0.883
outer loop
vertex 2.8 -0.044 2.372
vertex 2.403 0.049 2.236
vertex 2.384 0.025 2.243
endloop
endfacet
facet normal -0.49 0.585 0.646
outer loop
vertex 2.384 0.025 2.243
vertex 2.403 0.049 2.236
vertex 2.212 0.26 1.9
endloop
endfacet
facet normal -0.49 0.585 0.646
outer loop
vertex 2.403 0.049 2.236
vertex 2.239 0.273 1.909
vertex 2.212 0.26 1.9
endloop
endfacet
facet normal -0.49 0.814 0.311
outer loop
vertex 2.212 0.26 1.9
vertex 2.239 0.273 1.909
vertex 2.384 0.495 1.557
endloop
endfacet
facet normal -0.49 0.814 0.311
outer loop
vertex 2.239 0.273 1.909
vertex 2.403 0.497 1.581
vertex 2.384 0.495 1.557
endloop
endfacet
facet normal -0.203 0.976 0.075
outer loop
vertex 2.384 0.495 1.557
vertex 2.403 0.497 1.581
vertex 2.8 0.592 1.415
endloop
endfacet
facet normal -0.203 0.976 0.075
outer loop
vertex 2.403 0.497 1.581
vertex 2.8 0.59 1.446
vertex 2.8 0.592 1.415
endloop
endfacet
facet normal 0.203 0.976 0.075
outer loop
vertex 2.8 0.592 1.415
vertex 2.8 0.59 1.446
vertex 3.216 0.495 1.557
endloop
endfacet
facet normal 0.203 0.976 0.075
outer loop
vertex 2.8 0.59 1.446
vertex 3.197 0.497 1.581
vertex 3.216 0.495 1.557
endloop
endfacet
facet normal 0.49 0.814 0.311
outer loop
vertex 3.216 0.495 1.557
vertex 3.197 0.497 1.581
vertex 3.388 0.26 1.9
endloop
endfacet
facet normal 0.49 0.814 0.311
outer loop
vertex 3.197 0.497 1.581
vertex 3.361 0.273 1.909
vertex 3.388 0.26 1.9
endloop
endfacet
facet normal 0.459 -0.795 0.397
outer loop
vertex -2.6 -3.2 0.35
vertex -2.6 -3.25 0.25
vertex -1.821 -2.75 0.35
endloop
endfacet
facet normal 0.459 -0.795 0.397
outer loop
vertex -2.6 -3.25 0.25
vertex -1.777 -2.775 0.25
vertex -1.821 -2.75 0.35
endloop
endfacet
facet normal 0.918 0 0.397
outer loop
vertex -1.821 -2.75 0.35
vertex -1.777 -2.775 0.25
vertex -1.821 -1.85 0.35
endloop
endfacet
facet normal 0.918 0 0.397
outer loop
vertex -1.777 -2.775 0.25
vertex -1.777 -1.825 0.25
vertex -1.821 -1.85 0.35
endloop
endfacet
facet normal 0.459 0.795 0.397
outer loop
vertex -1.821 -1.85 0.35
vertex -1.777 -1.825 0.25
vertex -2.6 -1.4 0.35
endloop
endfacet
facet normal 0.459 0.795 0.397
outer loop
vertex -1.777 -1.825 0.25
vertex -2.6 -1.35 0.25
vertex -2.6 -1.4 0.35
endloop
endfacet
facet normal -0.459 0.795 0.397
outer loop
vertex -2.6 -1.4 0.35
vertex -2.6 -1.35 0.25
vertex -3.379 -1.85 0.35
endloop
endfacet
facet normal -0.459 0.795 0.397
outer loop
vertex -2.6 -1.35 0.25
vertex -3.423 -1.825 0.25
vertex -3.379 -1.85 0.35
endloop
endfacet
facet normal -0.918 0 0.397
outer loop
vertex -3.379 -1.85 0.35
vertex -3.423 -1.825 0.25
vertex -3.379 -2.75 0.35
endloop
endfacet
facet normal -0.918 0 0.397
outer loop
vertex -3.423 -1.825 0.25
vertex -3.423 -2.775 0.25
vertex -3.379 -2.75 0.35
endloop
endfacet
facet normal -0.459 -0.795 0.397
outer loop
vertex -3.379 -2.75 0.35
vertex -3.423 -2.775 0.25
vertex -2.6 -3.2 0.35
endloop
endfacet
facet normal -0.459 -0.795 0.397
outer loop
vertex -3.423 -2.775 0.25
vertex -2.6 -3.25 0.25
vertex -2.6 -3.2 0.35
endloop
endfacet
facet normal 0 0 1
outer loop
vertex -2.6 -3.2 0.35
vertex -1.821 -2.75 0.35
vertex -2.6 -2.3 0.35
endloop
endfacet
facet normal 0 0 1
outer loop
vertex -1.821 -2.75 0.35
vertex -1.821 -1.85 0.35
vertex -2.6 -2.3 0.35
endloop
endfacet
facet normal 0 0 1
outer loop
vertex -1.821 -1.85 0.35
vertex -2.6 -1.4 0.35
vertex -2.6 -2.3 0.35
endloop
endfacet
facet normal 0 0 1
outer loop
vertex -2.6 -1.4 0.35
vertex -3.379 -1.85 0.35
vertex -2.6 -2.3 0.35
endloop
endfacet
facet normal 0 0 1
outer loop
vertex -3.379 -1.85 0.35
vertex -3.379 -2.75 0.35
vertex -2.6 -2.3 0.35
endloop
endfacet
facet normal 0 0 1
outer loop
vertex -3.379 -2.75 0.35
vertex -2.6 -3.2 0.35
vertex -2.6 -2.3 0.35
endloop
endfacet
facet normal 0 0 -1
outer loop
vertex -1.777 -2.775 0.25
vertex -2.6 -3.25 0.25
vertex -2.6 -2.3 0.25
endloop
endfacet
facet normal 0 0 -1
outer loop
vertex -1.777 -1.825 0.25
vertex -1.777 -2.775 0.25
vertex -2.6 -2.3 0.25
endloop
endfacet
facet normal 0 0 -1
outer loop
vertex -2.6 -1.35 0.25
vertex -1.777 -1.825 0.25
vertex -2.6 -2.3 0.25
endloop
endfacet
facet normal 0 0 -1
outer loop
vertex -3.423 -1.825 0.25
vertex -2.6 -1.35 0.25
vertex -2.6 -2.3 0.25
endloop
endfacet
facet normal 0 0 -1
outer loop
vertex -3.423 -2.775 0.25
vertex -3.423 -1.825 0.25
vertex -2.6 -2.3 0.25
endloop
endfacet
facet normal 0 0 -1
outer loop
vertex -2.6 -3.25 0.25
vertex -3.423 -2.775 0.25
vertex -2.6 -2.3 0.25
endloop
endfacet
facet normal 0.496 -0.859 -0.125
outer loop
vertex -2.95 -2.59 0.885
vertex -2.95 -2.51 0.335
vertex -2.612 -2.395 0.885
endloop
endfacet
facet normal 0.496 -0.859 -0.125
outer loop
vertex -2.95 -2.51 0.335
vertex -2.682 -2.355 0.335
vertex -2.612 -2.395 0.885
endloop
endfacet
facet normal 0.992 0 -0.125
outer loop
vertex -2.612 -2.395 0.885
vertex -2.682 -2.355 0.335
vertex -2.612 -2.005 0.885
endloop
endfacet
facet normal 0.992 0 -0.125
outer loop
vertex -2.682 -2.355 0.335
vertex -2.682 -2.045 0.335
vertex -2.612 -2.005 0.885
endloop
endfacet
facet normal 0.496 0.859 -0.125
outer loop
vertex -2.612 -2.005 0.885
vertex -2.682 -2.045 0.335
vertex -2.95 -1.81 0.885
endloop
endfacet
facet normal 0.496 0.859 -0.125
outer loop
vertex -2.682 -2.045 0.335
vertex -2.95 -1.89 0.335
vertex -2.95 -1.81 0.885
endloop
endfacet
facet normal -0.496 0.859 -0.125
outer loop
vertex -2.95 -1.81 0.885
vertex -2.95 -1.89 0.335
vertex -3.288 -2.005 0.885
endloop
endfacet
facet normal -0.496 0.859 -0.125
outer loop
vertex -2.95 -1.89 0.335
vertex -3.218 -2.045 0.335
vertex -3.288 -2.005 0.885
endloop
endfacet
facet normal -0.992 0 -0.125
outer loop
vertex -3.288 -2.005 0.885
vertex -3.218 -2.045 0.335
vertex -3.288 -2.395 0.885
endloop
endfacet
facet normal -0.992 0 -0.125
outer loop
vertex -3.218 -2.045 0.335
vertex -3.218 -2.355 0.335
vertex -3.288 -2.395 0.885
endloop
endfacet
facet normal -0.496 -0.859 -0.125
outer loop
vertex -3.288 -2.395 0.885
vertex -3.218 -2.355 0.335
vertex -2.95 -2.59 0.885
endloop
endfacet
facet normal -0.496 -0.859 -0.125
outer loop
vertex -3.218 -2.355 0.335
vertex -2.95 -2.51 0.335
vertex -2.95 -2.59 0.885
endloop
endfacet
facet normal 0 0 1
outer loop
vertex -2.95 -2.59 0.885
vertex -2.612 -2.395 0.885
vertex -2.95 -2.2 0.885
endloop
endfacet
facet normal 0 0 1
outer loop
vertex -2.612 -2.395 0.885
vertex -2.612 -2.005 0.885
vertex -2.95 -2.2 0.885
endloop
endfacet
facet normal 0 0 1
outer loop
vertex -2.612 -2.005 0.885
vertex -2.95 -1.81 0.885
vertex -2.95 -2.2 0.885
endloop
endfacet
facet normal 0 0 1
outer loop
vertex -2.95 -1.81 0.885
vertex -3.288 -2.005 0.885
vertex -2.95 -2.2 0.885
endloop
endfacet
facet normal 0 0 1
outer loop
vertex -3.288 -2.005 0.885
vertex -3.288 -2.395 0.885
vertex -2.95 -2.2 0.885
endloop
endfacet
facet normal 0 0 1
outer loop
vertex -3.288 -2.395 0.885
vertex -2.95 -2.59 0.885
vertex -2.95 -2.2 0.885
endloop
endfacet
facet normal 0 0 -1
outer loop
vertex -2.682 -2.355 0.335
vertex -2.95 -2.51 0.335
vertex -2.95 -2.2 0.335
endloop
endfacet
facet normal 0 0 -1
outer loop
vertex -2.682 -2.045 0.335
vertex -2.682 -2.355 0.335
vertex -2.95 -2.2 0.335
endloop
endfacet
facet normal 0 0 -1
outer loop
vertex -2.95 -1.89 0.335
vertex -2.682 -2.045 0.335
vertex -2.95 -2.2 0.335
endloop
endfacet
facet normal 0 0 -1
outer loop
vertex -3.218 -2.045 0.335
vertex -2.95 -1.89 0.335
vertex -2.95 -2.2 0.335
endloop
endfacet
facet normal 0 0 -1
outer loop
vertex -3.218 -2.355 0.335
vertex -3.218 -2.045 0.335
vertex -2.95 -2.2 0.335
endloop
endfacet
facet normal 0 0 -1
outer loop
vertex -2.95 -2.51 0.335
vertex -3.218 -2.355 0.335
vertex -2.95 -2.2 0.335
endloop
endfacet
facet normal 0.5 -0.866 0
outer loop
vertex -2.95 -2.555 0.905
vertex -2.95 -2.555 0.885
vertex -2.643 -2.377 0.905
endloop
endfacet
facet normal 0.5 -0.866 0
outer loop
vertex -2.95 -2.555 0.885
vertex -2.643 -2.377 0.885
vertex -2.643 -2.377 0.905
endloop
endfacet
facet normal 1 0 0
outer loop
vertex -2.643 -2.377 0.905
vertex -2.643 -2.377 0.885
vertex -2.643 -2.023 0.905
endloop
endfacet
facet normal 1 0 0
outer loop
vertex -2.643 -2.377 0.885
vertex -2.643 -2.023 0.885
vertex -2.643 -2.023 0.905
endloop
endfacet
facet normal 0.5 0.866 0
outer loop
vertex -2.643 -2.023 0.905
vertex -2.643 -2.023 0.885
vertex -2.95 -1.845 0.905
endloop
endfacet
facet normal 0.5 0.866 0
outer loop
vertex -2.643 -2.023 0.885
vertex -2.95 -1.845 0.885
vertex -2.95 -1.845 0.905
endloop
endfacet
facet normal -0.5 0.866 0
outer loop
vertex -2.95 -1.845 0.905
vertex -2.95 -1.845 0.885
vertex -3.257 -2.023 0.905
endloop
endfacet
facet normal -0.5 0.866 0
outer loop
vertex -2.95 -1.845 0.885
vertex -3.257 -2.023 0.885
vertex -3.257 -2.023 0.905
endloop
endfacet
facet normal -1 0 0
outer loop
vertex -3.257 -2.023 0.905
vertex -3.257 -2.023 0.885
vertex -3.257 -2.377 0.905
endloop
endfacet
facet normal -1 0 0
outer loop
vertex -3.257 -2.023 0.885
vertex -3.257 -2.377 0.885
vertex -3.257 -2.377 0.905
endloop
endfacet
facet normal -0.5 -0.866 0
outer loop
vertex -3.257 -2.377 0.905
vertex -3.257 -2.377 0.885
vertex -2.95 -2.555 0.905
endloop
endfacet
facet normal -0.5 -0.866 0
outer loop
vertex -3.257 -2.377 0.885
vertex -2.95 -2.555 0.885
vertex -2.95 -2.555 0.905
endloop
endfacet
facet normal 0 0 1
outer loop
vertex -2.95 -2.555 0.905
vertex -2.643 -2.377 0.905
vertex -2.95 -2.2 0.905
endloop
endfacet
facet normal 0 0 1
outer loop
vertex -2.643 -2.377 0.905
vertex -2.643 -2.023 0.905
vertex -2.95 -2.2 0.905
endloop
endfacet
facet normal 0 0 1
outer loop
vertex -2.643 -2.023 0.905
vertex -2.95 -1.845 0.905
vertex -2.95 -2.2 0.905
endloop
endfacet
facet normal 0 0 1
outer loop
vertex -2.95 -1.845 0.905
vertex -3.257 -2.023 0.905
vertex -2.95 -2.2 0.905
endloop
endfacet
facet normal 0 0 1
outer loop
vertex -3.257 -2.023 0.905
vertex -3.257 -2.377 0.905
vertex -2.95 -2.2 0.905
endloop
endfacet
facet normal 0 0 1
outer loop
vertex -3.257 -2.377 0.905
vertex -2.95 -2.555 0.905
vertex -2.95 -2.2 0.905
endloop
endfacet
facet normal 0 0 -1
outer loop
vertex -2.643 -2.377 0.885
vertex -2.95 -2.555 0.885
vertex -2.95 -2.2 0.885
endloop
endfacet
facet normal 0 0 -1
outer loop
vertex -2.643 -2.023 0.885
vertex -2.643 -2.377 0.885
vertex -2.95 -2.2 0.885
endloop
endfacet
facet normal 0 0 -1
outer loop
vertex -2.95 -1.845 0.885
vertex -2.643 -2.023 0.885
vertex -2.95 -2.2 0.885
endloop
endfacet
facet normal 0 0 -1
outer loop
vertex -3.257 -2.023 0.885
vertex -2.95 -1.845 0.885
vertex -2.95 -2.2 0.885
endloop
endfacet
facet normal 0 0 -1
outer loop
vertex -3.257 -2.377 0.885
vertex -3.257 -2.023 0.885
vertex -2.95 -2.2 0.885
endloop
endfacet
facet normal 0 0 -1
outer loop
vertex -2.95 -2.555 0.885
vertex -3.257 -2.377 0.885
vertex -2.95 -2.2 0.885
endloop
endfacet
facet normal 0.49 -0.848 0.203
outer loop
vertex -2.383 -2.256 0.63
vertex -2.285 -2.2 0.63
vertex -2.437 -2.256 0.763
endloop
endfacet
facet normal 0.49 -0.848 0.203
outer loop
vertex -2.285 -2.2 0.63
vertex -2.368 -2.2 0.832
vertex -2.437 -2.256 0.763
endloop
endfacet
facet normal 0.203 -0.848 0.49
outer loop
vertex -2.437 -2.256 0.763
vertex -2.368 -2.2 0.832
vertex -2.57 -2.256 0.818
endloop
endfacet
facet normal 0.203 -0.848 0.49
outer loop
vertex -2.368 -2.2 0.832
vertex -2.57 -2.2 0.915
vertex -2.57 -2.256 0.818
endloop
endfacet
facet normal -0.203 -0.848 0.49
outer loop
vertex -2.57 -2.256 0.818
vertex -2.57 -2.2 0.915
vertex -2.703 -2.256 0.763
endloop
endfacet
facet normal -0.203 -0.848 0.49
outer loop
vertex -2.57 -2.2 0.915
vertex -2.772 -2.2 0.832
vertex -2.703 -2.256 0.763
endloop
endfacet
facet normal -0.49 -0.848 0.203
outer loop
vertex -2.703 -2.256 0.763
vertex -2.772 -2.2 0.832
vertex -2.758 -2.256 0.63
endloop
endfacet
facet normal -0.49 -0.848 0.203
outer loop
vertex -2.772 -2.2 0.832
vertex -2.855 -2.2 0.63
vertex -2.758 -2.256 0.63
endloop
endfacet
facet normal -0.49 -0.848 -0.203
outer loop
vertex -2.758 -2.256 0.63
vertex -2.855 -2.2 0.63
vertex -2.703 -2.256 0.497
endloop
endfacet
facet normal -0.49 -0.848 -0.203
outer loop
vertex -2.855 -2.2 0.63
vertex -2.772 -2.2 0.428
vertex -2.703 -2.256 0.497
endloop
endfacet
facet normal -0.203 -0.848 -0.49
outer loop
vertex -2.703 -2.256 0.497
vertex -2.772 -2.2 0.428
vertex -2.57 -2.256 0.443
endloop
endfacet
facet normal -0.203 -0.848 -0.49
outer loop
vertex -2.772 -2.2 0.428
vertex -2.57 -2.2 0.345
vertex -2.57 -2.256 0.443
endloop
endfacet
facet normal 0.203 -0.848 -0.49
outer loop
vertex -2.57 -2.256 0.443
vertex -2.57 -2.2 0.345
vertex -2.437 -2.256 0.497
endloop
endfacet
facet normal 0.203 -0.848 -0.49
outer loop
vertex -2.57 -2.2 0.345
vertex -2.368 -2.2 0.428
vertex -2.437 -2.256 0.497
endloop
endfacet
facet normal 0.49 -0.848 -0.203
outer loop
vertex -2.437 -2.256 0.497
vertex -2.368 -2.2 0.428
vertex -2.383 -2.256 0.63
endloop
endfacet
facet normal 0.49 -0.848 -0.203
outer loop
vertex -2.368 -2.2 0.428
vertex -2.285 -2.2 0.63
vertex -2.383 -2.256 0.63
endloop
endfacet
facet normal -0.924 0 -0.383
outer loop
vertex -2.383 -2.144 0.63
vertex -2.383 -2.256 0.63
vertex -2.437 -2.144 0.763
endloop
endfacet
facet normal -0.924 0 -0.383
outer loop
vertex -2.383 -2.256 0.63
vertex -2.437 -2.256 0.763
vertex -2.437 -2.144 0.763
endloop
endfacet
facet normal -0.383 0 -0.924
outer loop
vertex -2.437 -2.144 0.763
vertex -2.437 -2.256 0.763
vertex -2.57 -2.144 0.818
endloop
endfacet
facet normal -0.383 0 -0.924
outer loop
vertex -2.437 -2.256 0.763
vertex -2.57 -2.256 0.818
vertex -2.57 -2.144 0.818
endloop
endfacet
facet normal 0.383 0 -0.924
outer loop
vertex -2.57 -2.144 0.818
vertex -2.57 -2.256 0.818
vertex -2.703 -2.144 0.763
endloop
endfacet
facet normal 0.383 0 -0.924
outer loop
vertex -2.57 -2.256 0.818
vertex -2.703 -2.256 0.763
vertex -2.703 -2.144 0.763
endloop
endfacet
facet normal 0.924 0 -0.383
outer loop
vertex -2.703 -2.144 0.763
vertex -2.703 -2.256 0.763
vertex -2.758 -2.144 0.63
endloop
endfacet
facet normal 0.924 0 -0.383
outer loop
vertex -2.703 -2.256 0.763
vertex -2.758 -2.256 0.63
vertex -2.758 -2.144 0.63
endloop
endfacet
facet normal 0.924 0 0.383
outer loop
vertex -2.758 -2.144 0.63
vertex -2.758 -2.256 0.63
vertex -2.703 -2.144 0.497
endloop
endfacet
facet normal 0.924 0 0.383
outer loop
vertex -2.758 -2.256 0.63
vertex -2.703 -2.256 0.497
vertex -2.703 -2.144 0.497
endloop
endfacet
facet normal 0.383 0 0.924
outer loop
vertex -2.703 -2.144 0.497
vertex -2.703 -2.256 0.497
vertex -2.57 -2.144 0.443
endloop
endfacet
facet normal 0.383 0 0.924
outer loop
vertex -2.703 -2.256 0.497
vertex -2.57 -2.256 0.443
vertex -2.57 -2.144 0.443
endloop
endfacet
facet normal -0.383 0 0.924
outer loop
vertex -2.57 -2.144 0.443
vertex -2.57 -2.256 0.443
vertex -2.437 -2.144 0.497
endloop
endfacet
facet normal -0.383 0 0.924
outer loop
vertex -2.57 -2.256 0.443
vertex -2.437 -2.256 0.497
vertex -2.437 -2.144 0.497
endloop
endfacet
facet normal -0.924 0 0.383
outer loop
vertex -2.437 -2.144 0.497
vertex -2.437 -2.256 0.497
vertex -2.383 -2.144 0.63
endloop
endfacet
facet normal -0.924 0 0.383
outer loop
vertex -2.437 -2.256 0.497
vertex -2.383 -2.256 0.63
vertex -2.383 -2.144 0.63
endloop
endfacet
facet normal 0.49 0.848 0.203
outer loop
vertex -2.285 -2.2 0.63
vertex -2.383 -2.144 0.63
vertex -2.368 -2.2 0.832
endloop
endfacet
facet normal 0.49 0.848 0.203
outer loop
vertex -2.383 -2.144 0.63
vertex -2.437 -2.144 0.763
vertex -2.368 -2.2 0.832
endloop
endfacet
facet normal 0.203 0.848 0.49
outer loop
vertex -2.368 -2.2 0.832
vertex -2.437 -2.144 0.763
vertex -2.57 -2.2 0.915
endloop
endfacet
facet normal 0.203 0.848 0.49
outer loop
vertex -2.437 -2.144 0.763
vertex -2.57 -2.144 0.818
vertex -2.57 -2.2 0.915
endloop
endfacet
facet normal -0.203 0.848 0.49
outer loop
vertex -2.57 -2.2 0.915
vertex -2.57 -2.144 0.818
vertex -2.772 -2.2 0.832
endloop
endfacet
facet normal -0.203 0.848 0.49
outer loop
vertex -2.57 -2.144 0.818
vertex -2.703 -2.144 0.763
vertex -2.772 -2.2 0.832
endloop
endfacet
facet normal -0.49 0.848 0.203
outer loop
vertex -2.772 -2.2 0.832
vertex -2.703 -2.144 0.763
vertex -2.855 -2.2 0.63
endloop
endfacet
facet normal -0.49 0.848 0.203
outer loop
vertex -2.703 -2.144 0.763
vertex -2.758 -2.144 0.63
vertex -2.855 -2.2 0.63
endloop
endfacet
facet normal -0.49 0.848 -0.203
outer loop
vertex -2.855 -2.2 0.63
vertex -2.758 -2.144 0.63
vertex -2.772 -2.2 0.428
endloop
endfacet
facet normal -0.49 0.848 -0.203
outer loop
vertex -2.758 -2.144 0.63
vertex -2.703 -2.144 0.497
vertex -2.772 -2.2 0.428
endloop
endfacet
facet normal -0.203 0.848 -0.49
outer loop
vertex -2.772 -2.2 0.428
vertex -2.703 -2.144 0.497
vertex -2.57 -2.2 0.345
endloop
endfacet
facet normal -0.203 0.848 -0.49
outer loop
vertex -2.703 -2.144 0.497
vertex -2.57 -2.144 0.443
vertex -2.57 -2.2 0.345
endloop
endfacet
facet normal 0.203 0.848 -0.49
outer loop
vertex -2.57 -2.2 0.345
vertex -2.57 -2.144 0.443
vertex -2.368 -2.2 0.428
endloop
endfacet
facet normal 0.203 0.848 -0.49
outer loop
vertex -2.57 -2.144 0.443
vertex -2.437 -2.144 0.497
vertex -2.368 -2.2 0.428
endloop
endfacet
facet normal 0.49 0.848 -0.203
outer loop
vertex -2.368 -2.2 0.428
vertex -2.437 -2.144 0.497
vertex -2.285 -2.2 0.63
endloop
endfacet
facet normal 0.49 0.848 -0.203
outer loop
vertex -2.437 -2.144 0.497
vertex -2.383 -2.144 0.63
vertex -2.285 -2.2 0.63
endloop
endfacet
facet normal -0.388 -0.607 0.694
outer loop
vertex -2.44 -2.635 0.64
vertex -2.1 -2.718 0.758
vertex -2.31 -2.5 0.831
endloop
endfacet
facet normal 0 -0.317 0.948
outer loop
vertex -2.1 -2.718 0.758
vertex -1.89 -2.5 0.831
vertex -2.31 -2.5 0.831
endloop
endfacet
facet normal 0 0.317 0.948
outer loop
vertex -1.89 -2.5 0.831
vertex -2.1 -2.282 0.758
vertex -2.31 -2.5 0.831
endloop
endfacet
facet normal -0.388 0.607 0.694
outer loop
vertex -2.1 -2.282 0.758
vertex -2.44 -2.365 0.64
vertex -2.31 -2.5 0.831
endloop
endfacet
facet normal -0.826 0 0.563
outer loop
vertex -2.44 -2.365 0.64
vertex -2.44 -2.635 0.64
vertex -2.31 -2.5 0.831
endloop
endfacet
facet normal 0.388 -0.607 0.694
outer loop
vertex -2.1 -2.718 0.758
vertex -1.76 -2.635 0.64
vertex -1.89 -2.5 0.831
endloop
endfacet
facet normal -0.237 -0.971 0
outer loop
vertex -2.44 -2.635 0.64
vertex -2.1 -2.718 0.522
vertex -2.1 -2.718 0.758
endloop
endfacet
facet normal -0.826 0 -0.563
outer loop
vertex -2.44 -2.365 0.64
vertex -2.31 -2.5 0.449
vertex -2.44 -2.635 0.64
endloop
endfacet
facet normal -0.237 0.971 0
outer loop
vertex -2.1 -2.282 0.758
vertex -2.1 -2.282 0.522
vertex -2.44 -2.365 0.64
endloop
endfacet
facet normal 0.388 0.607 0.694
outer loop
vertex -1.89 -2.5 0.831
vertex -1.76 -2.365 0.64
vertex -2.1 -2.282 0.758
endloop
endfacet
facet normal 0.388 -0.607 -0.694
outer loop
vertex -1.76 -2.635 0.64
vertex -2.1 -2.718 0.522
vertex -1.89 -2.5 0.449
endloop
endfacet
facet normal 0 -0.317 -0.948
outer loop
vertex -2.1 -2.718 0.522
vertex -2.31 -2.5 0.449
vertex -1.89 -2.5 0.449
endloop
endfacet
facet normal 0 0.317 -0.948
outer loop
vertex -2.31 -2.5 0.449
vertex -2.1 -2.282 0.522
vertex -1.89 -2.5 0.449
endloop
endfacet
facet normal 0.388 0.607 -0.694
outer loop
vertex -2.1 -2.282 0.522
vertex -1.76 -2.365 0.64
vertex -1.89 -2.5 0.449
endloop
endfacet
facet normal 0.826 0 -0.563
outer loop
vertex -1.76 -2.365 0.64
vertex -1.76 -2.635 0.64
vertex -1.89 -2.5 0.449
endloop
endfacet
facet normal 0.237 -0.971 0
outer loop
vertex -1.76 -2.635 0.64
vertex -2.1 -2.718 0.758
vertex -2.1 -2.718 0.522
endloop
endfacet
facet normal -0.388 -0.607 -0.694
outer loop
vertex -2.1 -2.718 0.522
vertex -2.44 -2.635 0.64
vertex -2.31 -2.5 0.449
endloop
endfacet
facet normal -0.388 0.607 -0.694
outer loop
vertex -2.31 -2.5 0.449
vertex -2.44 -2.365 0.64
vertex -2.1 -2.282 0.522
endloop
endfacet
facet normal 0.237 0.971 0
outer loop
vertex -2.1 -2.282 0.522
vertex -2.1 -2.282 0.758
vertex -1.76 -2.365 0.64
endloop
endfacet
facet normal 0.826 0 0.563
outer loop
vertex -1.76 -2.365 0.64
vertex -1.89 -2.5 0.831
vertex -1.76 -2.635 0.64
endloop
endfacet
facet normal -0.577 -0.577 0.577
outer loop
vertex -2.009 -2.73 0.72
vertex -1.83 -2.799 0.83
vertex -1.94 -2.62 0.899
endloop
endfacet
facet normal 0 -0.357 0.934
outer loop
vertex -1.83 -2.799 0.83
vertex -1.72 -2.62 0.899
vertex -1.94 -2.62 0.899
endloop
endfacet
facet normal 0 0.357 0.934
outer loop
vertex -1.72 -2.62 0.899
vertex -1.83 -2.441 0.83
vertex -1.94 -2.62 0.899
endloop
endfacet
facet normal -0.577 0.577 0.577
outer loop
vertex -1.83 -2.441 0.83
vertex -2.009 -2.51 0.72
vertex -1.94 -2.62 0.899
endloop
endfacet
facet normal -0.934 0 0.357
outer loop
vertex -2.009 -2.51 0.72
vertex -2.009 -2.73 0.72
vertex -1.94 -2.62 0.899
endloop
endfacet
facet normal 0.577 -0.577 0.577
outer loop
vertex -1.83 -2.799 0.83
vertex -1.651 -2.73 0.72
vertex -1.72 -2.62 0.899
endloop
endfacet
facet normal -0.357 -0.934 0
outer loop
vertex -2.009 -2.73 0.72
vertex -1.83 -2.799 0.61
vertex -1.83 -2.799 0.83
endloop
endfacet
facet normal -0.934 0 -0.357
outer loop
vertex -2.009 -2.51 0.72
vertex -1.94 -2.62 0.541
vertex -2.009 -2.73 0.72
endloop
endfacet
facet normal -0.357 0.934 0
outer loop
vertex -1.83 -2.441 0.83
vertex -1.83 -2.441 0.61
vertex -2.009 -2.51 0.72
endloop
endfacet
facet normal 0.577 0.577 0.577
outer loop
vertex -1.72 -2.62 0.899
vertex -1.651 -2.51 0.72
vertex -1.83 -2.441 0.83
endloop
endfacet
facet normal 0.577 -0.577 -0.577
outer loop
vertex -1.651 -2.73 0.72
vertex -1.83 -2.799 0.61
vertex -1.72 -2.62 0.541
endloop
endfacet
facet normal 0 -0.357 -0.934
outer loop
vertex -1.83 -2.799 0.61
vertex -1.94 -2.62 0.541
vertex -1.72 -2.62 0.541
endloop
endfacet
facet normal 0 0.357 -0.934
outer loop
vertex -1.94 -2.62 0.541
vertex -1.83 -2.441 0.61
vertex -1.72 -2.62 0.541
endloop
endfacet
facet normal 0.577 0.577 -0.577
outer loop
vertex -1.83 -2.441 0.61
vertex -1.651 -2.51 0.72
vertex -1.72 -2.62 0.541
endloop
endfacet
facet normal 0.934 0 -0.357
outer loop
vertex -1.651 -2.51 0.72
vertex -1.651 -2.73 0.72
vertex -1.72 -2.62 0.541
endloop
endfacet
facet normal 0.357 -0.934 0
outer loop
vertex -1.651 -2.73 0.72
vertex -1.83 -2.799 0.83
vertex -1.83 -2.799 0.61
endloop
endfacet
facet normal -0.577 -0.577 -0.577
outer loop
vertex -1.83 -2.799 0.61
vertex -2.009 -2.73 0.72
vertex -1.94 -2.62 0.541
endloop
endfacet
facet normal -0.577 0.577 -0.577
outer loop
vertex -1.94 -2.62 0.541
vertex -2.009 -2.51 0.72
vertex -1.83 -2.441 0.61
endloop
endfacet
facet normal 0.357 0.934 0
outer loop
vertex -1.83 -2.441 0.61
vertex -1.83 -2.441 0.83
vertex -1.651 -2.51 0.72
endloop
endfacet
facet normal 0.934 0 0.357
outer loop
vertex -1.651 -2.51 0.72
vertex -1.72 -2.62 0.899
vertex -1.651 -2.73 0.72
endloop
endfacet
facet normal 0.865 -0.482 0.14
outer loop
vertex -1.963 -2.72 0.831
vertex -1.878 -2.57 0.818
vertex -1.937 -2.62 1.009
endloop
endfacet
facet normal 0.04 0.964 0.265
outer loop
vertex -1.878 -2.57 0.818
vertex -2.049 -2.57 0.844
vertex -1.937 -2.62 1.009
endloop
endfacet
facet normal -0.785 -0.482 0.389
outer loop
vertex -2.049 -2.57 0.844
vertex -1.963 -2.72 0.831
vertex -1.937 -2.62 1.009
endloop
endfacet
facet normal -0.149 0 -0.989
outer loop
vertex -1.878 -2.57 0.818
vertex -1.963 -2.72 0.831
vertex -1.963 -2.62 0.831
endloop
endfacet
facet normal -0.149 0 -0.989
outer loop
vertex -2.049 -2.57 0.844
vertex -1.878 -2.57 0.818
vertex -1.963 -2.62 0.831
endloop
endfacet
facet normal -0.149 0 -0.989
outer loop
vertex -1.963 -2.72 0.831
vertex -2.049 -2.57 0.844
vertex -1.963 -2.62 0.831
endloop
endfacet
facet normal -0.498 -0.862 -0.099
outer loop
vertex -1.966 -2.813 0.74
vertex -1.979 -2.805 0.74
vertex -1.963 -2.813 0.728
endloop
endfacet
facet normal -0.498 -0.862 -0.099
outer loop
vertex -1.979 -2.805 0.74
vertex -1.976 -2.805 0.723
vertex -1.963 -2.813 0.728
endloop
endfacet
facet normal -0.422 -0.862 -0.282
outer loop
vertex -1.963 -2.813 0.728
vertex -1.976 -2.805 0.723
vertex -1.957 -2.813 0.718
endloop
endfacet
facet normal -0.422 -0.862 -0.282
outer loop
vertex -1.976 -2.805 0.723
vertex -1.966 -2.805 0.709
vertex -1.957 -2.813 0.718
endloop
endfacet
facet normal -0.282 -0.862 -0.422
outer loop
vertex -1.957 -2.813 0.718
vertex -1.966 -2.805 0.709
vertex -1.947 -2.813 0.712
endloop
endfacet
facet normal -0.282 -0.862 -0.422
outer loop
vertex -1.966 -2.805 0.709
vertex -1.952 -2.805 0.699
vertex -1.947 -2.813 0.712
endloop
endfacet
facet normal -0.099 -0.862 -0.498
outer loop
vertex -1.947 -2.813 0.712
vertex -1.952 -2.805 0.699
vertex -1.935 -2.813 0.709
endloop
endfacet
facet normal -0.099 -0.862 -0.498
outer loop
vertex -1.952 -2.805 0.699
vertex -1.935 -2.805 0.696
vertex -1.935 -2.813 0.709
endloop
endfacet
facet normal 0.099 -0.862 -0.498
outer loop
vertex -1.935 -2.813 0.709
vertex -1.935 -2.805 0.696
vertex -1.923 -2.813 0.712
endloop
endfacet
facet normal 0.099 -0.862 -0.498
outer loop
vertex -1.935 -2.805 0.696
vertex -1.918 -2.805 0.699
vertex -1.923 -2.813 0.712
endloop
endfacet
facet normal 0.282 -0.862 -0.422
outer loop
vertex -1.923 -2.813 0.712
vertex -1.918 -2.805 0.699
vertex -1.913 -2.813 0.718
endloop
endfacet
facet normal 0.282 -0.862 -0.422
outer loop
vertex -1.918 -2.805 0.699
vertex -1.904 -2.805 0.709
vertex -1.913 -2.813 0.718
endloop
endfacet
facet normal 0.422 -0.862 -0.282
outer loop
vertex -1.913 -2.813 0.718
vertex -1.904 -2.805 0.709
vertex -1.907 -2.813 0.728
endloop
endfacet
facet normal 0.422 -0.862 -0.282
outer loop
vertex -1.904 -2.805 0.709
vertex -1.894 -2.805 0.723
vertex -1.907 -2.813 0.728
endloop
endfacet
facet normal 0.498 -0.862 -0.099
outer loop
vertex -1.907 -2.813 0.728
vertex -1.894 -2.805 0.723
vertex -1.904 -2.813 0.74
endloop
endfacet
facet normal 0.498 -0.862 -0.099
outer loop
vertex -1.894 -2.805 0.723
vertex -1.891 -2.805 0.74
vertex -1.904 -2.813 0.74
endloop
endfacet
facet normal 0.981 0 0.195
outer loop
vertex -1.966 -2.797 0.74
vertex -1.966 -2.813 0.74
vertex -1.963 -2.797 0.728
endloop
endfacet
facet normal 0.981 0 0.195
outer loop
vertex -1.966 -2.813 0.74
vertex -1.963 -2.813 0.728
vertex -1.963 -2.797 0.728
endloop
endfacet
facet normal 0.831 0 0.556
outer loop
vertex -1.963 -2.797 0.728
vertex -1.963 -2.813 0.728
vertex -1.957 -2.797 0.718
endloop
endfacet
facet normal 0.831 0 0.556
outer loop
vertex -1.963 -2.813 0.728
vertex -1.957 -2.813 0.718
vertex -1.957 -2.797 0.718
endloop
endfacet
facet normal 0.556 0 0.831
outer loop
vertex -1.957 -2.797 0.718
vertex -1.957 -2.813 0.718
vertex -1.947 -2.797 0.712
endloop
endfacet
facet normal 0.556 0 0.831
outer loop
vertex -1.957 -2.813 0.718
vertex -1.947 -2.813 0.712
vertex -1.947 -2.797 0.712
endloop
endfacet
facet normal 0.195 0 0.981
outer loop
vertex -1.947 -2.797 0.712
vertex -1.947 -2.813 0.712
vertex -1.935 -2.797 0.709
endloop
endfacet
facet normal 0.195 0 0.981
outer loop
vertex -1.947 -2.813 0.712
vertex -1.935 -2.813 0.709
vertex -1.935 -2.797 0.709
endloop
endfacet
facet normal -0.195 0 0.981
outer loop
vertex -1.935 -2.797 0.709
vertex -1.935 -2.813 0.709
vertex -1.923 -2.797 0.712
endloop
endfacet
facet normal -0.195 0 0.981
outer loop
vertex -1.935 -2.813 0.709
vertex -1.923 -2.813 0.712
vertex -1.923 -2.797 0.712
endloop
endfacet
facet normal -0.556 0 0.831
outer loop
vertex -1.923 -2.797 0.712
vertex -1.923 -2.813 0.712
vertex -1.913 -2.797 0.718
endloop
endfacet
facet normal -0.556 0 0.831
outer loop
vertex -1.923 -2.813 0.712
vertex -1.913 -2.813 0.718
vertex -1.913 -2.797 0.718
endloop
endfacet
facet normal -0.831 0 0.556
outer loop
vertex -1.913 -2.797 0.718
vertex -1.913 -2.813 0.718
vertex -1.907 -2.797 0.728
endloop
endfacet
facet normal -0.831 0 0.556
outer loop
vertex -1.913 -2.813 0.718
vertex -1.907 -2.813 0.728
vertex -1.907 -2.797 0.728
endloop
endfacet
facet normal -0.981 0 0.195
outer loop
vertex -1.907 -2.797 0.728
vertex -1.907 -2.813 0.728
vertex -1.904 -2.797 0.74
endloop
endfacet
facet normal -0.981 0 0.195
outer loop
vertex -1.907 -2.813 0.728
vertex -1.904 -2.813 0.74
vertex -1.904 -2.797 0.74
endloop
endfacet
facet normal -0.498 0.862 -0.099
outer loop
vertex -1.979 -2.805 0.74
vertex -1.966 -2.797 0.74
vertex -1.976 -2.805 0.723
endloop
endfacet
facet normal -0.498 0.862 -0.099
outer loop
vertex -1.966 -2.797 0.74
vertex -1.963 -2.797 0.728
vertex -1.976 -2.805 0.723
endloop
endfacet
facet normal -0.422 0.862 -0.282
outer loop
vertex -1.976 -2.805 0.723
vertex -1.963 -2.797 0.728
vertex -1.966 -2.805 0.709
endloop
endfacet
facet normal -0.422 0.862 -0.282
outer loop
vertex -1.963 -2.797 0.728
vertex -1.957 -2.797 0.718
vertex -1.966 -2.805 0.709
endloop
endfacet
facet normal -0.282 0.862 -0.422
outer loop
vertex -1.966 -2.805 0.709
vertex -1.957 -2.797 0.718
vertex -1.952 -2.805 0.699
endloop
endfacet
facet normal -0.282 0.862 -0.422
outer loop
vertex -1.957 -2.797 0.718
vertex -1.947 -2.797 0.712
vertex -1.952 -2.805 0.699
endloop
endfacet
facet normal -0.099 0.862 -0.498
outer loop
vertex -1.952 -2.805 0.699
vertex -1.947 -2.797 0.712
vertex -1.935 -2.805 0.696
endloop
endfacet
facet normal -0.099 0.862 -0.498
outer loop
vertex -1.947 -2.797 0.712
vertex -1.935 -2.797 0.709
vertex -1.935 -2.805 0.696
endloop
endfacet
facet normal 0.099 0.862 -0.498
outer loop
vertex -1.935 -2.805 0.696
vertex -1.935 -2.797 0.709
vertex -1.918 -2.805 0.699
endloop
endfacet
facet normal 0.099 0.862 -0.498
outer loop
vertex -1.935 -2.797 0.709
vertex -1.923 -2.797 0.712
vertex -1.918 -2.805 0.699
endloop
endfacet
facet normal 0.282 0.862 -0.422
outer loop
vertex -1.918 -2.805 0.699
vertex -1.923 -2.797 0.712
vertex -1.904 -2.805 0.709
endloop
endfacet
facet normal 0.282 0.862 -0.422
outer loop
vertex -1.923 -2.797 0.712
vertex -1.913 -2.797 0.718
vertex -1.904 -2.805 0.709
endloop
endfacet
facet normal 0.422 0.862 -0.282
outer loop
vertex -1.904 -2.805 0.709
vertex -1.913 -2.797 0.718
vertex -1.894 -2.805 0.723
endloop
endfacet
facet normal 0.422 0.862 -0.282
outer loop
vertex -1.913 -2.797 0.718
vertex -1.907 -2.797 0.728
vertex -1.894 -2.805 0.723
endloop
endfacet
facet normal 0.498 0.862 -0.099
outer loop
vertex -1.894 -2.805 0.723
vertex -1.907 -2.797 0.728
vertex -1.891 -2.805 0.74
endloop
endfacet
facet normal 0.498 0.862 -0.099
outer loop
vertex -1.907 -2.797 0.728
vertex -1.904 -2.797 0.74
vertex -1.891 -2.805 0.74
endloop
endfacet
facet normal 0.785 -0.482 0.389
outer loop
vertex -1.717 -2.72 0.831
vertex -1.631 -2.57 0.844
vertex -1.743 -2.62 1.009
endloop
endfacet
facet normal -0.04 0.964 0.265
outer loop
vertex -1.631 -2.57 0.844
vertex -1.802 -2.57 0.818
vertex -1.743 -2.62 1.009
endloop
endfacet
facet normal -0.865 -0.482 0.14
outer loop
vertex -1.802 -2.57 0.818
vertex -1.717 -2.72 0.831
vertex -1.743 -2.62 1.009
endloop
endfacet
facet normal 0.149 0 -0.989
outer loop
vertex -1.631 -2.57 0.844
vertex -1.717 -2.72 0.831
vertex -1.717 -2.62 0.831
endloop
endfacet
facet normal 0.149 0 -0.989
outer loop
vertex -1.802 -2.57 0.818
vertex -1.631 -2.57 0.844
vertex -1.717 -2.62 0.831
endloop
endfacet
facet normal 0.149 0 -0.989
outer loop
vertex -1.717 -2.72 0.831
vertex -1.802 -2.57 0.818
vertex -1.717 -2.62 0.831
endloop
endfacet
facet normal -0.498 -0.862 -0.099
outer loop
vertex -1.746 -2.813 0.74
vertex -1.759 -2.805 0.74
vertex -1.743 -2.813 0.728
endloop
endfacet
facet normal -0.498 -0.862 -0.099
outer loop
vertex -1.759 -2.805 0.74
vertex -1.756 -2.805 0.723
vertex -1.743 -2.813 0.728
endloop
endfacet
facet normal -0.422 -0.862 -0.282
outer loop
vertex -1.743 -2.813 0.728
vertex -1.756 -2.805 0.723
vertex -1.737 -2.813 0.718
endloop
endfacet
facet normal -0.422 -0.862 -0.282
outer loop
vertex -1.756 -2.805 0.723
vertex -1.746 -2.805 0.709
vertex -1.737 -2.813 0.718
endloop
endfacet
facet normal -0.282 -0.862 -0.422
outer loop
vertex -1.737 -2.813 0.718
vertex -1.746 -2.805 0.709
vertex -1.727 -2.813 0.712
endloop
endfacet
facet normal -0.282 -0.862 -0.422
outer loop
vertex -1.746 -2.805 0.709
vertex -1.732 -2.805 0.699
vertex -1.727 -2.813 0.712
endloop
endfacet
facet normal -0.099 -0.862 -0.498
outer loop
vertex -1.727 -2.813 0.712
vertex -1.732 -2.805 0.699
vertex -1.715 -2.813 0.709
endloop
endfacet
facet normal -0.099 -0.862 -0.498
outer loop
vertex -1.732 -2.805 0.699
vertex -1.715 -2.805 0.696
vertex -1.715 -2.813 0.709
endloop
endfacet
facet normal 0.099 -0.862 -0.498
outer loop
vertex -1.715 -2.813 0.709
vertex -1.715 -2.805 0.696
vertex -1.703 -2.813 0.712
endloop
endfacet
facet normal 0.099 -0.862 -0.498
outer loop
vertex -1.715 -2.805 0.696
vertex -1.698 -2.805 0.699
vertex -1.703 -2.813 0.712
endloop
endfacet
facet normal 0.282 -0.862 -0.422
outer loop
vertex -1.703 -2.813 0.712
vertex -1.698 -2.805 0.699
vertex -1.693 -2.813 0.718
endloop
endfacet
facet normal 0.282 -0.862 -0.422
outer loop
vertex -1.698 -2.805 0.699
vertex -1.684 -2.805 0.709
vertex -1.693 -2.813 0.718
endloop
endfacet
facet normal 0.422 -0.862 -0.282
outer loop
vertex -1.693 -2.813 0.718
vertex -1.684 -2.805 0.709
vertex -1.687 -2.813 0.728
endloop
endfacet
facet normal 0.422 -0.862 -0.282
outer loop
vertex -1.684 -2.805 0.709
vertex -1.674 -2.805 0.723
vertex -1.687 -2.813 0.728
endloop
endfacet
facet normal 0.498 -0.862 -0.099
outer loop
vertex -1.687 -2.813 0.728
vertex -1.674 -2.805 0.723
vertex -1.684 -2.813 0.74
endloop
endfacet
facet normal 0.498 -0.862 -0.099
outer loop
vertex -1.674 -2.805 0.723
vertex -1.671 -2.805 0.74
vertex -1.684 -2.813 0.74
endloop
endfacet
facet normal 0.981 0 0.195
outer loop
vertex -1.746 -2.797 0.74
vertex -1.746 -2.813 0.74
vertex -1.743 -2.797 0.728
endloop
endfacet
facet normal 0.981 0 0.195
outer loop
vertex -1.746 -2.813 0.74
vertex -1.743 -2.813 0.728
vertex -1.743 -2.797 0.728
endloop
endfacet
facet normal 0.831 0 0.556
outer loop
vertex -1.743 -2.797 0.728
vertex -1.743 -2.813 0.728
vertex -1.737 -2.797 0.718
endloop
endfacet
facet normal 0.831 0 0.556
outer loop
vertex -1.743 -2.813 0.728
vertex -1.737 -2.813 0.718
vertex -1.737 -2.797 0.718
endloop
endfacet
facet normal 0.556 0 0.831
outer loop
vertex -1.737 -2.797 0.718
vertex -1.737 -2.813 0.718
vertex -1.727 -2.797 0.712
endloop
endfacet
facet normal 0.556 0 0.831
outer loop
vertex -1.737 -2.813 0.718
vertex -1.727 -2.813 0.712
vertex -1.727 -2.797 0.712
endloop
endfacet
facet normal 0.195 0 0.981
outer loop
vertex -1.727 -2.797 0.712
vertex -1.727 -2.813 0.712
vertex -1.715 -2.797 0.709
endloop
endfacet
facet normal 0.195 0 0.981
outer loop
vertex -1.727 -2.813 0.712
vertex -1.715 -2.813 0.709
vertex -1.715 -2.797 0.709
endloop
endfacet
facet normal -0.195 0 0.981
outer loop
vertex -1.715 -2.797 0.709
vertex -1.715 -2.813 0.709
vertex -1.703 -2.797 0.712
endloop
endfacet
facet normal -0.195 0 0.981
outer loop
vertex -1.715 -2.813 0.709
vertex -1.703 -2.813 0.712
vertex -1.703 -2.797 0.712
endloop
endfacet
facet normal -0.556 0 0.831
outer loop
vertex -1.703 -2.797 0.712
vertex -1.703 -2.813 0.712
vertex -1.693 -2.797 0.718
endloop
endfacet
facet normal -0.556 0 0.831
outer loop
vertex -1.703 -2.813 0.712
vertex -1.693 -2.813 0.718
vertex -1.693 -2.797 0.718
endloop
endfacet
facet normal -0.831 0 0.556
outer loop
vertex -1.693 -2.797 0.718
vertex -1.693 -2.813 0.718
vertex -1.687 -2.797 0.728
endloop
endfacet
facet normal -0.831 0 0.556
outer loop
vertex -1.693 -2.813 0.718
vertex -1.687 -2.813 0.728
vertex -1.687 -2.797 0.728
endloop
endfacet
facet normal -0.981 0 0.195
outer loop
vertex -1.687 -2.797 0.728
vertex -1.687 -2.813 0.728
vertex -1.684 -2.797 0.74
endloop
endfacet
facet normal -0.981 0 0.195
outer loop
vertex -1.687 -2.813 0.728
vertex -1.684 -2.813 0.74
vertex -1.684 -2.797 0.74
endloop
endfacet
facet normal -0.498 0.862 -0.099
outer loop
vertex -1.759 -2.805 0.74
vertex -1.746 -2.797 0.74
vertex -1.756 -2.805 0.723
endloop
endfacet
facet normal -0.498 0.862 -0.099
outer loop
vertex -1.746 -2.797 0.74
vertex -1.743 -2.797 0.728
vertex -1.756 -2.805 0.723
endloop
endfacet
facet normal -0.422 0.862 -0.282
outer loop
vertex -1.756 -2.805 0.723
vertex -1.743 -2.797 0.728
vertex -1.746 -2.805 0.709
endloop
endfacet
facet normal -0.422 0.862 -0.282
outer loop
vertex -1.743 -2.797 0.728
vertex -1.737 -2.797 0.718
vertex -1.746 -2.805 0.709
endloop
endfacet
facet normal -0.282 0.862 -0.422
outer loop
vertex -1.746 -2.805 0.709
vertex -1.737 -2.797 0.718
vertex -1.732 -2.805 0.699
endloop
endfacet
facet normal -0.282 0.862 -0.422
outer loop
vertex -1.737 -2.797 0.718
vertex -1.727 -2.797 0.712
vertex -1.732 -2.805 0.699
endloop
endfacet
facet normal -0.099 0.862 -0.498
outer loop
vertex -1.732 -2.805 0.699
vertex -1.727 -2.797 0.712
vertex -1.715 -2.805 0.696
endloop
endfacet
facet normal -0.099 0.862 -0.498
outer loop
vertex -1.727 -2.797 0.712
vertex -1.715 -2.797 0.709
vertex -1.715 -2.805 0.696
endloop
endfacet
facet normal 0.099 0.862 -0.498
outer loop
vertex -1.715 -2.805 0.696
vertex -1.715 -2.797 0.709
vertex -1.698 -2.805 0.699
endloop
endfacet
facet normal 0.099 0.862 -0.498
outer loop
vertex -1.715 -2.797 0.709
vertex -1.703 -2.797 0.712
vertex -1.698 -2.805 0.699
endloop
endfacet
facet normal 0.282 0.862 -0.422
outer loop
vertex -1.698 -2.805 0.699
vertex -1.703 -2.797 0.712
vertex -1.684 -2.805 0.709
endloop
endfacet
facet normal 0.282 0.862 -0.422
outer loop
vertex -1.703 -2.797 0.712
vertex -1.693 -2.797 0.718
vertex -1.684 -2.805 0.709
endloop
endfacet
facet normal 0.422 0.862 -0.282
outer loop
vertex -1.684 -2.805 0.709
vertex -1.693 -2.797 0.718
vertex -1.674 -2.805 0.723
endloop
endfacet
facet normal 0.422 0.862 -0.282
outer loop
vertex -1.693 -2.797 0.718
vertex -1.687 -2.797 0.728
vertex -1.674 -2.805 0.723
endloop
endfacet
facet normal 0.498 0.862 -0.099
outer loop
vertex -1.674 -2.805 0.723
vertex -1.687 -2.797 0.728
vertex -1.671 -2.805 0.74
endloop
endfacet
facet normal 0.498 0.862 -0.099
outer loop
vertex -1.687 -2.797 0.728
vertex -1.684 -2.797 0.74
vertex -1.671 -2.805 0.74
endloop
endfacet
facet normal 0.494 -0.15 -0.856
outer loop
vertex -2.125 -2.57 0.569
vertex -2.02 -2.57 0.63
vertex -2.163 -2.695 0.569
endloop
endfacet
facet normal 0.494 -0.15 -0.856
outer loop
vertex -2.02 -2.57 0.63
vertex -2.076 -2.753 0.63
vertex -2.163 -2.695 0.569
endloop
endfacet
facet normal 0.328 -0.399 -0.856
outer loop
vertex -2.163 -2.695 0.569
vertex -2.076 -2.753 0.63
vertex -2.264 -2.778 0.569
endloop
endfacet
facet normal 0.328 -0.399 -0.856
outer loop
vertex -2.076 -2.753 0.63
vertex -2.224 -2.875 0.63
vertex -2.264 -2.778 0.569
endloop
endfacet
facet normal 0.051 -0.514 -0.856
outer loop
vertex -2.264 -2.778 0.569
vertex -2.224 -2.875 0.63
vertex -2.394 -2.791 0.569
endloop
endfacet
facet normal 0.051 -0.514 -0.856
outer loop
vertex -2.224 -2.875 0.63
vertex -2.414 -2.894 0.63
vertex -2.394 -2.791 0.569
endloop
endfacet
facet normal -0.244 -0.456 -0.856
outer loop
vertex -2.394 -2.791 0.569
vertex -2.414 -2.894 0.63
vertex -2.509 -2.729 0.569
endloop
endfacet
facet normal -0.244 -0.456 -0.856
outer loop
vertex -2.414 -2.894 0.63
vertex -2.583 -2.803 0.63
vertex -2.509 -2.729 0.569
endloop
endfacet
facet normal -0.456 -0.244 -0.856
outer loop
vertex -2.509 -2.729 0.569
vertex -2.583 -2.803 0.63
vertex -2.571 -2.614 0.569
endloop
endfacet
facet normal -0.456 -0.244 -0.856
outer loop
vertex -2.583 -2.803 0.63
vertex -2.674 -2.634 0.63
vertex -2.571 -2.614 0.569
endloop
endfacet
facet normal -0.514 0.051 -0.856
outer loop
vertex -2.571 -2.614 0.569
vertex -2.674 -2.634 0.63
vertex -2.558 -2.484 0.569
endloop
endfacet
facet normal -0.514 0.051 -0.856
outer loop
vertex -2.674 -2.634 0.63
vertex -2.655 -2.444 0.63
vertex -2.558 -2.484 0.569
endloop
endfacet
facet normal -0.399 0.328 -0.856
outer loop
vertex -2.558 -2.484 0.569
vertex -2.655 -2.444 0.63
vertex -2.475 -2.383 0.569
endloop
endfacet
facet normal -0.399 0.328 -0.856
outer loop
vertex -2.655 -2.444 0.63
vertex -2.533 -2.296 0.63
vertex -2.475 -2.383 0.569
endloop
endfacet
facet normal -0.15 0.494 -0.856
outer loop
vertex -2.475 -2.383 0.569
vertex -2.533 -2.296 0.63
vertex -2.35 -2.345 0.569
endloop
endfacet
facet normal -0.15 0.494 -0.856
outer loop
vertex -2.533 -2.296 0.63
vertex -2.35 -2.24 0.63
vertex -2.35 -2.345 0.569
endloop
endfacet
facet normal -0.957 0.29 0
outer loop
vertex -2.125 -2.57 0.691
vertex -2.125 -2.57 0.569
vertex -2.163 -2.695 0.691
endloop
endfacet
facet normal -0.957 0.29 0
outer loop
vertex -2.125 -2.57 0.569
vertex -2.163 -2.695 0.569
vertex -2.163 -2.695 0.691
endloop
endfacet
facet normal -0.634 0.773 0
outer loop
vertex -2.163 -2.695 0.691
vertex -2.163 -2.695 0.569
vertex -2.264 -2.778 0.691
endloop
endfacet
facet normal -0.634 0.773 0
outer loop
vertex -2.163 -2.695 0.569
vertex -2.264 -2.778 0.569
vertex -2.264 -2.778 0.691
endloop
endfacet
facet normal -0.098 0.995 0
outer loop
vertex -2.264 -2.778 0.691
vertex -2.264 -2.778 0.569
vertex -2.394 -2.791 0.691
endloop
endfacet
facet normal -0.098 0.995 0
outer loop
vertex -2.264 -2.778 0.569
vertex -2.394 -2.791 0.569
vertex -2.394 -2.791 0.691
endloop
endfacet
facet normal 0.471 0.882 0
outer loop
vertex -2.394 -2.791 0.691
vertex -2.394 -2.791 0.569
vertex -2.509 -2.729 0.691
endloop
endfacet
facet normal 0.471 0.882 0
outer loop
vertex -2.394 -2.791 0.569
vertex -2.509 -2.729 0.569
vertex -2.509 -2.729 0.691
endloop
endfacet
facet normal 0.882 0.471 0
outer loop
vertex -2.509 -2.729 0.691
vertex -2.509 -2.729 0.569
vertex -2.571 -2.614 0.691
endloop
endfacet
facet normal 0.882 0.471 0
outer loop
vertex -2.509 -2.729 0.569
vertex -2.571 -2.614 0.569
vertex -2.571 -2.614 0.691
endloop
endfacet
facet normal 0.995 -0.098 0
outer loop
vertex -2.571 -2.614 0.691
vertex -2.571 -2.614 0.569
vertex -2.558 -2.484 0.691
endloop
endfacet
facet normal 0.995 -0.098 0
outer loop
vertex -2.571 -2.614 0.569
vertex -2.558 -2.484 0.569
vertex -2.558 -2.484 0.691
endloop
endfacet
facet normal 0.773 -0.634 0
outer loop
vertex -2.558 -2.484 0.691
vertex -2.558 -2.484 0.569
vertex -2.475 -2.383 0.691
endloop
endfacet
facet normal 0.773 -0.634 0
outer loop
vertex -2.558 -2.484 0.569
vertex -2.475 -2.383 0.569
vertex -2.475 -2.383 0.691
endloop
endfacet
facet normal 0.29 -0.957 0
outer loop
vertex -2.475 -2.383 0.691
vertex -2.475 -2.383 0.569
vertex -2.35 -2.345 0.691
endloop
endfacet
facet normal 0.29 -0.957 0
outer loop
vertex -2.475 -2.383 0.569
vertex -2.35 -2.345 0.569
vertex -2.35 -2.345 0.691
endloop
endfacet
facet normal 0.494 -0.15 0.856
outer loop
vertex -2.02 -2.57 0.63
vertex -2.125 -2.57 0.691
vertex -2.076 -2.753 0.63
endloop
endfacet
facet normal 0.494 -0.15 0.856
outer loop
vertex -2.125 -2.57 0.691
vertex -2.163 -2.695 0.691
vertex -2.076 -2.753 0.63
endloop
endfacet
facet normal 0.328 -0.399 0.856
outer loop
vertex -2.076 -2.753 0.63
vertex -2.163 -2.695 0.691
vertex -2.224 -2.875 0.63
endloop
endfacet
facet normal 0.328 -0.399 0.856
outer loop
vertex -2.163 -2.695 0.691
vertex -2.264 -2.778 0.691
vertex -2.224 -2.875 0.63
endloop
endfacet
facet normal 0.051 -0.514 0.856
outer loop
vertex -2.224 -2.875 0.63
vertex -2.264 -2.778 0.691
vertex -2.414 -2.894 0.63
endloop
endfacet
facet normal 0.051 -0.514 0.856
outer loop
vertex -2.264 -2.778 0.691
vertex -2.394 -2.791 0.691
vertex -2.414 -2.894 0.63
endloop
endfacet
facet normal -0.244 -0.456 0.856
outer loop
vertex -2.414 -2.894 0.63
vertex -2.394 -2.791 0.691
vertex -2.583 -2.803 0.63
endloop
endfacet
facet normal -0.244 -0.456 0.856
outer loop
vertex -2.394 -2.791 0.691
vertex -2.509 -2.729 0.691
vertex -2.583 -2.803 0.63
endloop
endfacet
facet normal -0.456 -0.244 0.856
outer loop
vertex -2.583 -2.803 0.63
vertex -2.509 -2.729 0.691
vertex -2.674 -2.634 0.63
endloop
endfacet
facet normal -0.456 -0.244 0.856
outer loop
vertex -2.509 -2.729 0.691
vertex -2.571 -2.614 0.691
vertex -2.674 -2.634 0.63
endloop
endfacet
facet normal -0.514 0.051 0.856
outer loop
vertex -2.674 -2.634 0.63
vertex -2.571 -2.614 0.691
vertex -2.655 -2.444 0.63
endloop
endfacet
facet normal -0.514 0.051 0.856
outer loop
vertex -2.571 -2.614 0.691
vertex -2.558 -2.484 0.691
vertex -2.655 -2.444 0.63
endloop
endfacet
facet normal -0.399 0.328 0.856
outer loop
vertex -2.655 -2.444 0.63
vertex -2.558 -2.484 0.691
vertex -2.533 -2.296 0.63
endloop
endfacet
facet normal -0.399 0.328 0.856
outer loop
vertex -2.558 -2.484 0.691
vertex -2.475 -2.383 0.691
vertex -2.533 -2.296 0.63
endloop
endfacet
facet normal -0.15 0.494 0.856
outer loop
vertex -2.533 -2.296 0.63
vertex -2.475 -2.383 0.691
vertex -2.35 -2.24 0.63
endloop
endfacet
facet normal -0.15 0.494 0.856
outer loop
vertex -2.475 -2.383 0.691
vertex -2.35 -2.345 0.691
vertex -2.35 -2.24 0.63
endloop
endfacet
facet normal 0.195 -0.858 0.476
outer loop
vertex 1.593 -3.769 0.42
vertex 1.564 -3.864 0.26
vertex 2.276 -3.614 0.42
endloop
endfacet
facet normal 0.195 -0.858 0.476
outer loop
vertex 1.564 -3.864 0.26
vertex 2.344 -3.687 0.26
vertex 2.276 -3.614 0.42
endloop
endfacet
facet normal 0.84 -0.26 0.476
outer loop
vertex 2.276 -3.614 0.42
vertex 2.344 -3.687 0.26
vertex 2.483 -2.945 0.42
endloop
endfacet
facet normal 0.84 -0.26 0.476
outer loop
vertex 2.344 -3.687 0.26
vertex 2.58 -2.923 0.26
vertex 2.483 -2.945 0.42
endloop
endfacet
facet normal 0.645 0.598 0.476
outer loop
vertex 2.483 -2.945 0.42
vertex 2.58 -2.923 0.26
vertex 2.007 -2.431 0.42
endloop
endfacet
facet normal 0.645 0.598 0.476
outer loop
vertex 2.58 -2.923 0.26
vertex 2.036 -2.336 0.26
vertex 2.007 -2.431 0.42
endloop
endfacet
facet normal -0.195 0.858 0.476
outer loop
vertex 2.007 -2.431 0.42
vertex 2.036 -2.336 0.26
vertex 1.324 -2.586 0.42
endloop
endfacet
facet normal -0.195 0.858 0.476
outer loop
vertex 2.036 -2.336 0.26
vertex 1.256 -2.513 0.26
vertex 1.324 -2.586 0.42
endloop
endfacet
facet normal -0.84 0.26 0.476
outer loop
vertex 1.324 -2.586 0.42
vertex 1.256 -2.513 0.26
vertex 1.117 -3.255 0.42
endloop
endfacet
facet normal -0.84 0.26 0.476
outer loop
vertex 1.256 -2.513 0.26
vertex 1.02 -3.277 0.26
vertex 1.117 -3.255 0.42
endloop
endfacet
facet normal -0.645 -0.598 0.476
outer loop
vertex 1.117 -3.255 0.42
vertex 1.02 -3.277 0.26
vertex 1.593 -3.769 0.42
endloop
endfacet
facet normal -0.645 -0.598 0.476
outer loop
vertex 1.02 -3.277 0.26
vertex 1.564 -3.864 0.26
vertex 1.593 -3.769 0.42
endloop
endfacet
facet normal 0 0 1
outer loop
vertex 1.593 -3.769 0.42
vertex 2.276 -3.614 0.42
vertex 1.8 -3.1 0.42
endloop
endfacet
facet normal 0 0 1
outer loop
vertex 2.276 -3.614 0.42
vertex 2.483 -2.945 0.42
vertex 1.8 -3.1 0.42
endloop
endfacet
facet normal 0 0 1
outer loop
vertex 2.483 -2.945 0.42
vertex 2.007 -2.431 0.42
vertex 1.8 -3.1 0.42
endloop
endfacet
facet normal 0 0 1
outer loop
vertex 2.007 -2.431 0.42
vertex 1.324 -2.586 0.42
vertex 1.8 -3.1 0.42
endloop
endfacet
facet normal 0 0 1
outer loop
vertex 1.324 -2.586 0.42
vertex 1.117 -3.255 0.42
vertex 1.8 -3.1 0.42
endloop
endfacet
facet normal 0 0 1
outer loop
vertex 1.117 -3.255 0.42
vertex 1.593 -3.769 0.42
vertex 1.8 -3.1 0.42
endloop
endfacet
facet normal 0 0 -1
outer loop
vertex 2.344 -3.687 0.26
vertex 1.564 -3.864 0.26
vertex 1.8 -3.1 0.26
endloop
endfacet
facet normal 0 0 -1
outer loop
vertex 2.58 -2.923 0.26
vertex 2.344 -3.687 0.26
vertex 1.8 -3.1 0.26
endloop
endfacet
facet normal 0 0 -1
outer loop
vertex 2.036 -2.336 0.26
vertex 2.58 -2.923 0.26
vertex 1.8 -3.1 0.26
endloop
endfacet
facet normal 0 0 -1
outer loop
vertex 1.256 -2.513 0.26
vertex 2.036 -2.336 0.26
vertex 1.8 -3.1 0.26
endloop
endfacet
facet normal 0 0 -1
outer loop
vertex 1.02 -3.277 0.26
vertex 1.256 -2.513 0.26
vertex 1.8 -3.1 0.26
endloop
endfacet
facet normal 0 0 -1
outer loop
vertex 1.564 -3.864 0.26
vertex 1.02 -3.277 0.26
vertex 1.8 -3.1 0.26
endloop
endfacet
facet normal 0.955 -0.296 0
outer loop
vertex 1.853 -3.2 1.7
vertex 1.853 -3.2 0.4
vertex 1.9 -3.047 1.7
endloop
endfacet
facet normal 0.955 -0.296 0
outer loop
vertex 1.853 -3.2 0.4
vertex 1.9 -3.047 0.4
vertex 1.9 -3.047 1.7
endloop
endfacet
facet normal -0.955 0.296 0
outer loop
vertex 1.747 -3 1.7
vertex 1.747 -3 0.4
vertex 1.7 -3.153 1.7
endloop
endfacet
facet normal -0.955 0.296 0
outer loop
vertex 1.747 -3 0.4
vertex 1.7 -3.153 0.4
vertex 1.7 -3.153 1.7
endloop
endfacet
facet normal 0 0 1
outer loop
vertex 1.747 -3 1.7
vertex 1.7 -3.153 1.7
vertex 1.9 -3.047 1.7
endloop
endfacet
facet normal 0 0 1
outer loop
vertex 1.7 -3.153 1.7
vertex 1.853 -3.2 1.7
vertex 1.9 -3.047 1.7
endloop
endfacet
facet normal 0 0 -1
outer loop
vertex 1.7 -3.153 0.4
vertex 1.747 -3 0.4
vertex 1.853 -3.2 0.4
endloop
endfacet
facet normal 0 0 -1
outer loop
vertex 1.747 -3 0.4
vertex 1.9 -3.047 0.4
vertex 1.853 -3.2 0.4
endloop
endfacet
facet normal -0.296 -0.955 0
outer loop
vertex 1.7 -3.153 1.7
vertex 1.7 -3.153 0.4
vertex 1.853 -3.2 1.7
endloop
endfacet
facet normal -0.296 -0.955 0
outer loop
vertex 1.7 -3.153 0.4
vertex 1.853 -3.2 0.4
vertex 1.853 -3.2 1.7
endloop
endfacet
facet normal 0.296 0.955 0
outer loop
vertex 1.9 -3.047 1.7
vertex 1.9 -3.047 0.4
vertex 1.747 -3 1.7
endloop
endfacet
facet normal 0.296 0.955 0
outer loop
vertex 1.9 -3.047 0.4
vertex 1.747 -3 0.4
vertex 1.747 -3 1.7
endloop
endfacet
facet normal 0.955 -0.296 0
outer loop
vertex 2.047 -3.569 2.175
vertex 2.047 -3.569 1.625
vertex 2.269 -2.853 2.175
endloop
endfacet
facet normal 0.955 -0.296 0
outer loop
vertex 2.047 -3.569 1.625
vertex 2.269 -2.853 1.625
vertex 2.269 -2.853 2.175
endloop
endfacet
facet normal -0.955 0.296 0
outer loop
vertex 1.553 -2.631 2.175
vertex 1.553 -2.631 1.625
vertex 1.331 -3.347 2.175
endloop
endfacet
facet normal -0.955 0.296 0
outer loop
vertex 1.553 -2.631 1.625
vertex 1.331 -3.347 1.625
vertex 1.331 -3.347 2.175
endloop
endfacet
facet normal 0 0 1
outer loop
vertex 1.553 -2.631 2.175
vertex 1.331 -3.347 2.175
vertex 2.269 -2.853 2.175
endloop
endfacet
facet normal 0 0 1
outer loop
vertex 1.331 -3.347 2.175
vertex 2.047 -3.569 2.175
vertex 2.269 -2.853 2.175
endloop
endfacet
facet normal 0 0 -1
outer loop
vertex 1.331 -3.347 1.625
vertex 1.553 -2.631 1.625
vertex 2.047 -3.569 1.625
endloop
endfacet
facet normal 0 0 -1
outer loop
vertex 1.553 -2.631 1.625
vertex 2.269 -2.853 1.625
vertex 2.047 -3.569 1.625
endloop
endfacet
facet normal -0.296 -0.955 0
outer loop
vertex 1.331 -3.347 2.175
vertex 1.331 -3.347 1.625
vertex 2.047 -3.569 2.175
endloop
endfacet
facet normal -0.296 -0.955 0
outer loop
vertex 1.331 -3.347 1.625
vertex 2.047 -3.569 1.625
vertex 2.047 -3.569 2.175
endloop
endfacet
facet normal 0.296 0.955 0
outer loop
vertex 2.269 -2.853 2.175
vertex 2.269 -2.853 1.625
vertex 1.553 -2.631 2.175
endloop
endfacet
facet normal 0.296 0.955 0
outer loop
vertex 2.269 -2.853 1.625
vertex 1.553 -2.631 1.625
vertex 1.553 -2.631 2.175
endloop
endfacet
facet normal 0.478 -0.148 -0.866
outer loop
vertex 1.688 -3.463 1.78
vertex 1.912 -2.737 1.78
vertex 2.002 -3.56 1.97
endloop
endfacet
facet normal 0.478 -0.148 -0.866
outer loop
vertex 1.912 -2.737 1.78
vertex 2.227 -2.834 1.97
vertex 2.002 -3.56 1.97
endloop
endfacet
facet normal 0.955 -0.296 0
outer loop
vertex 2.002 -3.56 1.97
vertex 2.227 -2.834 1.97
vertex 2.002 -3.56 2.35
endloop
endfacet
facet normal 0.955 -0.296 0
outer loop
vertex 2.227 -2.834 1.97
vertex 2.227 -2.834 2.35
vertex 2.002 -3.56 2.35
endloop
endfacet
facet normal 0.478 -0.148 0.866
outer loop
vertex 2.002 -3.56 2.35
vertex 2.227 -2.834 2.35
vertex 1.688 -3.463 2.54
endloop
endfacet
facet normal 0.478 -0.148 0.866
outer loop
vertex 2.227 -2.834 2.35
vertex 1.912 -2.737 2.54
vertex 1.688 -3.463 2.54
endloop
endfacet
facet normal -0.478 0.148 0.866
outer loop
vertex 1.688 -3.463 2.54
vertex 1.912 -2.737 2.54
vertex 1.373 -3.366 2.35
endloop
endfacet
facet normal -0.478 0.148 0.866
outer loop
vertex 1.912 -2.737 2.54
vertex 1.598 -2.64 2.35
vertex 1.373 -3.366 2.35
endloop
endfacet
facet normal -0.955 0.296 0
outer loop
vertex 1.373 -3.366 2.35
vertex 1.598 -2.64 2.35
vertex 1.373 -3.366 1.97
endloop
endfacet
facet normal -0.955 0.296 0
outer loop
vertex 1.598 -2.64 2.35
vertex 1.598 -2.64 1.97
vertex 1.373 -3.366 1.97
endloop
endfacet
facet normal -0.478 0.148 -0.866
outer loop
vertex 1.373 -3.366 1.97
vertex 1.598 -2.64 1.97
vertex 1.688 -3.463 1.78
endloop
endfacet
facet normal -0.478 0.148 -0.866
outer loop
vertex 1.598 -2.64 1.97
vertex 1.912 -2.737 1.78
vertex 1.688 -3.463 1.78
endloop
endfacet
facet normal -0.296 -0.955 0
outer loop
vertex 1.688 -3.463 1.78
vertex 2.002 -3.56 1.97
vertex 1.688 -3.463 2.16
endloop
endfacet
facet normal -0.296 -0.955 0
outer loop
vertex 2.002 -3.56 1.97
vertex 2.002 -3.56 2.35
vertex 1.688 -3.463 2.16
endloop
endfacet
facet normal -0.296 -0.955 0
outer loop
vertex 2.002 -3.56 2.35
vertex 1.688 -3.463 2.54
vertex 1.688 -3.463 2.16
endloop
endfacet
facet normal -0.296 -0.955 0
outer loop
vertex 1.688 -3.463 2.54
vertex 1.373 -3.366 2.35
vertex 1.688 -3.463 2.16
endloop
endfacet
facet normal -0.296 -0.955 0
outer loop
vertex 1.373 -3.366 2.35
vertex 1.373 -3.366 1.97
vertex 1.688 -3.463 2.16
endloop
endfacet
facet normal -0.296 -0.955 0
outer loop
vertex 1.373 -3.366 1.97
vertex 1.688 -3.463 1.78
vertex 1.688 -3.463 2.16
endloop
endfacet
facet normal 0.296 0.955 0
outer loop
vertex 2.227 -2.834 1.97
vertex 1.912 -2.737 1.78
vertex 1.912 -2.737 2.16
endloop
endfacet
facet normal 0.296 0.955 0
outer loop
vertex 2.227 -2.834 2.35
vertex 2.227 -2.834 1.97
vertex 1.912 -2.737 2.16
endloop
endfacet
facet normal 0.296 0.955 0
outer loop
vertex 1.912 -2.737 2.54
vertex 2.227 -2.834 2.35
vertex 1.912 -2.737 2.16
endloop
endfacet
facet normal 0.296 0.955 0
outer loop
vertex 1.598 -2.64 2.35
vertex 1.912 -2.737 2.54
vertex 1.912 -2.737 2.16
endloop
endfacet
facet normal 0.296 0.955 0
outer loop
vertex 1.598 -2.64 1.97
vertex 1.598 -2.64 2.35
vertex 1.912 -2.737 2.16
endloop
endfacet
facet normal 0.296 0.955 0
outer loop
vertex 1.912 -2.737 1.78
vertex 1.598 -2.64 1.97
vertex 1.912 -2.737 2.16
endloop
endfacet
facet normal 0.955 -0.296 0
outer loop
vertex 1.945 -3.563 1.945
vertex 1.945 -3.563 1.895
vertex 1.95 -3.544 1.945
endloop
endfacet
facet normal 0.955 -0.296 0
outer loop
vertex 1.945 -3.563 1.895
vertex 1.95 -3.544 1.895
vertex 1.95 -3.544 1.945
endloop
endfacet
facet normal -0.955 0.296 0
outer loop
vertex 1.425 -3.382 1.945
vertex 1.425 -3.382 1.895
vertex 1.419 -3.401 1.945
endloop
endfacet
facet normal -0.955 0.296 0
outer loop
vertex 1.425 -3.382 1.895
vertex 1.419 -3.401 1.895
vertex 1.419 -3.401 1.945
endloop
endfacet
facet normal 0 0 1
outer loop
vertex 1.425 -3.382 1.945
vertex 1.419 -3.401 1.945
vertex 1.95 -3.544 1.945
endloop
endfacet
facet normal 0 0 1
outer loop
vertex 1.419 -3.401 1.945
vertex 1.945 -3.563 1.945
vertex 1.95 -3.544 1.945
endloop
endfacet
facet normal 0 0 -1
outer loop
vertex 1.419 -3.401 1.895
vertex 1.425 -3.382 1.895
vertex 1.945 -3.563 1.895
endloop
endfacet
facet normal 0 0 -1
outer loop
vertex 1.425 -3.382 1.895
vertex 1.95 -3.544 1.895
vertex 1.945 -3.563 1.895
endloop
endfacet
facet normal -0.296 -0.955 0
outer loop
vertex 1.419 -3.401 1.945
vertex 1.419 -3.401 1.895
vertex 1.945 -3.563 1.945
endloop
endfacet
facet normal -0.296 -0.955 0
outer loop
vertex 1.419 -3.401 1.895
vertex 1.945 -3.563 1.895
vertex 1.945 -3.563 1.945
endloop
endfacet
facet normal 0.296 0.955 0
outer loop
vertex 1.95 -3.544 1.945
vertex 1.95 -3.544 1.895
vertex 1.425 -3.382 1.945
endloop
endfacet
facet normal 0.296 0.955 0
outer loop
vertex 1.95 -3.544 1.895
vertex 1.425 -3.382 1.895
vertex 1.425 -3.382 1.945
endloop
endfacet
facet normal 0.955 -0.296 0
outer loop
vertex 2.189 -3.239 2.55
vertex 2.189 -3.239 1.95
vertex 2.199 -3.205 2.55
endloop
endfacet
facet normal 0.955 -0.296 0
outer loop
vertex 2.189 -3.239 1.95
vertex 2.199 -3.205 1.95
vertex 2.199 -3.205 2.55
endloop
endfacet
facet normal -0.955 0.296 0
outer loop
vertex 2.175 -3.198 2.55
vertex 2.175 -3.198 1.95
vertex 2.165 -3.231 2.55
endloop
endfacet
facet normal -0.955 0.296 0
outer loop
vertex 2.175 -3.198 1.95
vertex 2.165 -3.231 1.95
vertex 2.165 -3.231 2.55
endloop
endfacet
facet normal 0 0 1
outer loop
vertex 2.175 -3.198 2.55
vertex 2.165 -3.231 2.55
vertex 2.199 -3.205 2.55
endloop
endfacet
facet normal 0 0 1
outer loop
vertex 2.165 -3.231 2.55
vertex 2.189 -3.239 2.55
vertex 2.199 -3.205 2.55
endloop
endfacet
facet normal 0 0 -1
outer loop
vertex 2.165 -3.231 1.95
vertex 2.175 -3.198 1.95
vertex 2.189 -3.239 1.95
endloop
endfacet
facet normal 0 0 -1
outer loop
vertex 2.175 -3.198 1.95
vertex 2.199 -3.205 1.95
vertex 2.189 -3.239 1.95
endloop
endfacet
facet normal -0.296 -0.955 0
outer loop
vertex 2.165 -3.231 2.55
vertex 2.165 -3.231 1.95
vertex 2.189 -3.239 2.55
endloop
endfacet
facet normal -0.296 -0.955 0
outer loop
vertex 2.165 -3.231 1.95
vertex 2.189 -3.239 1.95
vertex 2.189 -3.239 2.55
endloop
endfacet
facet normal 0.296 0.955 0
outer loop
vertex 2.199 -3.205 2.55
vertex 2.199 -3.205 1.95
vertex 2.175 -3.198 2.55
endloop
endfacet
facet normal 0.296 0.955 0
outer loop
vertex 2.199 -3.205 1.95
vertex 2.175 -3.198 1.95
vertex 2.175 -3.198 2.55
endloop
endfacet
facet normal 0.955 -0.296 0
outer loop
vertex 2.434 -3.317 2.585
vertex 2.434 -3.317 2.415
vertex 2.446 -3.279 2.585
endloop
endfacet
facet normal 0.955 -0.296 0
outer loop
vertex 2.434 -3.317 2.415
vertex 2.446 -3.279 2.415
vertex 2.446 -3.279 2.585
endloop
endfacet
facet normal -0.955 0.296 0
outer loop
vertex 2.178 -3.196 2.585
vertex 2.178 -3.196 2.415
vertex 2.167 -3.234 2.585
endloop
endfacet
facet normal -0.955 0.296 0
outer loop
vertex 2.178 -3.196 2.415
vertex 2.167 -3.234 2.415
vertex 2.167 -3.234 2.585
endloop
endfacet
facet normal 0 0 1
outer loop
vertex 2.178 -3.196 2.585
vertex 2.167 -3.234 2.585
vertex 2.446 -3.279 2.585
endloop
endfacet
facet normal 0 0 1
outer loop
vertex 2.167 -3.234 2.585
vertex 2.434 -3.317 2.585
vertex 2.446 -3.279 2.585
endloop
endfacet
facet normal 0 0 -1
outer loop
vertex 2.167 -3.234 2.415
vertex 2.178 -3.196 2.415
vertex 2.434 -3.317 2.415
endloop
endfacet
facet normal 0 0 -1
outer loop
vertex 2.178 -3.196 2.415
vertex 2.446 -3.279 2.415
vertex 2.434 -3.317 2.415
endloop
endfacet
facet normal -0.296 -0.955 0
outer loop
vertex 2.167 -3.234 2.585
vertex 2.167 -3.234 2.415
vertex 2.434 -3.317 2.585
endloop
endfacet
facet normal -0.296 -0.955 0
outer loop
vertex 2.167 -3.234 2.415
vertex 2.434 -3.317 2.415
vertex 2.434 -3.317 2.585
endloop
endfacet
facet normal 0.296 0.955 0
outer loop
vertex 2.446 -3.279 2.585
vertex 2.446 -3.279 2.415
vertex 2.178 -3.196 2.585
endloop
endfacet
facet normal 0.296 0.955 0
outer loop
vertex 2.446 -3.279 2.415
vertex 2.178 -3.196 2.415
vertex 2.178 -3.196 2.585
endloop
endfacet
facet normal 1 0 0
outer loop
vertex 2.75 -2.35 1.015
vertex 2.75 -2.35 0.265
vertex 2.75 -2.25 1.015
endloop
endfacet
facet normal 1 0 0
outer loop
vertex 2.75 -2.35 0.265
vertex 2.75 -2.25 0.265
vertex 2.75 -2.25 1.015
endloop
endfacet
facet normal -1 0 0
outer loop
vertex 2.65 -2.25 1.015
vertex 2.65 -2.25 0.265
vertex 2.65 -2.35 1.015
endloop
endfacet
facet normal -1 0 0
outer loop
vertex 2.65 -2.25 0.265
vertex 2.65 -2.35 0.265
vertex 2.65 -2.35 1.015
endloop
endfacet
facet normal 0 0 1
outer loop
vertex 2.65 -2.25 1.015
vertex 2.65 -2.35 1.015
vertex 2.75 -2.25 1.015
endloop
endfacet
facet normal 0 0 1
outer loop
vertex 2.65 -2.35 1.015
vertex 2.75 -2.35 1.015
vertex 2.75 -2.25 1.015
endloop
endfacet
facet normal 0 0 -1
outer loop
vertex 2.65 -2.35 0.265
vertex 2.65 -2.25 0.265
vertex 2.75 -2.35 0.265
endloop
endfacet
facet normal 0 0 -1
outer loop
vertex 2.65 -2.25 0.265
vertex 2.75 -2.25 0.265
vertex 2.75 -2.35 0.265
endloop
endfacet
facet normal 0 -1 0
outer loop
vertex 2.65 -2.35 1.015
vertex 2.65 -2.35 0.265
vertex 2.75 -2.35 1.015
endloop
endfacet
facet normal 0 -1 0
outer loop
vertex 2.65 -2.35 0.265
vertex 2.75 -2.35 0.265
vertex 2.75 -2.35 1.015
endloop
endfacet
facet normal 0 1 0
outer loop
vertex 2.75 -2.25 1.015
vertex 2.75 -2.25 0.265
vertex 2.65 -2.25 1.015
endloop
endfacet
facet normal 0 1 0
outer loop
vertex 2.75 -2.25 0.265
vertex 2.65 -2.25 0.265
vertex 2.65 -2.25 1.015
endloop
endfacet
facet normal 1 0 0
outer loop
vertex 3.18 -2.13 1.015
vertex 3.18 -2.13 0.265
vertex 3.18 -2.03 1.015
endloop
endfacet
facet normal 1 0 0
outer loop
vertex 3.18 -2.13 0.265
vertex 3.18 -2.03 0.265
vertex 3.18 -2.03 1.015
endloop
endfacet
facet normal -1 0 0
outer loop
vertex 3.08 -2.03 1.015
vertex 3.08 -2.03 0.265
vertex 3.08 -2.13 1.015
endloop
endfacet
facet normal -1 0 0
outer loop
vertex 3.08 -2.03 0.265
vertex 3.08 -2.13 0.265
vertex 3.08 -2.13 1.015
endloop
endfacet
facet normal 0 0 1
outer loop
vertex 3.08 -2.03 1.015
vertex 3.08 -2.13 1.015
vertex 3.18 -2.03 1.015
endloop
endfacet
facet normal 0 0 1
outer loop
vertex 3.08 -2.13 1.015
vertex 3.18 -2.13 1.015
vertex 3.18 -2.03 1.015
endloop
endfacet
facet normal 0 0 -1
outer loop
vertex 3.08 -2.13 0.265
vertex 3.08 -2.03 0.265
vertex 3.18 -2.13 0.265
endloop
endfacet
facet normal 0 0 -1
outer loop
vertex 3.08 -2.03 0.265
vertex 3.18 -2.03 0.265
vertex 3.18 -2.13 0.265
endloop
endfacet
facet normal 0 -1 0
outer loop
vertex 3.08 -2.13 1.015
vertex 3.08 -2.13 0.265
vertex 3.18 -2.13 1.015
endloop
endfacet
facet normal 0 -1 0
outer loop
vertex 3.08 -2.13 0.265
vertex 3.18 -2.13 0.265
vertex 3.18 -2.13 1.015
endloop
endfacet
facet normal 0 1 0
outer loop
vertex 3.18 -2.03 1.015
vertex 3.18 -2.03 0.265
vertex 3.08 -2.03 1.015
endloop
endfacet
facet normal 0 1 0
outer loop
vertex 3.18 -2.03 0.265
vertex 3.08 -2.03 0.265
vertex 3.08 -2.03 1.015
endloop
endfacet
facet normal 1 0 0
outer loop
vertex 3.61 -1.91 1.015
vertex 3.61 -1.91 0.265
vertex 3.61 -1.81 1.015
endloop
endfacet
facet normal 1 0 0
outer loop
vertex 3.61 -1.91 0.265
vertex 3.61 -1.81 0.265
vertex 3.61 -1.81 1.015
endloop
endfacet
facet normal -1 0 0
outer loop
vertex 3.51 -1.81 1.015
vertex 3.51 -1.81 0.265
vertex 3.51 -1.91 1.015
endloop
endfacet
facet normal -1 0 0
outer loop
vertex 3.51 -1.81 0.265
vertex 3.51 -1.91 0.265
vertex 3.51 -1.91 1.015
endloop
endfacet
facet normal 0 0 1
outer loop
vertex 3.51 -1.81 1.015
vertex 3.51 -1.91 1.015
vertex 3.61 -1.81 1.015
endloop
endfacet
facet normal 0 0 1
outer loop
vertex 3.51 -1.91 1.015
vertex 3.61 -1.91 1.015
vertex 3.61 -1.81 1.015
endloop
endfacet
facet normal 0 0 -1
outer loop
vertex 3.51 -1.91 0.265
vertex 3.51 -1.81 0.265
vertex 3.61 -1.91 0.265
endloop
endfacet
facet normal 0 0 -1
outer loop
vertex 3.51 -1.81 0.265
vertex 3.61 -1.81 0.265
vertex 3.61 -1.91 0.265
endloop
endfacet
facet normal 0 -1 0
outer loop
vertex 3.51 -1.91 1.015
vertex 3.51 -1.91 0.265
vertex 3.61 -1.91 1.015
endloop
endfacet
facet normal 0 -1 0
outer loop
vertex 3.51 -1.91 0.265
vertex 3.61 -1.91 0.265
vertex 3.61 -1.91 1.015
endloop
endfacet
facet normal 0 1 0
outer loop
vertex 3.61 -1.81 1.015
vertex 3.61 -1.81 0.265
vertex 3.51 -1.81 1.015
endloop
endfacet
facet normal 0 1 0
outer loop
vertex 3.61 -1.81 0.265
vertex 3.51 -1.81 0.265
vertex 3.51 -1.81 1.015
endloop
endfacet
facet normal 1 0 0
outer loop
vertex 4.04 -1.69 1.015
vertex 4.04 -1.69 0.265
vertex 4.04 -1.59 1.015
endloop
endfacet
facet normal 1 0 0
outer loop
vertex 4.04 -1.69 0.265
vertex 4.04 -1.59 0.265
vertex 4.04 -1.59 1.015
endloop
endfacet
facet normal -1 0 0
outer loop
vertex 3.94 -1.59 1.015
vertex 3.94 -1.59 0.265
vertex 3.94 -1.69 1.015
endloop
endfacet
facet normal -1 0 0
outer loop
vertex 3.94 -1.59 0.265
vertex 3.94 -1.69 0.265
vertex 3.94 -1.69 1.015
endloop
endfacet
facet normal 0 0 1
outer loop
vertex 3.94 -1.59 1.015
vertex 3.94 -1.69 1.015
vertex 4.04 -1.59 1.015
endloop
endfacet
facet normal 0 0 1
outer loop
vertex 3.94 -1.69 1.015
vertex 4.04 -1.69 1.015
vertex 4.04 -1.59 1.015
endloop
endfacet
facet normal 0 0 -1
outer loop
vertex 3.94 -1.69 0.265
vertex 3.94 -1.59 0.265
vertex 4.04 -1.69 0.265
endloop
endfacet
facet normal 0 0 -1
outer loop
vertex 3.94 -1.59 0.265
vertex 4.04 -1.59 0.265
vertex 4.04 -1.69 0.265
endloop
endfacet
facet normal 0 -1 0
outer loop
vertex 3.94 -1.69 1.015
vertex 3.94 -1.69 0.265
vertex 4.04 -1.69 1.015
endloop
endfacet
facet normal 0 -1 0
outer loop
vertex 3.94 -1.69 0.265
vertex 4.04 -1.69 0.265
vertex 4.04 -1.69 1.015
endloop
endfacet
facet normal 0 1 0
outer loop
vertex 4.04 -1.59 1.015
vertex 4.04 -1.59 0.265
vertex 3.94 -1.59 1.015
endloop
endfacet
facet normal 0 1 0
outer loop
vertex 4.04 -1.59 0.265
vertex 3.94 -1.59 0.265
vertex 3.94 -1.59 1.015
endloop
endfacet
facet normal 0.892 0.453 0
outer loop
vertex 4.094 -1.632 0.95
vertex 4.094 -1.632 0.87
vertex 4.057 -1.561 0.95
endloop
endfacet
facet normal 0.892 0.453 0
outer loop
vertex 4.094 -1.632 0.87
vertex 4.057 -1.561 0.87
vertex 4.057 -1.561 0.95
endloop
endfacet
facet normal -0.892 -0.453 0
outer loop
vertex 2.586 -2.308 0.95
vertex 2.586 -2.308 0.87
vertex 2.623 -2.379 0.95
endloop
endfacet
facet normal -0.892 -0.453 0
outer loop
vertex 2.586 -2.308 0.87
vertex 2.623 -2.379 0.87
vertex 2.623 -2.379 0.95
endloop
endfacet
facet normal 0 0 1
outer loop
vertex 2.586 -2.308 0.95
vertex 2.623 -2.379 0.95
vertex 4.057 -1.561 0.95
endloop
endfacet
facet normal 0 0 1
outer loop
vertex 2.623 -2.379 0.95
vertex 4.094 -1.632 0.95
vertex 4.057 -1.561 0.95
endloop
endfacet
facet normal 0 0 -1
outer loop
vertex 2.623 -2.379 0.87
vertex 2.586 -2.308 0.87
vertex 4.094 -1.632 0.87
endloop
endfacet
facet normal 0 0 -1
outer loop
vertex 2.586 -2.308 0.87
vertex 4.057 -1.561 0.87
vertex 4.094 -1.632 0.87
endloop
endfacet
facet normal 0.453 -0.892 0
outer loop
vertex 2.623 -2.379 0.95
vertex 2.623 -2.379 0.87
vertex 4.094 -1.632 0.95
endloop
endfacet
facet normal 0.453 -0.892 0
outer loop
vertex 2.623 -2.379 0.87
vertex 4.094 -1.632 0.87
vertex 4.094 -1.632 0.95
endloop
endfacet
facet normal -0.453 0.892 0
outer loop
vertex 4.057 -1.561 0.95
vertex 4.057 -1.561 0.87
vertex 2.586 -2.308 0.95
endloop
endfacet
facet normal -0.453 0.892 0
outer loop
vertex 4.057 -1.561 0.87
vertex 2.586 -2.308 0.87
vertex 2.586 -2.308 0.95
endloop
endfacet
endsolid sleepy_island
